id,name,national_dex_number,category,types,hp,attack,defense,sp_atk,sp_def,speed,evolution_prev,evolution_next,abilities,image_path,gender_ratio,created_at,form_image_paths
1,Bulbasaur,1,Seed Pokémon,"[""Grass"", ""Poison""]",45,49,49,65,65,45,,Ivysaur,"[{""name"": ""Overgrow"", ""is_hidden"": false}, {""name"": ""Chlorophyll"", ""is_hidden"": true}]",images/Bulbasaur.png,"{""male"": 87.5, ""female"": 12.5}",2026-02-28 03:16:50,
2,Ivysaur,2,Seed Pokémon,"[""Grass"", ""Poison""]",60,62,63,80,80,60,Bulbasaur,Venusaur,"[{""name"": ""Overgrow"", ""is_hidden"": false}, {""name"": ""Chlorophyll"", ""is_hidden"": true}]",images/Ivysaur.png,"{""male"": 87.5, ""female"": 12.5}",2026-02-28 03:16:50,
3,Venusaur,3,Seed Pokémon,"[""Grass"", ""Poison""]",80,82,83,100,100,80,Ivysaur,,"[{""name"": ""Overgrow"", ""is_hidden"": false}, {""name"": ""Chlorophyll"", ""is_hidden"": true}, {""name"": ""Thick Fat"", ""is_hidden"": false}]",images/Venusaur_Venusaur.png,"{""male"": 87.5, ""female"": 12.5}",2026-02-28 03:16:50,"{""Venusaur"": ""images/Venusaur_Venusaur.png"", ""Mega_Venusaur"": ""images/Venusaur_Mega_Venusaur.png""}"
4,Charmander,4,Lizard Pokémon,"[""Fire""]",39,52,43,60,50,65,,Charmeleon,"[{""name"": ""Blaze"", ""is_hidden"": false}, {""name"": ""Solar Power"", ""is_hidden"": true}]",images/Charmander.png,"{""male"": 87.5, ""female"": 12.5}",2026-02-28 03:16:50,
5,Charmeleon,5,Flame Pokémon,"[""Fire""]",58,64,58,80,65,80,Charmander,Charizard,"[{""name"": ""Blaze"", ""is_hidden"": false}, {""name"": ""Solar Power"", ""is_hidden"": true}]",images/Charmeleon.png,"{""male"": 87.5, ""female"": 12.5}",2026-02-28 03:16:50,
6,Charizard,6,Flame Pokémon,"[""Fire"", ""Flying""]",78,84,78,109,85,100,Charmeleon,,"[{""name"": ""Blaze"", ""is_hidden"": false}, {""name"": ""Solar Power"", ""is_hidden"": true}, {""name"": ""Tough Claws"", ""is_hidden"": false}, {""name"": ""Drought"", ""is_hidden"": false}]",images/Charizard_Charizard.png,"{""male"": 87.5, ""female"": 12.5}",2026-02-28 03:16:50,"{""Charizard"": ""images/Charizard_Charizard.png"", ""Mega_Charizard_X"": ""images/Charizard_Mega_Charizard_X.png"", ""Mega_Charizard_Y"": ""images/Charizard_Mega_Charizard_Y.png""}"
7,Squirtle,7,Tiny Turtle Pokémon,"[""Water""]",44,48,65,50,64,43,,Wartortle,"[{""name"": ""Torrent"", ""is_hidden"": false}, {""name"": ""Rain Dish"", ""is_hidden"": true}]",images/Squirtle.png,"{""male"": 87.5, ""female"": 12.5}",2026-02-28 03:16:50,
8,Wartortle,8,Turtle Pokémon,"[""Water""]",59,63,80,65,80,58,Squirtle,Blastoise,"[{""name"": ""Torrent"", ""is_hidden"": false}, {""name"": ""Rain Dish"", ""is_hidden"": true}]",images/Wartortle.png,"{""male"": 87.5, ""female"": 12.5}",2026-02-28 03:16:50,
9,Blastoise,9,Shellfish Pokémon,"[""Water""]",79,83,100,85,105,78,Wartortle,,"[{""name"": ""Torrent"", ""is_hidden"": false}, {""name"": ""Rain Dish"", ""is_hidden"": true}, {""name"": ""Mega Launcher"", ""is_hidden"": false}]",images/Blastoise_Blastoise.png,"{""male"": 87.5, ""female"": 12.5}",2026-02-28 03:16:50,"{""Blastoise"": ""images/Blastoise_Blastoise.png"", ""Mega_Blastoise"": ""images/Blastoise_Mega_Blastoise.png""}"
10,Caterpie,10,Worm Pokémon,"[""Bug""]",45,30,35,20,20,45,,Metapod,"[{""name"": ""Shield Dust"", ""is_hidden"": false}, {""name"": ""Run Away"", ""is_hidden"": true}]",images/Caterpie.png,"{""male"": 50.0, ""female"": 50.0}",2026-02-28 03:16:50,
11,Metapod,11,Cocoon Pokémon,"[""Bug""]",50,20,55,25,25,30,Caterpie,Butterfree,[],images/Metapod.png,"{""male"": 50.0, ""female"": 50.0}",2026-02-28 03:16:50,
12,Butterfree,12,Butterfly Pokémon,"[""Bug"", ""Flying""]",60,45,50,80,80,70,Metapod,,"[{""name"": ""Compound Eyes"", ""is_hidden"": false}, {""name"": ""Tinted Lens"", ""is_hidden"": true}]",images/Butterfree.png,"{""male"": 50.0, ""female"": 50.0}",2026-02-28 03:16:50,
13,Weedle,13,Hairy Bug Pokémon,"[""Bug"", ""Poison""]",40,35,30,20,20,50,,Kakuna,"[{""name"": ""Shield Dust"", ""is_hidden"": false}, {""name"": ""Run Away"", ""is_hidden"": true}]",images/Weedle.png,"{""male"": 50.0, ""female"": 50.0}",2026-02-28 03:16:50,
14,Kakuna,14,Cocoon Pokémon,"[""Bug"", ""Poison""]",45,25,50,25,25,35,Weedle,Beedrill,[],images/Kakuna.png,"{""male"": 50.0, ""female"": 50.0}",2026-02-28 03:16:50,
15,Beedrill,15,Poison Bee Pokémon,"[""Bug"", ""Poison""]",65,80,40,45,80,75,Kakuna,,"[{""name"": ""Swarm"", ""is_hidden"": false}, {""name"": ""Sniper"", ""is_hidden"": true}, {""name"": ""Adaptability"", ""is_hidden"": false}]",images/Beedrill_Beedrill.png,"{""male"": 50.0, ""female"": 50.0}",2026-02-28 03:16:50,"{""Beedrill"": ""images/Beedrill_Beedrill.png"", ""Mega_Beedrill"": ""images/Beedrill_Mega_Beedrill.png""}"
16,Pidgey,16,Tiny Bird Pokémon,"[""Normal"", ""Flying""]",40,45,40,35,35,56,,Pidgeotto,"[{""name"": ""Keen Eye"", ""is_hidden"": false}, {""name"": ""Tangled Feet"", ""is_hidden"": false}, {""name"": ""Gen IV+"", ""is_hidden"": false}, {""name"": ""Big Pecks"", ""is_hidden"": true}]",images/Pidgey.png,"{""male"": 50.0, ""female"": 50.0}",2026-02-28 03:16:50,
17,Pidgeotto,17,Bird Pokémon,"[""Normal"", ""Flying""]",63,60,55,50,50,71,Pidgey,Pidgeot,"[{""name"": ""Keen Eye"", ""is_hidden"": false}, {""name"": ""Tangled Feet"", ""is_hidden"": false}, {""name"": ""Gen IV+"", ""is_hidden"": false}, {""name"": ""Big Pecks"", ""is_hidden"": true}]",images/Pidgeotto.png,"{""male"": 50.0, ""female"": 50.0}",2026-02-28 03:16:50,
18,Pidgeot,18,Bird Pokémon,"[""Normal"", ""Flying""]",83,80,75,70,70,91,Pidgeotto,,"[{""name"": ""Keen Eye"", ""is_hidden"": false}, {""name"": ""Tangled Feet"", ""is_hidden"": false}, {""name"": ""Gen IV+"", ""is_hidden"": false}, {""name"": ""Big Pecks"", ""is_hidden"": true}, {""name"": ""No Guard"", ""is_hidden"": false}]",images/Pidgeot_Pidgeot.png,"{""male"": 50.0, ""female"": 50.0}",2026-02-28 03:16:50,"{""Pidgeot"": ""images/Pidgeot_Pidgeot.png"", ""Mega_Pidgeot"": ""images/Pidgeot_Mega_Pidgeot.png""}"
19,Rattata,19,Mouse Pokémon,"[""Normal"", ""Dark""]",30,56,35,25,35,72,,Raticate,"[{""name"": ""Run Away"", ""is_hidden"": false}, {""name"": ""Guts"", ""is_hidden"": false}, {""name"": ""Gluttony"", ""is_hidden"": false}, {""name"": ""Hustle"", ""is_hidden"": false}, {""name"": ""Hustle"", ""is_hidden"": true}, {""name"": ""Thick Fat"", ""is_hidden"": true}]",images/Rattata.png,"{""male"": 50.0, ""female"": 50.0}",2026-02-28 03:16:50,
20,Raticate,20,Mouse Pokémon,"[""Normal"", ""Dark""]",55,81,60,50,70,97,Rattata,Rattata (Alolan),"[{""name"": ""Run Away"", ""is_hidden"": false}, {""name"": ""Guts"", ""is_hidden"": false}, {""name"": ""Gluttony"", ""is_hidden"": false}, {""name"": ""Hustle"", ""is_hidden"": false}, {""name"": ""Hustle"", ""is_hidden"": true}, {""name"": ""Thick Fat"", ""is_hidden"": true}]",images/Raticate.png,"{""male"": 50.0, ""female"": 50.0}",2026-02-28 03:16:50,
21,Spearow,21,Tiny Bird Pokémon,"[""Normal"", ""Flying""]",40,60,30,31,31,70,,Fearow,"[{""name"": ""Keen Eye"", ""is_hidden"": false}, {""name"": ""Sniper"", ""is_hidden"": true}]",images/Spearow.png,"{""male"": 50.0, ""female"": 50.0}",2026-02-28 03:16:50,
22,Fearow,22,Beak Pokémon,"[""Normal"", ""Flying""]",65,90,65,61,61,100,Spearow,,"[{""name"": ""Keen Eye"", ""is_hidden"": false}, {""name"": ""Sniper"", ""is_hidden"": true}]",images/Fearow.png,"{""male"": 50.0, ""female"": 50.0}",2026-02-28 03:16:50,
23,Ekans,23,Snake Pokémon,"[""Poison""]",35,60,44,40,54,55,,Arbok,"[{""name"": ""Intimidate"", ""is_hidden"": false}, {""name"": ""Shed Skin"", ""is_hidden"": false}, {""name"": ""Unnerve"", ""is_hidden"": true}]",images/Ekans.png,"{""male"": 50.0, ""female"": 50.0}",2026-02-28 03:16:50,
24,Arbok,24,Cobra Pokémon,"[""Poison""]",60,85,69,65,79,80,Ekans,,"[{""name"": ""Intimidate"", ""is_hidden"": false}, {""name"": ""Shed Skin"", ""is_hidden"": false}, {""name"": ""Unnerve"", ""is_hidden"": true}]",images/Arbok.png,"{""male"": 50.0, ""female"": 50.0}",2026-02-28 03:16:50,
25,Pikachu,25,Mouse Pokémon,"[""Electric""]",35,55,30,50,40,90,Pichu,Raichu,"[{""name"": ""Static"", ""is_hidden"": false}, {""name"": ""Lightning Rod"", ""is_hidden"": true}]",images/Pikachu.png,"{""male"": 50.0, ""female"": 50.0}",2026-02-28 03:16:50,
26,Raichu,26,Mouse Pokémon,"[""Electric"", ""Psychic""]",60,90,55,90,80,100,Pikachu,Raichu (Alolan),"[{""name"": ""Static"", ""is_hidden"": false}, {""name"": ""Surge Surfer"", ""is_hidden"": false}, {""name"": ""Lightning Rod"", ""is_hidden"": true}]",images/Raichu_Raichu.png,"{""male"": 50.0, ""female"": 50.0}",2026-02-28 03:16:50,"{""Raichu"": ""images/Raichu_Raichu.png"", ""Mega_Raichu_X"": ""images/Raichu_Mega_Raichu_X.png"", ""Mega_Raichu_Y"": ""images/Raichu_Mega_Raichu_Y.png""}"
27,Sandshrew,27,Mouse Pokémon,"[""Ground"", ""Ice""]",50,75,85,20,30,40,,Sandslash,"[{""name"": ""Sand Veil"", ""is_hidden"": false}, {""name"": ""Snow Cloak"", ""is_hidden"": false}, {""name"": ""Sand Rush"", ""is_hidden"": true}, {""name"": ""Slush Rush"", ""is_hidden"": true}]",images/Sandshrew.png,"{""male"": 50.0, ""female"": 50.0}",2026-02-28 03:16:50,
28,Sandslash,28,Mouse Pokémon,"[""Ground"", ""Ice""]",75,100,110,45,55,65,Sandshrew,Sandshrew (Alolan),"[{""name"": ""Sand Veil"", ""is_hidden"": false}, {""name"": ""Snow Cloak"", ""is_hidden"": false}, {""name"": ""Sand Rush"", ""is_hidden"": true}, {""name"": ""Slush Rush"", ""is_hidden"": true}]",images/Sandslash.png,"{""male"": 50.0, ""female"": 50.0}",2026-02-28 03:16:50,
29,Nidoran♀,29,Poison Pin Pokémon,"[""Poison""]",55,47,52,40,40,41,,Nidorina,"[{""name"": ""Poison Point"", ""is_hidden"": false}, {""name"": ""Rivalry"", ""is_hidden"": false}, {""name"": ""Gen IV+"", ""is_hidden"": false}, {""name"": ""Hustle"", ""is_hidden"": true}]",images/Nidoran_female.png,"{""male"": null, ""female"": 100.0}",2026-02-28 03:16:50,
30,Nidorina,30,Poison Pin Pokémon,"[""Poison""]",70,62,67,55,55,56,Nidoran♀,Nidoqueen,"[{""name"": ""Poison Point"", ""is_hidden"": false}, {""name"": ""Rivalry"", ""is_hidden"": false}, {""name"": ""Gen IV+"", ""is_hidden"": false}, {""name"": ""Hustle"", ""is_hidden"": true}]",images/Nidorina.png,"{""male"": null, ""female"": 100.0}",2026-02-28 03:16:50,
31,Nidoqueen,31,Drill Pokémon,"[""Poison"", ""Ground""]",90,82,87,75,85,76,Nidorina,,"[{""name"": ""Poison Point"", ""is_hidden"": false}, {""name"": ""Rivalry"", ""is_hidden"": false}, {""name"": ""Gen IV+"", ""is_hidden"": false}, {""name"": ""Sheer Force"", ""is_hidden"": true}]",images/Nidoqueen.png,"{""male"": null, ""female"": 100.0}",2026-02-28 03:16:50,
32,Nidoran♂,32,Poison Pin Pokémon,"[""Poison""]",46,57,40,40,40,50,,Nidorino,"[{""name"": ""Poison Point"", ""is_hidden"": false}, {""name"": ""Rivalry"", ""is_hidden"": false}, {""name"": ""Gen IV+"", ""is_hidden"": false}, {""name"": ""Hustle"", ""is_hidden"": true}]",images/Nidoran_male.png,"{""male"": 100.0, ""female"": null}",2026-02-28 03:16:50,
33,Nidorino,33,Poison Pin Pokémon,"[""Poison""]",61,72,57,55,55,65,Nidoran♂,Nidoking,"[{""name"": ""Poison Point"", ""is_hidden"": false}, {""name"": ""Rivalry"", ""is_hidden"": false}, {""name"": ""Gen IV+"", ""is_hidden"": false}, {""name"": ""Hustle"", ""is_hidden"": true}]",images/Nidorino.png,"{""male"": 100.0, ""female"": null}",2026-02-28 03:16:50,
34,Nidoking,34,Drill Pokémon,"[""Poison"", ""Ground""]",81,92,77,85,75,85,Nidorino,,"[{""name"": ""Poison Point"", ""is_hidden"": false}, {""name"": ""Rivalry"", ""is_hidden"": false}, {""name"": ""Gen IV+"", ""is_hidden"": false}, {""name"": ""Sheer Force"", ""is_hidden"": true}]",images/Nidoking.png,"{""male"": 100.0, ""female"": null}",2026-02-28 03:16:50,
35,Clefairy,35,Fairy Pokémon,"[""Fairy""]",70,45,48,60,65,35,Cleffa,Clefable,"[{""name"": ""Cute Charm"", ""is_hidden"": false}, {""name"": ""Magic Guard"", ""is_hidden"": false}, {""name"": ""Gen IV+"", ""is_hidden"": false}, {""name"": ""Friend Guard"", ""is_hidden"": true}]",images/Clefairy.png,"{""male"": 25.0, ""female"": 75.0}",2026-02-28 03:16:50,
36,Clefable,36,Fairy Pokémon,"[""Fairy"", ""Flying""]",95,70,73,85,90,60,Clefairy,,"[{""name"": ""Cute Charm"", ""is_hidden"": false}, {""name"": ""Magic Guard"", ""is_hidden"": false}, {""name"": ""Gen IV+"", ""is_hidden"": false}, {""name"": ""Unaware"", ""is_hidden"": true}]",images/Clefable_Clefable.png,"{""male"": 25.0, ""female"": 75.0}",2026-02-28 03:16:50,"{""Clefable"": ""images/Clefable_Clefable.png"", ""Mega_Clefable"": ""images/Clefable_Mega_Clefable.png""}"
37,Vulpix,37,Fox Pokémon,"[""Fire"", ""Ice""]",38,41,40,50,65,65,,Ninetales,"[{""name"": ""Flash Fire"", ""is_hidden"": false}, {""name"": ""Snow Cloak"", ""is_hidden"": false}, {""name"": ""Drought"", ""is_hidden"": true}, {""name"": ""Snow Warning"", ""is_hidden"": true}]",images/Vulpix.png,"{""male"": 25.0, ""female"": 75.0}",2026-02-28 03:16:50,
38,Ninetales,38,Fox Pokémon,"[""Fire"", ""Ice""]",73,76,75,81,100,100,Vulpix,Vulpix (Alolan),"[{""name"": ""Flash Fire"", ""is_hidden"": false}, {""name"": ""Snow Cloak"", ""is_hidden"": false}, {""name"": ""Drought"", ""is_hidden"": true}, {""name"": ""Snow Warning"", ""is_hidden"": true}]",images/Ninetales.png,"{""male"": 25.0, ""female"": 75.0}",2026-02-28 03:16:50,
39,Jigglypuff,39,Balloon Pokémon,"[""Normal"", ""Fairy""]",115,45,20,45,25,20,Igglybuff,Wigglytuff,"[{""name"": ""Cute Charm"", ""is_hidden"": false}, {""name"": ""Competitive"", ""is_hidden"": false}, {""name"": ""Gen VI+"", ""is_hidden"": false}, {""name"": ""Friend Guard"", ""is_hidden"": true}]",images/Jigglypuff.png,"{""male"": 25.0, ""female"": 75.0}",2026-02-28 03:16:50,
40,Wigglytuff,40,Balloon Pokémon,"[""Normal"", ""Fairy""]",140,70,45,75,50,45,Jigglypuff,,"[{""name"": ""Cute Charm"", ""is_hidden"": false}, {""name"": ""Competitive"", ""is_hidden"": false}, {""name"": ""Gen VI+"", ""is_hidden"": false}, {""name"": ""Frisk"", ""is_hidden"": true}]",images/Wigglytuff.png,"{""male"": 25.0, ""female"": 75.0}",2026-02-28 03:16:50,
41,Zubat,41,Bat Pokémon,"[""Poison"", ""Flying""]",40,45,35,30,40,55,,Golbat,"[{""name"": ""Inner Focus"", ""is_hidden"": false}, {""name"": ""Infiltrator"", ""is_hidden"": true}]",images/Zubat.png,"{""male"": 50.0, ""female"": 50.0}",2026-02-28 03:16:50,
42,Golbat,42,Bat Pokémon,"[""Poison"", ""Flying""]",75,80,70,65,75,90,Zubat,Crobat,"[{""name"": ""Inner Focus"", ""is_hidden"": false}, {""name"": ""Infiltrator"", ""is_hidden"": true}]",images/Golbat.png,"{""male"": 50.0, ""female"": 50.0}",2026-02-28 03:16:50,
43,Oddish,43,Weed Pokémon,"[""Grass"", ""Poison""]",45,50,55,75,65,30,,Gloom,"[{""name"": ""Chlorophyll"", ""is_hidden"": false}, {""name"": ""Run Away"", ""is_hidden"": true}]",images/Oddish.png,"{""male"": 50.0, ""female"": 50.0}",2026-02-28 03:16:50,
44,Gloom,44,Weed Pokémon,"[""Grass"", ""Poison""]",60,65,70,85,75,40,Oddish,Vileplume,"[{""name"": ""Chlorophyll"", ""is_hidden"": false}, {""name"": ""Stench"", ""is_hidden"": true}]",images/Gloom.png,"{""male"": 50.0, ""female"": 50.0}",2026-02-28 03:16:50,
45,Vileplume,45,Flower Pokémon,"[""Grass"", ""Poison""]",75,80,85,100,90,50,,,"[{""name"": ""Chlorophyll"", ""is_hidden"": false}, {""name"": ""Effect Spore"", ""is_hidden"": true}]",images/Vileplume.png,"{""male"": 50.0, ""female"": 50.0}",2026-02-28 03:16:50,
46,Paras,46,Mushroom Pokémon,"[""Bug"", ""Grass""]",35,70,55,45,55,25,,Parasect,"[{""name"": ""Effect Spore"", ""is_hidden"": false}, {""name"": ""Dry Skin"", ""is_hidden"": false}, {""name"": ""Gen IV+"", ""is_hidden"": false}, {""name"": ""Damp"", ""is_hidden"": true}]",images/Paras.png,"{""male"": 50.0, ""female"": 50.0}",2026-02-28 03:16:50,
47,Parasect,47,Mushroom Pokémon,"[""Bug"", ""Grass""]",60,95,80,60,80,30,Paras,,"[{""name"": ""Effect Spore"", ""is_hidden"": false}, {""name"": ""Dry Skin"", ""is_hidden"": false}, {""name"": ""Gen IV+"", ""is_hidden"": false}, {""name"": ""Damp"", ""is_hidden"": true}]",images/Parasect.png,"{""male"": 50.0, ""female"": 50.0}",2026-02-28 03:16:50,
48,Venonat,48,Insect Pokémon,"[""Bug"", ""Poison""]",60,55,50,40,55,45,,Venomoth,"[{""name"": ""Compound Eyes"", ""is_hidden"": false}, {""name"": ""Tinted Lens"", ""is_hidden"": false}, {""name"": ""Gen IV+"", ""is_hidden"": false}, {""name"": ""Run Away"", ""is_hidden"": true}]",images/Venonat.png,"{""male"": 50.0, ""female"": 50.0}",2026-02-28 03:16:50,
49,Venomoth,49,Poison Moth Pokémon,"[""Bug"", ""Poison""]",70,65,60,90,75,90,Venonat,,"[{""name"": ""Shield Dust"", ""is_hidden"": false}, {""name"": ""Tinted Lens"", ""is_hidden"": false}, {""name"": ""Gen IV+"", ""is_hidden"": false}, {""name"": ""Wonder Skin"", ""is_hidden"": true}]",images/Venomoth.png,"{""male"": 50.0, ""female"": 50.0}",2026-02-28 03:16:50,
50,Diglett,50,Mole Pokémon,"[""Ground"", ""Steel""]",10,55,25,35,45,95,,Dugtrio,"[{""name"": ""Sand Veil"", ""is_hidden"": false}, {""name"": ""Arena Trap"", ""is_hidden"": false}, {""name"": ""Tangling Hair"", ""is_hidden"": false}, {""name"": ""Sand Force"", ""is_hidden"": true}]",images/Diglett.png,"{""male"": 50.0, ""female"": 50.0}",2026-02-28 03:16:50,
51,Dugtrio,51,Mole Pokémon,"[""Ground"", ""Steel""]",35,80,50,50,70,120,Diglett,Diglett (Alolan),"[{""name"": ""Sand Veil"", ""is_hidden"": false}, {""name"": ""Arena Trap"", ""is_hidden"": false}, {""name"": ""Tangling Hair"", ""is_hidden"": false}, {""name"": ""Sand Force"", ""is_hidden"": true}]",images/Dugtrio.png,"{""male"": 50.0, ""female"": 50.0}",2026-02-28 03:16:50,
52,Meowth,52,Scratch Cat Pokémon,"[""Normal"", ""Dark""]",40,45,35,40,40,90,,Persian,"[{""name"": ""Pickup"", ""is_hidden"": false}, {""name"": ""Technician"", ""is_hidden"": false}, {""name"": ""Gen IV+"", ""is_hidden"": false}, {""name"": ""Tough Claws"", ""is_hidden"": false}, {""name"": ""Unnerve"", ""is_hidden"": true}, {""name"": ""Rattled"", ""is_hidden"": true}]",images/Meowth_Meowth.png,"{""male"": 50.0, ""female"": 50.0}",2026-02-28 03:16:50,"{""Meowth"": ""images/Meowth_Meowth.png"", ""Other_forms_may_have_other_shapes"": ""images/Meowth_Other_forms_may_have_other_shapes.png""}"
53,Persian,53,Classy Cat Pokémon,"[""Normal"", ""Dark""]",65,70,60,65,65,115,Meowth,Meowth (Alolan),"[{""name"": ""Limber"", ""is_hidden"": false}, {""name"": ""Technician"", ""is_hidden"": false}, {""name"": ""Gen IV+"", ""is_hidden"": false}, {""name"": ""Fur Coat"", ""is_hidden"": false}, {""name"": ""Unnerve"", ""is_hidden"": true}, {""name"": ""Rattled"", ""is_hidden"": true}]",images/Persian.png,"{""male"": 50.0, ""female"": 50.0}",2026-02-28 03:16:50,
54,Psyduck,54,Duck Pokémon,"[""Water""]",50,52,48,65,50,55,,Golduck,"[{""name"": ""Damp"", ""is_hidden"": false}, {""name"": ""Cloud Nine"", ""is_hidden"": false}, {""name"": ""Swift Swim"", ""is_hidden"": true}]",images/Psyduck.png,"{""male"": 50.0, ""female"": 50.0}",2026-02-28 03:16:50,
55,Golduck,55,Duck Pokémon,"[""Water""]",80,82,78,95,80,85,Psyduck,,"[{""name"": ""Damp"", ""is_hidden"": false}, {""name"": ""Cloud Nine"", ""is_hidden"": false}, {""name"": ""Swift Swim"", ""is_hidden"": true}]",images/Golduck.png,"{""male"": 50.0, ""female"": 50.0}",2026-02-28 03:16:50,
56,Mankey,56,Pig Monkey Pokémon,"[""Fighting""]",40,80,35,35,45,70,,Primeape,"[{""name"": ""Vital Spirit"", ""is_hidden"": false}, {""name"": ""Anger Point"", ""is_hidden"": false}, {""name"": ""Gen IV+"", ""is_hidden"": false}, {""name"": ""Defiant"", ""is_hidden"": true}]",images/Mankey.png,"{""male"": 50.0, ""female"": 50.0}",2026-02-28 03:16:50,
57,Primeape,57,Pig Monkey Pokémon,"[""Fighting""]",65,105,60,60,70,95,Mankey,Annihilape,"[{""name"": ""Vital Spirit"", ""is_hidden"": false}, {""name"": ""Anger Point"", ""is_hidden"": false}, {""name"": ""Gen IV+"", ""is_hidden"": false}, {""name"": ""Defiant"", ""is_hidden"": true}]",images/Primeape.png,"{""male"": 50.0, ""female"": 50.0}",2026-02-28 03:16:50,
58,Growlithe,58,Puppy PokémonScout Pokémon,"[""Fire"", ""Rock""]",55,70,45,70,50,60,,Arcanine,"[{""name"": ""Intimidate"", ""is_hidden"": false}, {""name"": ""Flash Fire"", ""is_hidden"": false}, {""name"": ""Justified"", ""is_hidden"": true}, {""name"": ""Rock Head"", ""is_hidden"": true}]",images/Growlithe.png,"{""male"": 75.0, ""female"": 25.0}",2026-02-28 03:16:50,
59,Arcanine,59,Legendary Pokémon,"[""Fire"", ""Rock""]",90,110,80,100,80,95,Growlithe,Growlithe (Hisuian),"[{""name"": ""Intimidate"", ""is_hidden"": false}, {""name"": ""Flash Fire"", ""is_hidden"": false}, {""name"": ""Justified"", ""is_hidden"": true}, {""name"": ""Rock Head"", ""is_hidden"": true}]",images/Arcanine.png,"{""male"": 75.0, ""female"": 25.0}",2026-02-28 03:16:50,
60,Poliwag,60,Tadpole Pokémon,"[""Water""]",40,50,40,40,40,90,,Poliwhirl,"[{""name"": ""Water Absorb"", ""is_hidden"": false}, {""name"": ""Damp"", ""is_hidden"": false}, {""name"": ""Swift Swim"", ""is_hidden"": true}]",images/Poliwag.png,"{""male"": 50.0, ""female"": 50.0}",2026-02-28 03:16:50,
61,Poliwhirl,61,Tadpole Pokémon,"[""Water""]",65,65,65,50,50,90,Poliwag,Poliwrath,"[{""name"": ""Water Absorb"", ""is_hidden"": false}, {""name"": ""Damp"", ""is_hidden"": false}, {""name"": ""Swift Swim"", ""is_hidden"": true}]",images/Poliwhirl.png,"{""male"": 50.0, ""female"": 50.0}",2026-02-28 03:16:50,
62,Poliwrath,62,Tadpole Pokémon,"[""Water"", ""Fighting""]",90,85,95,70,90,70,Poliwhirl,,"[{""name"": ""Water Absorb"", ""is_hidden"": false}, {""name"": ""Damp"", ""is_hidden"": false}, {""name"": ""Swift Swim"", ""is_hidden"": true}]",images/Poliwrath.png,"{""male"": 50.0, ""female"": 50.0}",2026-02-28 03:16:50,
63,Abra,63,Psi Pokémon,"[""Psychic""]",25,20,15,105,55,90,,Kadabra,"[{""name"": ""Synchronize"", ""is_hidden"": false}, {""name"": ""Inner Focus"", ""is_hidden"": false}, {""name"": ""Magic Guard"", ""is_hidden"": true}]",images/Abra.png,"{""male"": 75.0, ""female"": 25.0}",2026-02-28 03:16:50,
64,Kadabra,64,Psi Pokémon,"[""Psychic""]",40,35,30,120,70,105,Abra,Alakazam,"[{""name"": ""Synchronize"", ""is_hidden"": false}, {""name"": ""Inner Focus"", ""is_hidden"": false}, {""name"": ""Magic Guard"", ""is_hidden"": true}]",images/Kadabra.png,"{""male"": 75.0, ""female"": 25.0}",2026-02-28 03:16:50,
65,Alakazam,65,Psi Pokémon,"[""Psychic""]",55,50,45,135,85,120,Kadabra,,"[{""name"": ""Synchronize"", ""is_hidden"": false}, {""name"": ""Inner Focus"", ""is_hidden"": false}, {""name"": ""Magic Guard"", ""is_hidden"": true}, {""name"": ""Trace"", ""is_hidden"": false}]",images/Alakazam_Alakazam.png,"{""male"": 75.0, ""female"": 25.0}",2026-02-28 03:16:50,"{""Alakazam"": ""images/Alakazam_Alakazam.png"", ""Mega_Alakazam"": ""images/Alakazam_Mega_Alakazam.png""}"
66,Machop,66,Superpower Pokémon,"[""Fighting""]",70,80,50,35,35,35,,Machoke,"[{""name"": ""Guts"", ""is_hidden"": false}, {""name"": ""No Guard"", ""is_hidden"": false}, {""name"": ""Gen IV+"", ""is_hidden"": false}, {""name"": ""Steadfast"", ""is_hidden"": true}]",images/Machop.png,"{""male"": 75.0, ""female"": 25.0}",2026-02-28 03:16:50,
67,Machoke,67,Superpower Pokémon,"[""Fighting""]",80,100,70,50,60,45,Machop,Machamp,"[{""name"": ""Guts"", ""is_hidden"": false}, {""name"": ""No Guard"", ""is_hidden"": false}, {""name"": ""Gen IV+"", ""is_hidden"": false}, {""name"": ""Steadfast"", ""is_hidden"": true}]",images/Machoke.png,"{""male"": 75.0, ""female"": 25.0}",2026-02-28 03:16:50,
68,Machamp,68,Superpower Pokémon,"[""Fighting""]",90,130,80,65,85,55,Machoke,,"[{""name"": ""Guts"", ""is_hidden"": false}, {""name"": ""No Guard"", ""is_hidden"": false}, {""name"": ""Gen IV+"", ""is_hidden"": false}, {""name"": ""Steadfast"", ""is_hidden"": true}]",images/Machamp.png,"{""male"": 75.0, ""female"": 25.0}",2026-02-28 03:16:50,
69,Bellsprout,69,Flower Pokémon,"[""Grass"", ""Poison""]",50,75,35,70,30,40,,Weepinbell,"[{""name"": ""Chlorophyll"", ""is_hidden"": false}, {""name"": ""Gluttony"", ""is_hidden"": true}]",images/Bellsprout.png,"{""male"": 50.0, ""female"": 50.0}",2026-02-28 03:16:50,
70,Weepinbell,70,Flycatcher Pokémon,"[""Grass"", ""Poison""]",65,90,50,85,45,55,Bellsprout,Victreebel,"[{""name"": ""Chlorophyll"", ""is_hidden"": false}, {""name"": ""Gluttony"", ""is_hidden"": true}]",images/Weepinbell.png,"{""male"": 50.0, ""female"": 50.0}",2026-02-28 03:16:50,
71,Victreebel,71,Flycatcher Pokémon,"[""Grass"", ""Poison""]",80,105,65,100,60,70,Weepinbell,,"[{""name"": ""Chlorophyll"", ""is_hidden"": false}, {""name"": ""Gluttony"", ""is_hidden"": true}]",images/Victreebel_Victreebel.png,"{""male"": 50.0, ""female"": 50.0}",2026-02-28 03:16:50,"{""Victreebel"": ""images/Victreebel_Victreebel.png"", ""Mega_Victreebel"": ""images/Victreebel_Mega_Victreebel.png""}"
72,Tentacool,72,Jellyfish Pokémon,"[""Water"", ""Poison""]",40,40,35,50,100,70,,Tentacruel,"[{""name"": ""Clear Body"", ""is_hidden"": false}, {""name"": ""Liquid Ooze"", ""is_hidden"": false}, {""name"": ""Rain Dish"", ""is_hidden"": true}]",images/Tentacool.png,"{""male"": 50.0, ""female"": 50.0}",2026-02-28 03:16:50,
73,Tentacruel,73,Jellyfish Pokémon,"[""Water"", ""Poison""]",80,70,65,80,120,100,Tentacool,,"[{""name"": ""Clear Body"", ""is_hidden"": false}, {""name"": ""Liquid Ooze"", ""is_hidden"": false}, {""name"": ""Rain Dish"", ""is_hidden"": true}]",images/Tentacruel.png,"{""male"": 50.0, ""female"": 50.0}",2026-02-28 03:16:50,
74,Geodude,74,Rock Pokémon,"[""Rock"", ""Ground""]",40,80,100,30,30,20,,Graveler,"[{""name"": ""Rock Head"", ""is_hidden"": false}, {""name"": ""Sturdy"", ""is_hidden"": false}, {""name"": ""Magnet Pull"", ""is_hidden"": false}, {""name"": ""Sand Veil"", ""is_hidden"": true}, {""name"": ""Galvanize"", ""is_hidden"": true}]",images/Geodude.png,"{""male"": 50.0, ""female"": 50.0}",2026-02-28 03:16:50,
75,Graveler,75,Rock Pokémon,"[""Rock"", ""Ground""]",55,95,115,45,45,35,Geodude,Golem,"[{""name"": ""Rock Head"", ""is_hidden"": false}, {""name"": ""Sturdy"", ""is_hidden"": false}, {""name"": ""Magnet Pull"", ""is_hidden"": false}, {""name"": ""Sand Veil"", ""is_hidden"": true}, {""name"": ""Galvanize"", ""is_hidden"": true}]",images/Graveler.png,"{""male"": 50.0, ""female"": 50.0}",2026-02-28 03:16:50,
76,Golem,76,Megaton Pokémon,"[""Rock"", ""Ground""]",80,110,130,55,65,45,Graveler,Geodude (Alolan),"[{""name"": ""Rock Head"", ""is_hidden"": false}, {""name"": ""Sturdy"", ""is_hidden"": false}, {""name"": ""Magnet Pull"", ""is_hidden"": false}, {""name"": ""Sand Veil"", ""is_hidden"": true}, {""name"": ""Galvanize"", ""is_hidden"": true}]",images/Golem.png,"{""male"": 50.0, ""female"": 50.0}",2026-02-28 03:16:50,
77,Ponyta,77,Fire Horse PokémonUnique Horn Pokémon,"[""Fire"", ""Psychic""]",50,85,55,65,65,90,,Rapidash,"[{""name"": ""Run Away"", ""is_hidden"": false}, {""name"": ""Flash Fire"", ""is_hidden"": false}, {""name"": ""Pastel Veil"", ""is_hidden"": false}, {""name"": ""Flame Body"", ""is_hidden"": true}, {""name"": ""Anticipation"", ""is_hidden"": true}]",images/Ponyta.png,"{""male"": 50.0, ""female"": 50.0}",2026-02-28 03:16:50,
78,Rapidash,78,Fire Horse PokémonUnique Horn Pokémon,"[""Fire"", ""Psychic""]",65,100,70,80,80,105,Ponyta,Ponyta (Galarian),"[{""name"": ""Run Away"", ""is_hidden"": false}, {""name"": ""Flash Fire"", ""is_hidden"": false}, {""name"": ""Pastel Veil"", ""is_hidden"": false}, {""name"": ""Flame Body"", ""is_hidden"": true}, {""name"": ""Anticipation"", ""is_hidden"": true}]",images/Rapidash.png,"{""male"": 50.0, ""female"": 50.0}",2026-02-28 03:16:50,
79,Slowpoke,79,Dopey Pokémon,"[""Water"", ""Psychic""]",90,65,65,40,40,15,,Slowbro,"[{""name"": ""Oblivious"", ""is_hidden"": false}, {""name"": ""Own Tempo"", ""is_hidden"": false}, {""name"": ""Gluttony"", ""is_hidden"": false}, {""name"": ""Regenerator"", ""is_hidden"": true}]",images/Slowpoke.png,"{""male"": 50.0, ""female"": 50.0}",2026-02-28 03:16:50,
80,Slowbro,80,Hermit Crab Pokémon,"[""Water"", ""Psychic""]",95,75,110,100,80,30,Slowpoke,Slowpoke (Galarian),"[{""name"": ""Oblivious"", ""is_hidden"": false}, {""name"": ""Own Tempo"", ""is_hidden"": false}, {""name"": ""Quick Draw"", ""is_hidden"": false}, {""name"": ""Regenerator"", ""is_hidden"": true}, {""name"": ""Shell Armor"", ""is_hidden"": false}]",images/Slowbro_Slowbro.png,"{""male"": 50.0, ""female"": 50.0}",2026-02-28 03:16:50,"{""Slowbro"": ""images/Slowbro_Slowbro.png"", ""Mega_Slowbro"": ""images/Slowbro_Mega_Slowbro.png"", ""Other_forms_may_have_other_shapes"": ""images/Slowbro_Other_forms_may_have_other_shapes.png""}"
81,Magnemite,81,Magnet Pokémon,"[""Electric"", ""Steel""]",25,35,70,95,55,45,,Magneton,"[{""name"": ""Magnet Pull"", ""is_hidden"": false}, {""name"": ""Sturdy"", ""is_hidden"": false}, {""name"": ""Analytic"", ""is_hidden"": true}]",images/Magnemite.png,,2026-02-28 03:16:50,
82,Magneton,82,Magnet Pokémon,"[""Electric"", ""Steel""]",50,60,95,120,70,70,Magnemite,Magnezone,"[{""name"": ""Magnet Pull"", ""is_hidden"": false}, {""name"": ""Sturdy"", ""is_hidden"": false}, {""name"": ""Analytic"", ""is_hidden"": true}]",images/Magneton.png,,2026-02-28 03:16:50,
83,Farfetch'd,83,Wild Duck Pokémon,"[""Normal"", ""Flying""]",52,65,55,58,62,60,,Sirfetch'd,"[{""name"": ""Keen Eye"", ""is_hidden"": false}, {""name"": ""Inner Focus"", ""is_hidden"": false}, {""name"": ""Steadfast"", ""is_hidden"": false}, {""name"": ""Defiant"", ""is_hidden"": true}, {""name"": ""Scrappy"", ""is_hidden"": true}]",images/Farfetchd.png,"{""male"": 50.0, ""female"": 50.0}",2026-02-28 03:16:50,
84,Doduo,84,Twin Bird Pokémon,"[""Normal"", ""Flying""]",35,85,45,35,35,75,,Dodrio,"[{""name"": ""Run Away"", ""is_hidden"": false}, {""name"": ""Early Bird"", ""is_hidden"": false}, {""name"": ""Tangled Feet"", ""is_hidden"": true}]",images/Doduo.png,"{""male"": 50.0, ""female"": 50.0}",2026-02-28 03:16:50,
85,Dodrio,85,Triple Bird Pokémon,"[""Normal"", ""Flying""]",60,110,70,60,60,100,Doduo,,"[{""name"": ""Run Away"", ""is_hidden"": false}, {""name"": ""Early Bird"", ""is_hidden"": false}, {""name"": ""Tangled Feet"", ""is_hidden"": true}]",images/Dodrio.png,"{""male"": 50.0, ""female"": 50.0}",2026-02-28 03:16:50,
86,Seel,86,Sea Lion Pokémon,"[""Water""]",65,45,55,45,70,45,,Dewgong,"[{""name"": ""Thick Fat"", ""is_hidden"": false}, {""name"": ""Hydration"", ""is_hidden"": false}, {""name"": ""Gen IV+"", ""is_hidden"": false}, {""name"": ""Ice Body"", ""is_hidden"": true}]",images/Seel.png,"{""male"": 50.0, ""female"": 50.0}",2026-02-28 03:16:50,
87,Dewgong,87,Sea Lion Pokémon,"[""Water"", ""Ice""]",90,70,80,70,95,70,Seel,,"[{""name"": ""Thick Fat"", ""is_hidden"": false}, {""name"": ""Hydration"", ""is_hidden"": false}, {""name"": ""Gen IV+"", ""is_hidden"": false}, {""name"": ""Ice Body"", ""is_hidden"": true}]",images/Dewgong.png,"{""male"": 50.0, ""female"": 50.0}",2026-02-28 03:16:50,
88,Grimer,88,Sludge Pokémon,"[""Poison"", ""Dark""]",80,80,50,40,50,25,,Muk,"[{""name"": ""Stench"", ""is_hidden"": false}, {""name"": ""Sticky Hold"", ""is_hidden"": false}, {""name"": ""Poison Touch"", ""is_hidden"": false}, {""name"": ""Gluttony"", ""is_hidden"": false}, {""name"": ""Poison Touch"", ""is_hidden"": true}, {""name"": ""Power of Alchemy"", ""is_hidden"": true}]",images/Grimer.png,"{""male"": 50.0, ""female"": 50.0}",2026-02-28 03:16:50,
89,Muk,89,Sludge Pokémon,"[""Poison"", ""Dark""]",105,105,75,65,100,50,Grimer,Grimer (Alolan),"[{""name"": ""Stench"", ""is_hidden"": false}, {""name"": ""Sticky Hold"", ""is_hidden"": false}, {""name"": ""Poison Touch"", ""is_hidden"": false}, {""name"": ""Gluttony"", ""is_hidden"": false}, {""name"": ""Poison Touch"", ""is_hidden"": true}, {""name"": ""Power of Alchemy"", ""is_hidden"": true}]",images/Muk.png,"{""male"": 50.0, ""female"": 50.0}",2026-02-28 03:16:50,
90,Shellder,90,Bivalve Pokémon,"[""Water""]",30,65,100,45,25,40,,Cloyster,"[{""name"": ""Shell Armor"", ""is_hidden"": false}, {""name"": ""Skill Link"", ""is_hidden"": false}, {""name"": ""Gen IV+"", ""is_hidden"": false}, {""name"": ""Overcoat"", ""is_hidden"": true}]",images/Shellder.png,"{""male"": 50.0, ""female"": 50.0}",2026-02-28 03:16:50,
91,Cloyster,91,Bivalve Pokémon,"[""Water"", ""Ice""]",50,95,180,85,45,70,Shellder,,"[{""name"": ""Shell Armor"", ""is_hidden"": false}, {""name"": ""Skill Link"", ""is_hidden"": false}, {""name"": ""Gen IV+"", ""is_hidden"": false}, {""name"": ""Overcoat"", ""is_hidden"": true}]",images/Cloyster.png,"{""male"": 50.0, ""female"": 50.0}",2026-02-28 03:16:50,
92,Gastly,92,Gas Pokémon,"[""Ghost"", ""Poison""]",30,35,30,100,35,80,,Haunter,[],images/Gastly.png,"{""male"": 50.0, ""female"": 50.0}",2026-02-28 03:16:50,
93,Haunter,93,Gas Pokémon,"[""Ghost"", ""Poison""]",45,50,45,115,55,95,Gastly,Gengar,[],images/Haunter.png,"{""male"": 50.0, ""female"": 50.0}",2026-02-28 03:16:50,
94,Gengar,94,Shadow Pokémon,"[""Ghost"", ""Poison""]",60,65,60,130,75,110,Haunter,,"[{""name"": ""Cursed Body"", ""is_hidden"": false}, {""name"": ""Shadow Tag"", ""is_hidden"": false}, {""name"": ""Levitate"", ""is_hidden"": false}]",images/Gengar_Gengar.png,"{""male"": 50.0, ""female"": 50.0}",2026-02-28 03:16:50,"{""Gengar"": ""images/Gengar_Gengar.png"", ""Mega_Gengar"": ""images/Gengar_Mega_Gengar.png""}"
95,Onix,95,Rock Snake Pokémon,"[""Rock"", ""Ground""]",35,45,160,30,45,70,,Steelix,"[{""name"": ""Rock Head"", ""is_hidden"": false}, {""name"": ""Sturdy"", ""is_hidden"": false}, {""name"": ""Weak Armor"", ""is_hidden"": true}]",images/Onix.png,"{""male"": 50.0, ""female"": 50.0}",2026-02-28 03:16:50,
96,Drowzee,96,Hypnosis Pokémon,"[""Psychic""]",60,48,45,43,90,42,,Hypno,"[{""name"": ""Insomnia"", ""is_hidden"": false}, {""name"": ""Forewarn"", ""is_hidden"": false}, {""name"": ""Gen IV+"", ""is_hidden"": false}, {""name"": ""Inner Focus"", ""is_hidden"": true}]",images/Drowzee.png,"{""male"": 50.0, ""female"": 50.0}",2026-02-28 03:16:50,
97,Hypno,97,Hypnosis Pokémon,"[""Psychic""]",85,73,70,73,115,67,Drowzee,,"[{""name"": ""Insomnia"", ""is_hidden"": false}, {""name"": ""Forewarn"", ""is_hidden"": false}, {""name"": ""Gen IV+"", ""is_hidden"": false}, {""name"": ""Inner Focus"", ""is_hidden"": true}]",images/Hypno.png,"{""male"": 50.0, ""female"": 50.0}",2026-02-28 03:16:50,
98,Krabby,98,River Crab Pokémon,"[""Water""]",30,105,90,25,25,50,,Kingler,"[{""name"": ""Hyper Cutter"", ""is_hidden"": false}, {""name"": ""Shell Armor"", ""is_hidden"": false}, {""name"": ""Sheer Force"", ""is_hidden"": true}]",images/Krabby.png,"{""male"": 50.0, ""female"": 50.0}",2026-02-28 03:16:50,
99,Kingler,99,Pincer Pokémon,"[""Water""]",55,130,115,50,50,75,Krabby,,"[{""name"": ""Hyper Cutter"", ""is_hidden"": false}, {""name"": ""Shell Armor"", ""is_hidden"": false}, {""name"": ""Sheer Force"", ""is_hidden"": true}]",images/Kingler.png,"{""male"": 50.0, ""female"": 50.0}",2026-02-28 03:16:50,
100,Voltorb,100,Ball PokémonSphere Pokémon,"[""Electric"", ""Grass""]",40,30,50,55,55,100,,Electrode,"[{""name"": ""Soundproof"", ""is_hidden"": false}, {""name"": ""Static"", ""is_hidden"": false}, {""name"": ""Aftermath"", ""is_hidden"": true}]",images/Voltorb.png,,2026-02-28 03:16:50,
101,Electrode,101,Ball PokémonSphere Pokémon,"[""Electric"", ""Grass""]",60,50,70,80,80,140,Voltorb,Voltorb (Hisuian),"[{""name"": ""Soundproof"", ""is_hidden"": false}, {""name"": ""Static"", ""is_hidden"": false}, {""name"": ""Aftermath"", ""is_hidden"": true}]",images/Electrode.png,,2026-02-28 03:16:50,
102,Exeggcute,102,Egg Pokémon,"[""Grass"", ""Psychic""]",60,40,80,60,45,40,,Exeggutor,"[{""name"": ""Chlorophyll"", ""is_hidden"": false}, {""name"": ""Harvest"", ""is_hidden"": true}]",images/Exeggcute.png,"{""male"": 50.0, ""female"": 50.0}",2026-02-28 03:16:50,
103,Exeggutor,103,Coconut Pokémon,"[""Grass"", ""Psychic""]",95,95,85,125,65,55,Exeggcute,Exeggutor (Alolan),"[{""name"": ""Chlorophyll"", ""is_hidden"": false}, {""name"": ""Frisk"", ""is_hidden"": false}, {""name"": ""Harvest"", ""is_hidden"": true}]",images/Exeggutor.png,"{""male"": 50.0, ""female"": 50.0}",2026-02-28 03:16:50,
104,Cubone,104,Lonely Pokémon,"[""Ground""]",50,50,95,40,50,35,,Marowak,"[{""name"": ""Rock Head"", ""is_hidden"": false}, {""name"": ""Lightning Rod"", ""is_hidden"": false}, {""name"": ""Battle Armor"", ""is_hidden"": true}]",images/Cubone.png,"{""male"": 50.0, ""female"": 50.0}",2026-02-28 03:16:50,
105,Marowak,105,Bone Keeper Pokémon,"[""Ground"", ""Fire""]",60,80,110,50,80,45,Cubone,Marowak (Alolan),"[{""name"": ""Rock Head"", ""is_hidden"": false}, {""name"": ""Lightning Rod"", ""is_hidden"": false}, {""name"": ""Cursed Body"", ""is_hidden"": false}, {""name"": ""Battle Armor"", ""is_hidden"": true}, {""name"": ""Rock Head"", ""is_hidden"": true}]",images/Marowak.png,"{""male"": 50.0, ""female"": 50.0}",2026-02-28 03:16:50,
106,Hitmonlee,106,Kicking Pokémon,"[""Fighting""]",50,120,53,35,110,87,Tyrogue,,"[{""name"": ""Limber"", ""is_hidden"": false}, {""name"": ""Reckless"", ""is_hidden"": false}, {""name"": ""Gen IV+"", ""is_hidden"": false}, {""name"": ""Unburden"", ""is_hidden"": true}]",images/Hitmonlee.png,"{""male"": 100.0, ""female"": null}",2026-02-28 03:16:50,
107,Hitmonchan,107,Punching Pokémon,"[""Fighting""]",50,105,79,35,110,76,Tyrogue,,"[{""name"": ""Keen Eye"", ""is_hidden"": false}, {""name"": ""Iron Fist"", ""is_hidden"": false}, {""name"": ""Gen IV+"", ""is_hidden"": false}, {""name"": ""Inner Focus"", ""is_hidden"": true}]",images/Hitmonchan.png,"{""male"": 100.0, ""female"": null}",2026-02-28 03:16:50,
108,Lickitung,108,Licking Pokémon,"[""Normal""]",90,55,75,60,75,30,,Lickilicky,"[{""name"": ""Own Tempo"", ""is_hidden"": false}, {""name"": ""Oblivious"", ""is_hidden"": false}, {""name"": ""Cloud Nine"", ""is_hidden"": true}]",images/Lickitung.png,"{""male"": 50.0, ""female"": 50.0}",2026-02-28 03:16:50,
109,Koffing,109,Poison Gas Pokémon,"[""Poison""]",40,65,95,60,45,35,,Weezing,"[{""name"": ""Levitate"", ""is_hidden"": false}, {""name"": ""Neutralizing Gas"", ""is_hidden"": false}, {""name"": ""Gen VIII+"", ""is_hidden"": false}, {""name"": ""Stench"", ""is_hidden"": true}]",images/Koffing.png,"{""male"": 50.0, ""female"": 50.0}",2026-02-28 03:16:50,
110,Weezing,110,Poison Gas Pokémon,"[""Poison"", ""Fairy""]",65,90,120,85,70,60,Koffing,Weezing (Galarian),"[{""name"": ""Levitate"", ""is_hidden"": false}, {""name"": ""Neutralizing Gas"", ""is_hidden"": false}, {""name"": ""Gen VIII+"", ""is_hidden"": false}, {""name"": ""Stench"", ""is_hidden"": true}, {""name"": ""Misty Surge"", ""is_hidden"": true}]",images/Weezing.png,"{""male"": 50.0, ""female"": 50.0}",2026-02-28 03:16:50,
111,Rhyhorn,111,Spikes Pokémon,"[""Ground"", ""Rock""]",80,85,95,30,30,25,,Rhydon,"[{""name"": ""Lightning Rod"", ""is_hidden"": false}, {""name"": ""Rock Head"", ""is_hidden"": false}, {""name"": ""Reckless"", ""is_hidden"": true}]",images/Rhyhorn.png,"{""male"": 50.0, ""female"": 50.0}",2026-02-28 03:16:50,
112,Rhydon,112,Drill Pokémon,"[""Ground"", ""Rock""]",105,130,120,45,45,40,Rhyhorn,Rhyperior,"[{""name"": ""Lightning Rod"", ""is_hidden"": false}, {""name"": ""Rock Head"", ""is_hidden"": false}, {""name"": ""Reckless"", ""is_hidden"": true}]",images/Rhydon.png,"{""male"": 50.0, ""female"": 50.0}",2026-02-28 03:16:50,
113,Chansey,113,Egg Pokémon,"[""Normal""]",250,5,5,35,105,50,Happiny,Blissey,"[{""name"": ""Natural Cure"", ""is_hidden"": false}, {""name"": ""Serene Grace"", ""is_hidden"": false}, {""name"": ""Healer"", ""is_hidden"": true}]",images/Chansey.png,"{""male"": null, ""female"": 100.0}",2026-02-28 03:16:50,
114,Tangela,114,Vine Pokémon,"[""Grass""]",65,55,115,100,40,60,,Tangrowth,"[{""name"": ""Chlorophyll"", ""is_hidden"": false}, {""name"": ""Leaf Guard"", ""is_hidden"": false}, {""name"": ""Gen IV+"", ""is_hidden"": false}, {""name"": ""Regenerator"", ""is_hidden"": true}]",images/Tangela.png,"{""male"": 50.0, ""female"": 50.0}",2026-02-28 03:16:50,
115,Kangaskhan,115,Parent Pokémon,"[""Normal""]",105,95,80,40,80,90,,,"[{""name"": ""Early Bird"", ""is_hidden"": false}, {""name"": ""Scrappy"", ""is_hidden"": false}, {""name"": ""Gen IV+"", ""is_hidden"": false}, {""name"": ""Inner Focus"", ""is_hidden"": true}, {""name"": ""Parental Bond"", ""is_hidden"": false}]",images/Kangaskhan_Kangaskhan.png,"{""male"": null, ""female"": 100.0}",2026-02-28 03:16:50,"{""Kangaskhan"": ""images/Kangaskhan_Kangaskhan.png"", ""Mega_Kangaskhan"": ""images/Kangaskhan_Mega_Kangaskhan.png""}"
116,Horsea,116,Dragon Pokémon,"[""Water""]",30,40,70,70,25,60,,Seadra,"[{""name"": ""Swift Swim"", ""is_hidden"": false}, {""name"": ""Sniper"", ""is_hidden"": false}, {""name"": ""Gen IV+"", ""is_hidden"": false}, {""name"": ""Damp"", ""is_hidden"": true}]",images/Horsea.png,"{""male"": 50.0, ""female"": 50.0}",2026-02-28 03:16:50,
117,Seadra,117,Dragon Pokémon,"[""Water""]",55,65,95,95,45,85,Horsea,Kingdra,"[{""name"": ""Poison Point"", ""is_hidden"": false}, {""name"": ""Sniper"", ""is_hidden"": false}, {""name"": ""Gen IV+"", ""is_hidden"": false}, {""name"": ""Damp"", ""is_hidden"": true}]",images/Seadra.png,"{""male"": 50.0, ""female"": 50.0}",2026-02-28 03:16:50,
118,Goldeen,118,Goldfish Pokémon,"[""Water""]",45,67,60,35,50,63,,Seaking,"[{""name"": ""Swift Swim"", ""is_hidden"": false}, {""name"": ""Water Veil"", ""is_hidden"": false}, {""name"": ""Lightning Rod"", ""is_hidden"": true}]",images/Goldeen.png,"{""male"": 50.0, ""female"": 50.0}",2026-02-28 03:16:50,
119,Seaking,119,Goldfish Pokémon,"[""Water""]",80,92,65,65,80,68,Goldeen,,"[{""name"": ""Swift Swim"", ""is_hidden"": false}, {""name"": ""Water Veil"", ""is_hidden"": false}, {""name"": ""Lightning Rod"", ""is_hidden"": true}]",images/Seaking.png,"{""male"": 50.0, ""female"": 50.0}",2026-02-28 03:16:50,
120,Staryu,120,Star Shape Pokémon,"[""Water""]",30,45,55,70,55,85,,Starmie,"[{""name"": ""Illuminate"", ""is_hidden"": false}, {""name"": ""Natural Cure"", ""is_hidden"": false}, {""name"": ""Analytic"", ""is_hidden"": true}]",images/Staryu.png,,2026-02-28 03:16:50,
121,Starmie,121,Mysterious Pokémon,"[""Water"", ""Psychic""]",60,75,85,100,85,115,Staryu,,"[{""name"": ""Illuminate"", ""is_hidden"": false}, {""name"": ""Natural Cure"", ""is_hidden"": false}, {""name"": ""Analytic"", ""is_hidden"": true}]",images/Starmie_Starmie.png,,2026-02-28 03:16:50,"{""Starmie"": ""images/Starmie_Starmie.png"", ""Mega_Starmie"": ""images/Starmie_Mega_Starmie.png""}"
122,Mr. Mime,122,Barrier PokémonDancing Pokémon,"[""Psychic"", ""Fairy""]",40,45,65,100,120,90,Mime Jr.,Mime Jr.,"[{""name"": ""Soundproof"", ""is_hidden"": false}, {""name"": ""Filter"", ""is_hidden"": false}, {""name"": ""Gen IV+"", ""is_hidden"": false}, {""name"": ""Vital Spirit"", ""is_hidden"": false}, {""name"": ""Screen Cleaner"", ""is_hidden"": false}, {""name"": ""Technician"", ""is_hidden"": true}, {""name"": ""Ice Body"", ""is_hidden"": true}]",images/Mr_Mime.png,"{""male"": 50.0, ""female"": 50.0}",2026-02-28 03:16:50,
123,Scyther,123,Mantis Pokémon,"[""Bug"", ""Flying""]",70,110,80,55,80,105,,Scizor,"[{""name"": ""Swarm"", ""is_hidden"": false}, {""name"": ""Technician"", ""is_hidden"": false}, {""name"": ""Gen IV+"", ""is_hidden"": false}, {""name"": ""Steadfast"", ""is_hidden"": true}]",images/Scyther.png,"{""male"": 50.0, ""female"": 50.0}",2026-02-28 03:16:50,
124,Jynx,124,Human Shape Pokémon,"[""Ice"", ""Psychic""]",65,50,35,115,95,95,Smoochum,,"[{""name"": ""Oblivious"", ""is_hidden"": false}, {""name"": ""Forewarn"", ""is_hidden"": false}, {""name"": ""Gen IV+"", ""is_hidden"": false}, {""name"": ""Dry Skin"", ""is_hidden"": true}]",images/Jynx.png,"{""male"": null, ""female"": 100.0}",2026-02-28 03:16:50,
125,Electabuzz,125,Electric Pokémon,"[""Electric""]",65,83,57,95,85,105,Elekid,Electivire,"[{""name"": ""Static"", ""is_hidden"": false}, {""name"": ""Vital Spirit"", ""is_hidden"": true}]",images/Electabuzz.png,"{""male"": 75.0, ""female"": 25.0}",2026-02-28 03:16:50,
126,Magmar,126,Spitfire Pokémon,"[""Fire""]",65,95,57,100,85,93,Magby,Magmortar,"[{""name"": ""Flame Body"", ""is_hidden"": false}, {""name"": ""Vital Spirit"", ""is_hidden"": true}]",images/Magmar.png,"{""male"": 75.0, ""female"": 25.0}",2026-02-28 03:16:50,
127,Pinsir,127,Stag Beetle Pokémon,"[""Bug"", ""Flying""]",65,125,100,55,70,85,,,"[{""name"": ""Hyper Cutter"", ""is_hidden"": false}, {""name"": ""Mold Breaker"", ""is_hidden"": false}, {""name"": ""Gen IV+"", ""is_hidden"": false}, {""name"": ""Moxie"", ""is_hidden"": true}, {""name"": ""Aerilate"", ""is_hidden"": false}]",images/Pinsir_Pinsir.png,"{""male"": 50.0, ""female"": 50.0}",2026-02-28 03:16:50,"{""Pinsir"": ""images/Pinsir_Pinsir.png"", ""Mega_Pinsir"": ""images/Pinsir_Mega_Pinsir.png"", ""Other_forms_may_have_other_shapes"": ""images/Pinsir_Other_forms_may_have_other_shapes.png""}"
128,Tauros,128,Wild Bull Pokémon,"[""Normal"", ""Fighting""]",75,100,95,40,70,110,,,"[{""name"": ""Intimidate"", ""is_hidden"": false}, {""name"": ""Anger Point"", ""is_hidden"": false}, {""name"": ""Gen IV+"", ""is_hidden"": false}, {""name"": ""Sheer Force"", ""is_hidden"": true}, {""name"": ""Cud Chew"", ""is_hidden"": true}]",images/Tauros.png,"{""male"": 100.0, ""female"": null}",2026-02-28 03:16:50,
129,Magikarp,129,Fish Pokémon,"[""Water""]",20,10,55,15,20,80,,Gyarados,"[{""name"": ""Swift Swim"", ""is_hidden"": false}, {""name"": ""Rattled"", ""is_hidden"": true}]",images/Magikarp.png,"{""male"": 50.0, ""female"": 50.0}",2026-02-28 03:16:50,
130,Gyarados,130,Atrocious Pokémon,"[""Water"", ""Flying""]",95,125,79,60,100,81,Magikarp,,"[{""name"": ""Intimidate"", ""is_hidden"": false}, {""name"": ""Moxie"", ""is_hidden"": true}, {""name"": ""Mold Breaker"", ""is_hidden"": false}]",images/Gyarados_Gyarados.png,"{""male"": 50.0, ""female"": 50.0}",2026-02-28 03:16:50,"{""Gyarados"": ""images/Gyarados_Gyarados.png"", ""Mega_Gyarados"": ""images/Gyarados_Mega_Gyarados.png""}"
131,Lapras,131,Transport Pokémon,"[""Water"", ""Ice""]",130,85,80,85,95,60,,,"[{""name"": ""Water Absorb"", ""is_hidden"": false}, {""name"": ""Shell Armor"", ""is_hidden"": false}, {""name"": ""Hydration"", ""is_hidden"": true}]",images/Lapras.png,"{""male"": 50.0, ""female"": 50.0}",2026-02-28 03:16:50,
132,Ditto,132,Transform Pokémon,"[""Normal""]",48,48,48,48,48,48,,,"[{""name"": ""Limber"", ""is_hidden"": false}, {""name"": ""Imposter"", ""is_hidden"": true}]",images/Ditto.png,,2026-02-28 03:16:50,
133,Eevee,133,Evolution Pokémon,"[""Normal""]",55,55,50,45,65,55,Espeon,Umbreon,"[{""name"": ""Run Away"", ""is_hidden"": false}, {""name"": ""Adaptability"", ""is_hidden"": false}, {""name"": ""Gen IV+"", ""is_hidden"": false}, {""name"": ""Anticipation"", ""is_hidden"": true}]",images/Eevee.png,"{""male"": 87.5, ""female"": 12.5}",2026-02-28 03:16:50,
134,Vaporeon,134,Bubble Jet Pokémon,"[""Water""]",130,65,60,110,95,65,Eevee,,"[{""name"": ""Water Absorb"", ""is_hidden"": false}, {""name"": ""Hydration"", ""is_hidden"": true}]",images/Vaporeon.png,"{""male"": 87.5, ""female"": 12.5}",2026-02-28 03:16:50,
135,Jolteon,135,Lightning Pokémon,"[""Electric""]",65,65,60,110,95,130,Eevee,,"[{""name"": ""Volt Absorb"", ""is_hidden"": false}, {""name"": ""Quick Feet"", ""is_hidden"": true}]",images/Jolteon.png,"{""male"": 87.5, ""female"": 12.5}",2026-02-28 03:16:50,
136,Flareon,136,Flame Pokémon,"[""Fire""]",65,130,60,95,110,65,Eevee,,"[{""name"": ""Flash Fire"", ""is_hidden"": false}, {""name"": ""Guts"", ""is_hidden"": true}]",images/Flareon.png,"{""male"": 87.5, ""female"": 12.5}",2026-02-28 03:16:50,
137,Porygon,137,Virtual Pokémon,"[""Normal""]",65,60,70,85,75,40,,Porygon2,"[{""name"": ""Trace"", ""is_hidden"": false}, {""name"": ""Download"", ""is_hidden"": false}, {""name"": ""Gen IV+"", ""is_hidden"": false}, {""name"": ""Analytic"", ""is_hidden"": true}]",images/Porygon.png,,2026-02-28 03:16:50,
138,Omanyte,138,Spiral Pokémon,"[""Rock"", ""Water""]",35,40,100,90,55,35,,Omastar,"[{""name"": ""Swift Swim"", ""is_hidden"": false}, {""name"": ""Shell Armor"", ""is_hidden"": false}, {""name"": ""Weak Armor"", ""is_hidden"": true}]",images/Omanyte.png,"{""male"": 87.5, ""female"": 12.5}",2026-02-28 03:16:50,
139,Omastar,139,Spiral Pokémon,"[""Rock"", ""Water""]",70,60,125,115,70,55,Omanyte,,"[{""name"": ""Swift Swim"", ""is_hidden"": false}, {""name"": ""Shell Armor"", ""is_hidden"": false}, {""name"": ""Weak Armor"", ""is_hidden"": true}]",images/Omastar.png,"{""male"": 87.5, ""female"": 12.5}",2026-02-28 03:16:50,
140,Kabuto,140,Shellfish Pokémon,"[""Rock"", ""Water""]",30,80,90,55,45,55,,Kabutops,"[{""name"": ""Swift Swim"", ""is_hidden"": false}, {""name"": ""Battle Armor"", ""is_hidden"": false}, {""name"": ""Weak Armor"", ""is_hidden"": true}]",images/Kabuto.png,"{""male"": 87.5, ""female"": 12.5}",2026-02-28 03:16:50,
141,Kabutops,141,Shellfish Pokémon,"[""Rock"", ""Water""]",60,115,105,65,70,80,Kabuto,,"[{""name"": ""Swift Swim"", ""is_hidden"": false}, {""name"": ""Battle Armor"", ""is_hidden"": false}, {""name"": ""Weak Armor"", ""is_hidden"": true}]",images/Kabutops.png,"{""male"": 87.5, ""female"": 12.5}",2026-02-28 03:16:50,
142,Aerodactyl,142,Fossil Pokémon,"[""Rock"", ""Flying""]",80,105,65,60,75,130,,,"[{""name"": ""Rock Head"", ""is_hidden"": false}, {""name"": ""Pressure"", ""is_hidden"": false}, {""name"": ""Unnerve"", ""is_hidden"": true}, {""name"": ""Tough Claws"", ""is_hidden"": false}]",images/Aerodactyl_Aerodactyl.png,"{""male"": 87.5, ""female"": 12.5}",2026-02-28 03:16:50,"{""Aerodactyl"": ""images/Aerodactyl_Aerodactyl.png"", ""Mega_Aerodactyl"": ""images/Aerodactyl_Mega_Aerodactyl.png""}"
143,Snorlax,143,Sleeping Pokémon,"[""Normal""]",160,110,65,65,110,30,Munchlax,,"[{""name"": ""Immunity"", ""is_hidden"": false}, {""name"": ""Thick Fat"", ""is_hidden"": false}, {""name"": ""Gluttony"", ""is_hidden"": true}]",images/Snorlax.png,"{""male"": 87.5, ""female"": 12.5}",2026-02-28 03:16:50,
144,Articuno,144,Freeze PokémonCruel Pokémon,"[""Ice"", ""Flying""]",90,85,100,95,125,85,,,"[{""name"": ""Pressure"", ""is_hidden"": false}, {""name"": ""Competitive"", ""is_hidden"": false}, {""name"": ""Snow Cloak"", ""is_hidden"": true}]",images/Articuno.png,,2026-02-28 03:16:50,
145,Zapdos,145,Electric PokémonStrong Legs Pokémon,"[""Electric"", ""Flying""]",90,90,85,125,90,100,,,"[{""name"": ""Pressure"", ""is_hidden"": false}, {""name"": ""Defiant"", ""is_hidden"": false}, {""name"": ""Static"", ""is_hidden"": true}, {""name"": ""Lightning Rod"", ""is_hidden"": true}]",images/Zapdos.png,,2026-02-28 03:16:50,
146,Moltres,146,Flame PokémonMalevolent Pokémon,"[""Fire"", ""Flying""]",90,100,90,125,85,90,,,"[{""name"": ""Pressure"", ""is_hidden"": false}, {""name"": ""Berserk"", ""is_hidden"": false}, {""name"": ""Flame Body"", ""is_hidden"": true}]",images/Moltres.png,,2026-02-28 03:16:50,
147,Dratini,147,Dragon Pokémon,"[""Dragon""]",41,64,45,50,50,50,,Dragonair,"[{""name"": ""Shed Skin"", ""is_hidden"": false}, {""name"": ""Marvel Scale"", ""is_hidden"": true}]",images/Dratini.png,"{""male"": 50.0, ""female"": 50.0}",2026-02-28 03:16:50,
148,Dragonair,148,Dragon Pokémon,"[""Dragon""]",61,84,65,70,70,70,Dratini,Dragonite,"[{""name"": ""Shed Skin"", ""is_hidden"": false}, {""name"": ""Marvel Scale"", ""is_hidden"": true}]",images/Dragonair.png,"{""male"": 50.0, ""female"": 50.0}",2026-02-28 03:16:50,
149,Dragonite,149,Dragon Pokémon,"[""Dragon"", ""Flying""]",91,134,95,100,100,80,Dragonair,,"[{""name"": ""Inner Focus"", ""is_hidden"": false}, {""name"": ""Multiscale"", ""is_hidden"": true}]",images/Dragonite_Dragonite.png,"{""male"": 50.0, ""female"": 50.0}",2026-02-28 03:16:50,"{""Dragonite"": ""images/Dragonite_Dragonite.png"", ""Mega_Dragonite"": ""images/Dragonite_Mega_Dragonite.png""}"
150,Mewtwo,150,Genetic Pokémon,"[""Psychic"", ""Fighting""]",106,110,90,154,90,130,,,"[{""name"": ""Pressure"", ""is_hidden"": false}, {""name"": ""Unnerve"", ""is_hidden"": true}, {""name"": ""Steadfast"", ""is_hidden"": false}, {""name"": ""Insomnia"", ""is_hidden"": false}]",images/Mewtwo_Mewtwo.png,,2026-02-28 03:16:50,"{""Mewtwo"": ""images/Mewtwo_Mewtwo.png"", ""Mega_Mewtwo_X"": ""images/Mewtwo_Mega_Mewtwo_X.png"", ""Mega_Mewtwo_Y"": ""images/Mewtwo_Mega_Mewtwo_Y.png""}"
151,Mew,151,New Species Pokémon,"[""Psychic""]",100,100,100,100,100,100,,,[],images/Mew.png,,2026-02-28 03:16:50,
152,Chikorita,152,Leaf Pokémon,"[""Grass""]",45,49,65,49,65,45,,Bayleef,"[{""name"": ""Overgrow"", ""is_hidden"": false}, {""name"": ""Leaf Guard"", ""is_hidden"": true}]",images/Chikorita.png,"{""male"": 87.5, ""female"": 12.5}",2026-02-28 03:16:50,
153,Bayleef,153,Leaf Pokémon,"[""Grass""]",60,62,80,63,80,60,Chikorita,Meganium,"[{""name"": ""Overgrow"", ""is_hidden"": false}, {""name"": ""Leaf Guard"", ""is_hidden"": true}]",images/Bayleef.png,"{""male"": 87.5, ""female"": 12.5}",2026-02-28 03:16:50,
154,Meganium,154,Herb Pokémon,"[""Grass"", ""Fairy""]",80,82,100,83,100,80,Bayleef,,"[{""name"": ""Overgrow"", ""is_hidden"": false}, {""name"": ""Leaf Guard"", ""is_hidden"": true}]",images/Meganium_Meganium.png,"{""male"": 87.5, ""female"": 12.5}",2026-02-28 03:16:50,"{""Meganium"": ""images/Meganium_Meganium.png"", ""Mega_Meganium"": ""images/Meganium_Mega_Meganium.png""}"
155,Cyndaquil,155,Fire Mouse Pokémon,"[""Fire""]",39,52,43,60,50,65,,Quilava,"[{""name"": ""Blaze"", ""is_hidden"": false}, {""name"": ""Flash Fire"", ""is_hidden"": true}]",images/Cyndaquil.png,"{""male"": 87.5, ""female"": 12.5}",2026-02-28 03:16:50,
156,Quilava,156,Volcano Pokémon,"[""Fire""]",58,64,58,80,65,80,Cyndaquil,Typhlosion,"[{""name"": ""Blaze"", ""is_hidden"": false}, {""name"": ""Flash Fire"", ""is_hidden"": true}]",images/Quilava.png,"{""male"": 87.5, ""female"": 12.5}",2026-02-28 03:16:50,
157,Typhlosion,157,Volcano PokémonGhost Flame Pokémon,"[""Fire"", ""Ghost""]",78,84,78,109,85,100,Quilava,Typhlosion (Hisuian),"[{""name"": ""Blaze"", ""is_hidden"": false}, {""name"": ""Flash Fire"", ""is_hidden"": true}, {""name"": ""Frisk"", ""is_hidden"": true}]",images/Typhlosion.png,"{""male"": 87.5, ""female"": 12.5}",2026-02-28 03:16:50,
158,Totodile,158,Big Jaw Pokémon,"[""Water""]",50,65,64,44,48,43,,Croconaw,"[{""name"": ""Torrent"", ""is_hidden"": false}, {""name"": ""Sheer Force"", ""is_hidden"": true}]",images/Totodile.png,"{""male"": 87.5, ""female"": 12.5}",2026-02-28 03:16:50,
159,Croconaw,159,Big Jaw Pokémon,"[""Water""]",65,80,80,59,63,58,Totodile,Feraligatr,"[{""name"": ""Torrent"", ""is_hidden"": false}, {""name"": ""Sheer Force"", ""is_hidden"": true}]",images/Croconaw.png,"{""male"": 87.5, ""female"": 12.5}",2026-02-28 03:16:50,
160,Feraligatr,160,Big Jaw PokémonDouble Jaw Pokémon,"[""Water"", ""Dragon""]",85,105,100,79,83,78,Croconaw,,"[{""name"": ""Torrent"", ""is_hidden"": false}, {""name"": ""Sheer Force"", ""is_hidden"": true}]",images/Feraligatr_Feraligatr.png,"{""male"": 87.5, ""female"": 12.5}",2026-02-28 03:16:50,"{""Feraligatr"": ""images/Feraligatr_Feraligatr.png"", ""Mega_Feraligatr"": ""images/Feraligatr_Mega_Feraligatr.png""}"
161,Sentret,161,Scout Pokémon,"[""Normal""]",35,46,34,35,45,20,,Furret,"[{""name"": ""Run Away"", ""is_hidden"": false}, {""name"": ""Keen Eye"", ""is_hidden"": false}, {""name"": ""Frisk"", ""is_hidden"": true}]",images/Sentret.png,"{""male"": 50.0, ""female"": 50.0}",2026-02-28 03:16:50,
162,Furret,162,Long Body Pokémon,"[""Normal""]",85,76,64,45,55,90,Sentret,,"[{""name"": ""Run Away"", ""is_hidden"": false}, {""name"": ""Keen Eye"", ""is_hidden"": false}, {""name"": ""Frisk"", ""is_hidden"": true}]",images/Furret.png,"{""male"": 50.0, ""female"": 50.0}",2026-02-28 03:16:50,
163,Hoothoot,163,Owl Pokémon,"[""Normal"", ""Flying""]",60,30,30,36,56,50,,Noctowl,"[{""name"": ""Insomnia"", ""is_hidden"": false}, {""name"": ""Keen Eye"", ""is_hidden"": false}, {""name"": ""Tinted Lens"", ""is_hidden"": true}]",images/Hoothoot.png,"{""male"": 50.0, ""female"": 50.0}",2026-02-28 03:16:50,
164,Noctowl,164,Owl Pokémon,"[""Normal"", ""Flying""]",100,50,50,76,96,70,Hoothoot,,"[{""name"": ""Insomnia"", ""is_hidden"": false}, {""name"": ""Keen Eye"", ""is_hidden"": false}, {""name"": ""Tinted Lens"", ""is_hidden"": true}]",images/Noctowl.png,"{""male"": 50.0, ""female"": 50.0}",2026-02-28 03:16:50,
165,Ledyba,165,Five Star Pokémon,"[""Bug"", ""Flying""]",40,20,30,40,80,55,,Ledian,"[{""name"": ""Swarm"", ""is_hidden"": false}, {""name"": ""Early Bird"", ""is_hidden"": false}, {""name"": ""Rattled"", ""is_hidden"": true}]",images/Ledyba.png,"{""male"": 50.0, ""female"": 50.0}",2026-02-28 03:16:50,
166,Ledian,166,Five Star Pokémon,"[""Bug"", ""Flying""]",55,35,50,55,110,85,Ledyba,,"[{""name"": ""Swarm"", ""is_hidden"": false}, {""name"": ""Early Bird"", ""is_hidden"": false}, {""name"": ""Iron Fist"", ""is_hidden"": true}]",images/Ledian.png,"{""male"": 50.0, ""female"": 50.0}",2026-02-28 03:16:50,
167,Spinarak,167,String Spit Pokémon,"[""Bug"", ""Poison""]",40,60,40,40,40,30,,Ariados,"[{""name"": ""Swarm"", ""is_hidden"": false}, {""name"": ""Insomnia"", ""is_hidden"": false}, {""name"": ""Sniper"", ""is_hidden"": true}]",images/Spinarak.png,"{""male"": 50.0, ""female"": 50.0}",2026-02-28 03:16:50,
168,Ariados,168,Long Leg Pokémon,"[""Bug"", ""Poison""]",70,90,70,60,60,40,Spinarak,,"[{""name"": ""Swarm"", ""is_hidden"": false}, {""name"": ""Insomnia"", ""is_hidden"": false}, {""name"": ""Sniper"", ""is_hidden"": true}]",images/Ariados.png,"{""male"": 50.0, ""female"": 50.0}",2026-02-28 03:16:50,
169,Crobat,169,Bat Pokémon,"[""Poison"", ""Flying""]",85,90,80,70,80,130,Golbat,,"[{""name"": ""Inner Focus"", ""is_hidden"": false}, {""name"": ""Infiltrator"", ""is_hidden"": true}]",images/Crobat.png,"{""male"": 50.0, ""female"": 50.0}",2026-02-28 03:16:50,
170,Chinchou,170,Angler Pokémon,"[""Water"", ""Electric""]",75,38,38,56,56,67,,Lanturn,"[{""name"": ""Volt Absorb"", ""is_hidden"": false}, {""name"": ""Illuminate"", ""is_hidden"": false}, {""name"": ""Water Absorb"", ""is_hidden"": true}]",images/Chinchou.png,"{""male"": 50.0, ""female"": 50.0}",2026-02-28 03:16:50,
171,Lanturn,171,Light Pokémon,"[""Water"", ""Electric""]",125,58,58,76,76,67,Chinchou,,"[{""name"": ""Volt Absorb"", ""is_hidden"": false}, {""name"": ""Illuminate"", ""is_hidden"": false}, {""name"": ""Water Absorb"", ""is_hidden"": true}]",images/Lanturn.png,"{""male"": 50.0, ""female"": 50.0}",2026-02-28 03:16:50,
172,Pichu,172,Tiny Mouse Pokémon,"[""Electric""]",20,40,15,35,35,60,,Pikachu,"[{""name"": ""Static"", ""is_hidden"": false}, {""name"": ""Lightning Rod"", ""is_hidden"": true}]",images/Pichu.png,"{""male"": 50.0, ""female"": 50.0}",2026-02-28 03:16:50,
173,Cleffa,173,Star Shape Pokémon,"[""Fairy""]",50,25,28,45,55,15,,Clefairy,"[{""name"": ""Cute Charm"", ""is_hidden"": false}, {""name"": ""Magic Guard"", ""is_hidden"": false}, {""name"": ""Gen IV+"", ""is_hidden"": false}, {""name"": ""Friend Guard"", ""is_hidden"": true}]",images/Cleffa.png,"{""male"": 25.0, ""female"": 75.0}",2026-02-28 03:16:50,
174,Igglybuff,174,Balloon Pokémon,"[""Normal"", ""Fairy""]",90,30,15,40,20,15,,Jigglypuff,"[{""name"": ""Cute Charm"", ""is_hidden"": false}, {""name"": ""Competitive"", ""is_hidden"": false}, {""name"": ""Gen VI+"", ""is_hidden"": false}, {""name"": ""Friend Guard"", ""is_hidden"": true}]",images/Igglybuff.png,"{""male"": 25.0, ""female"": 75.0}",2026-02-28 03:16:50,
175,Togepi,175,Spike Ball Pokémon,"[""Fairy""]",35,20,65,40,65,20,,Togetic,"[{""name"": ""Hustle"", ""is_hidden"": false}, {""name"": ""Serene Grace"", ""is_hidden"": false}, {""name"": ""Super Luck"", ""is_hidden"": true}]",images/Togepi.png,"{""male"": 87.5, ""female"": 12.5}",2026-02-28 03:16:50,
176,Togetic,176,Happiness Pokémon,"[""Fairy"", ""Flying""]",55,40,85,80,105,40,Togepi,Togekiss,"[{""name"": ""Hustle"", ""is_hidden"": false}, {""name"": ""Serene Grace"", ""is_hidden"": false}, {""name"": ""Super Luck"", ""is_hidden"": true}]",images/Togetic.png,"{""male"": 87.5, ""female"": 12.5}",2026-02-28 03:16:50,
177,Natu,177,Tiny Bird Pokémon,"[""Psychic"", ""Flying""]",40,50,45,70,45,70,,Xatu,"[{""name"": ""Synchronize"", ""is_hidden"": false}, {""name"": ""Early Bird"", ""is_hidden"": false}, {""name"": ""Magic Bounce"", ""is_hidden"": true}]",images/Natu.png,"{""male"": 50.0, ""female"": 50.0}",2026-02-28 03:16:50,
178,Xatu,178,Mystic Pokémon,"[""Psychic"", ""Flying""]",65,75,70,95,70,95,Natu,,"[{""name"": ""Synchronize"", ""is_hidden"": false}, {""name"": ""Early Bird"", ""is_hidden"": false}, {""name"": ""Magic Bounce"", ""is_hidden"": true}]",images/Xatu.png,"{""male"": 50.0, ""female"": 50.0}",2026-02-28 03:16:50,
179,Mareep,179,Wool Pokémon,"[""Electric""]",55,40,40,65,45,35,,Flaaffy,"[{""name"": ""Static"", ""is_hidden"": false}, {""name"": ""Plus"", ""is_hidden"": true}]",images/Mareep.png,"{""male"": 50.0, ""female"": 50.0}",2026-02-28 03:16:50,
180,Flaaffy,180,Wool Pokémon,"[""Electric""]",70,55,55,80,60,45,Mareep,Ampharos,"[{""name"": ""Static"", ""is_hidden"": false}, {""name"": ""Plus"", ""is_hidden"": true}]",images/Flaaffy.png,"{""male"": 50.0, ""female"": 50.0}",2026-02-28 03:16:50,
181,Ampharos,181,Light Pokémon,"[""Electric"", ""Dragon""]",90,75,75,115,90,55,Flaaffy,,"[{""name"": ""Static"", ""is_hidden"": false}, {""name"": ""Plus"", ""is_hidden"": true}, {""name"": ""Mold Breaker"", ""is_hidden"": false}]",images/Ampharos_Ampharos.png,"{""male"": 50.0, ""female"": 50.0}",2026-02-28 03:16:50,"{""Ampharos"": ""images/Ampharos_Ampharos.png"", ""Mega_Ampharos"": ""images/Ampharos_Mega_Ampharos.png""}"
182,Bellossom,182,Flower Pokémon,"[""Grass""]",75,80,85,90,100,50,,,"[{""name"": ""Chlorophyll"", ""is_hidden"": false}, {""name"": ""Healer"", ""is_hidden"": true}]",images/Bellossom.png,"{""male"": 50.0, ""female"": 50.0}",2026-02-28 03:16:50,
183,Marill,183,Aqua Mouse Pokémon,"[""Water"", ""Fairy""]",70,20,50,20,50,40,Azurill,Azumarill,"[{""name"": ""Thick Fat"", ""is_hidden"": false}, {""name"": ""Huge Power"", ""is_hidden"": false}, {""name"": ""Sap Sipper"", ""is_hidden"": true}]",images/Marill.png,"{""male"": 50.0, ""female"": 50.0}",2026-02-28 03:16:50,
184,Azumarill,184,Aqua Rabbit Pokémon,"[""Water"", ""Fairy""]",100,50,80,50,80,50,Marill,,"[{""name"": ""Thick Fat"", ""is_hidden"": false}, {""name"": ""Huge Power"", ""is_hidden"": false}, {""name"": ""Sap Sipper"", ""is_hidden"": true}]",images/Azumarill.png,"{""male"": 50.0, ""female"": 50.0}",2026-02-28 03:16:50,
185,Sudowoodo,185,Imitation Pokémon,"[""Rock""]",70,100,115,30,65,30,Bonsly,,"[{""name"": ""Sturdy"", ""is_hidden"": false}, {""name"": ""Rock Head"", ""is_hidden"": false}, {""name"": ""Rattled"", ""is_hidden"": true}]",images/Sudowoodo.png,"{""male"": 50.0, ""female"": 50.0}",2026-02-28 03:16:50,
186,Politoed,186,Frog Pokémon,"[""Water""]",90,75,75,90,100,70,Poliwhirl,,"[{""name"": ""Water Absorb"", ""is_hidden"": false}, {""name"": ""Damp"", ""is_hidden"": false}, {""name"": ""Drizzle"", ""is_hidden"": true}]",images/Politoed.png,"{""male"": 50.0, ""female"": 50.0}",2026-02-28 03:16:50,
187,Hoppip,187,Cottonweed Pokémon,"[""Grass"", ""Flying""]",35,35,40,35,55,50,,Skiploom,"[{""name"": ""Chlorophyll"", ""is_hidden"": false}, {""name"": ""Leaf Guard"", ""is_hidden"": false}, {""name"": ""Gen IV+"", ""is_hidden"": false}, {""name"": ""Infiltrator"", ""is_hidden"": true}]",images/Hoppip.png,"{""male"": 50.0, ""female"": 50.0}",2026-02-28 03:16:50,
188,Skiploom,188,Cottonweed Pokémon,"[""Grass"", ""Flying""]",55,45,50,45,65,80,Hoppip,Jumpluff,"[{""name"": ""Chlorophyll"", ""is_hidden"": false}, {""name"": ""Leaf Guard"", ""is_hidden"": false}, {""name"": ""Gen IV+"", ""is_hidden"": false}, {""name"": ""Infiltrator"", ""is_hidden"": true}]",images/Skiploom.png,"{""male"": 50.0, ""female"": 50.0}",2026-02-28 03:16:50,
189,Jumpluff,189,Cottonweed Pokémon,"[""Grass"", ""Flying""]",75,55,70,55,85,110,Skiploom,,"[{""name"": ""Chlorophyll"", ""is_hidden"": false}, {""name"": ""Leaf Guard"", ""is_hidden"": false}, {""name"": ""Gen IV+"", ""is_hidden"": false}, {""name"": ""Infiltrator"", ""is_hidden"": true}]",images/Jumpluff.png,"{""male"": 50.0, ""female"": 50.0}",2026-02-28 03:16:50,
190,Aipom,190,Long Tail Pokémon,"[""Normal""]",55,70,55,40,55,85,,Ambipom,"[{""name"": ""Run Away"", ""is_hidden"": false}, {""name"": ""Pickup"", ""is_hidden"": false}, {""name"": ""Skill Link"", ""is_hidden"": true}]",images/Aipom.png,"{""male"": 50.0, ""female"": 50.0}",2026-02-28 03:16:50,
191,Sunkern,191,Seed Pokémon,"[""Grass""]",30,30,30,30,30,30,,Sunflora,"[{""name"": ""Chlorophyll"", ""is_hidden"": false}, {""name"": ""Solar Power"", ""is_hidden"": false}, {""name"": ""Gen IV+"", ""is_hidden"": false}, {""name"": ""Early Bird"", ""is_hidden"": true}]",images/Sunkern.png,"{""male"": 50.0, ""female"": 50.0}",2026-02-28 03:16:50,
192,Sunflora,192,Sun Pokémon,"[""Grass""]",75,75,55,105,85,30,Sunkern,,"[{""name"": ""Chlorophyll"", ""is_hidden"": false}, {""name"": ""Solar Power"", ""is_hidden"": false}, {""name"": ""Gen IV+"", ""is_hidden"": false}, {""name"": ""Early Bird"", ""is_hidden"": true}]",images/Sunflora.png,"{""male"": 50.0, ""female"": 50.0}",2026-02-28 03:16:50,
193,Yanma,193,Clear Wing Pokémon,"[""Bug"", ""Flying""]",65,65,45,75,45,95,,Yanmega,"[{""name"": ""Speed Boost"", ""is_hidden"": false}, {""name"": ""Compound Eyes"", ""is_hidden"": false}, {""name"": ""Frisk"", ""is_hidden"": true}]",images/Yanma.png,"{""male"": 50.0, ""female"": 50.0}",2026-02-28 03:16:50,
194,Wooper,194,Water Fish PokémonPoison Fish Pokémon,"[""Water"", ""Ground""]",55,45,45,25,25,15,,Quagsire,"[{""name"": ""Damp"", ""is_hidden"": false}, {""name"": ""Water Absorb"", ""is_hidden"": false}, {""name"": ""Poison Point"", ""is_hidden"": false}, {""name"": ""Unaware"", ""is_hidden"": true}]",images/Wooper.png,"{""male"": 50.0, ""female"": 50.0}",2026-02-28 03:16:50,
195,Quagsire,195,Water Fish Pokémon,"[""Water"", ""Ground""]",95,85,85,65,65,35,Wooper,,"[{""name"": ""Damp"", ""is_hidden"": false}, {""name"": ""Water Absorb"", ""is_hidden"": false}, {""name"": ""Unaware"", ""is_hidden"": true}]",images/Quagsire.png,"{""male"": 50.0, ""female"": 50.0}",2026-02-28 03:16:50,
196,Espeon,196,Sun Pokémon,"[""Psychic""]",65,65,60,130,95,110,Eevee,,"[{""name"": ""Synchronize"", ""is_hidden"": false}, {""name"": ""Magic Bounce"", ""is_hidden"": true}]",images/Espeon.png,"{""male"": 87.5, ""female"": 12.5}",2026-02-28 03:16:50,
197,Umbreon,197,Moonlight Pokémon,"[""Dark""]",95,65,110,60,130,65,Eevee,,"[{""name"": ""Synchronize"", ""is_hidden"": false}, {""name"": ""Inner Focus"", ""is_hidden"": true}]",images/Umbreon.png,"{""male"": 87.5, ""female"": 12.5}",2026-02-28 03:16:50,
198,Murkrow,198,Darkness Pokémon,"[""Dark"", ""Flying""]",60,85,42,85,42,91,,Honchkrow,"[{""name"": ""Insomnia"", ""is_hidden"": false}, {""name"": ""Super Luck"", ""is_hidden"": false}, {""name"": ""Gen IV+"", ""is_hidden"": false}, {""name"": ""Prankster"", ""is_hidden"": true}]",images/Murkrow.png,"{""male"": 50.0, ""female"": 50.0}",2026-02-28 03:16:50,
199,Slowking,199,Royal PokémonHexpert Pokémon,"[""Water"", ""Psychic""]",95,75,80,100,110,30,Slowpoke,Slowpoke (Galarian),"[{""name"": ""Oblivious"", ""is_hidden"": false}, {""name"": ""Own Tempo"", ""is_hidden"": false}, {""name"": ""Curious Medicine"", ""is_hidden"": false}, {""name"": ""Regenerator"", ""is_hidden"": true}]",images/Slowking.png,"{""male"": 50.0, ""female"": 50.0}",2026-02-28 03:16:50,
200,Misdreavus,200,Screech Pokémon,"[""Ghost""]",60,60,60,85,85,85,,Mismagius,[],images/Misdreavus.png,"{""male"": 50.0, ""female"": 50.0}",2026-02-28 03:16:50,
201,Unown,201,Symbol Pokémon,"[""Psychic""]",48,72,48,72,48,48,,,"[{""name"": ""Gold"", ""is_hidden"": false}, {""name"": ""Silver"", ""is_hidden"": false}, {""name"": ""Crystal"", ""is_hidden"": false}, {""name"": ""Stadium 2"", ""is_hidden"": false}, {""name"": ""Their shapes look like hieroglyphs on ancient tablets. It is said that the two are somehow related."", ""is_hidden"": false}, {""name"": ""Its flat"", ""is_hidden"": false}, {""name"": ""thin body is always stuck on walls. Its shape appears to have some meaning."", ""is_hidden"": false}, {""name"": ""Because different types of Unown exist"", ""is_hidden"": false}, {""name"": ""it is said that they must have a variety of abilities."", ""is_hidden"": false}, {""name"": ""Their shapes look like hieroglyphs on ancient tablets. It is said that the two are somehow related. (Pokémon Red"", ""is_hidden"": false}, {""name"": ""or Crystal inserted)Its flat"", ""is_hidden"": false}, {""name"": ""thin body is always stuck on walls. Its shape appears to have some meaning. (Pokémon Blue"", ""is_hidden"": false}, {""name"": ""or Yellow inserted)"", ""is_hidden"": false}]",images/Unown.png,,2026-02-28 03:16:50,
202,Wobbuffet,202,Patient Pokémon,"[""Psychic""]",190,33,58,33,58,33,Wynaut,,"[{""name"": ""Shadow Tag"", ""is_hidden"": false}, {""name"": ""Telepathy"", ""is_hidden"": true}]",images/Wobbuffet.png,"{""male"": 50.0, ""female"": 50.0}",2026-02-28 03:16:50,
203,Girafarig,203,Long Neck Pokémon,"[""Normal"", ""Psychic""]",70,80,65,90,65,85,,Farigiraf,"[{""name"": ""Inner Focus"", ""is_hidden"": false}, {""name"": ""Early Bird"", ""is_hidden"": false}, {""name"": ""Sap Sipper"", ""is_hidden"": true}]",images/Girafarig.png,"{""male"": 50.0, ""female"": 50.0}",2026-02-28 03:16:50,
204,Pineco,204,Bagworm Pokémon,"[""Bug""]",50,65,90,35,35,15,,Forretress,"[{""name"": ""Sturdy"", ""is_hidden"": false}, {""name"": ""Overcoat"", ""is_hidden"": true}]",images/Pineco.png,"{""male"": 50.0, ""female"": 50.0}",2026-02-28 03:16:50,
205,Forretress,205,Bagworm Pokémon,"[""Bug"", ""Steel""]",75,90,140,60,60,40,Pineco,,"[{""name"": ""Sturdy"", ""is_hidden"": false}, {""name"": ""Overcoat"", ""is_hidden"": true}]",images/Forretress.png,"{""male"": 50.0, ""female"": 50.0}",2026-02-28 03:16:50,
206,Dunsparce,206,Land Snake Pokémon,"[""Normal""]",100,70,70,65,65,45,,Dudunsparce,"[{""name"": ""Serene Grace"", ""is_hidden"": false}, {""name"": ""Run Away"", ""is_hidden"": false}, {""name"": ""Rattled"", ""is_hidden"": true}]",images/Dunsparce.png,"{""male"": 50.0, ""female"": 50.0}",2026-02-28 03:16:50,
207,Gligar,207,Fly Scorpion Pokémon,"[""Ground"", ""Flying""]",65,75,105,35,65,85,,Gliscor,"[{""name"": ""Hyper Cutter"", ""is_hidden"": false}, {""name"": ""Sand Veil"", ""is_hidden"": false}, {""name"": ""Immunity"", ""is_hidden"": true}]",images/Gligar.png,"{""male"": 50.0, ""female"": 50.0}",2026-02-28 03:16:50,
208,Steelix,208,Iron Snake Pokémon,"[""Steel"", ""Ground""]",75,85,200,55,65,30,Onix,,"[{""name"": ""Rock Head"", ""is_hidden"": false}, {""name"": ""Sturdy"", ""is_hidden"": false}, {""name"": ""Sheer Force"", ""is_hidden"": true}, {""name"": ""Sand Force"", ""is_hidden"": false}]",images/Steelix_Steelix.png,"{""male"": 50.0, ""female"": 50.0}",2026-02-28 03:16:50,"{""Steelix"": ""images/Steelix_Steelix.png"", ""Mega_Steelix"": ""images/Steelix_Mega_Steelix.png""}"
209,Snubbull,209,Fairy Pokémon,"[""Fairy""]",60,80,50,40,40,30,,Granbull,"[{""name"": ""Intimidate"", ""is_hidden"": false}, {""name"": ""Run Away"", ""is_hidden"": false}, {""name"": ""Rattled"", ""is_hidden"": true}]",images/Snubbull.png,"{""male"": 25.0, ""female"": 75.0}",2026-02-28 03:16:50,
210,Granbull,210,Fairy Pokémon,"[""Fairy""]",90,120,75,60,60,45,Snubbull,,"[{""name"": ""Intimidate"", ""is_hidden"": false}, {""name"": ""Quick Feet"", ""is_hidden"": false}, {""name"": ""Gen IV+"", ""is_hidden"": false}, {""name"": ""Rattled"", ""is_hidden"": true}]",images/Granbull.png,"{""male"": 25.0, ""female"": 75.0}",2026-02-28 03:16:50,
211,Qwilfish,211,Balloon Pokémon,"[""Water"", ""Poison""]",65,95,75,55,55,85,,Overqwil,"[{""name"": ""Poison Point"", ""is_hidden"": false}, {""name"": ""Swift Swim"", ""is_hidden"": false}, {""name"": ""Intimidate"", ""is_hidden"": true}]",images/Qwilfish.png,"{""male"": 50.0, ""female"": 50.0}",2026-02-28 03:16:50,
212,Scizor,212,Pincer Pokémon,"[""Bug"", ""Steel""]",70,130,100,55,80,65,Scyther,,"[{""name"": ""Swarm"", ""is_hidden"": false}, {""name"": ""Technician"", ""is_hidden"": false}, {""name"": ""Gen IV+"", ""is_hidden"": false}, {""name"": ""Light Metal"", ""is_hidden"": true}]",images/Scizor_Scizor.png,"{""male"": 50.0, ""female"": 50.0}",2026-02-28 03:16:50,"{""Scizor"": ""images/Scizor_Scizor.png"", ""Mega_Scizor"": ""images/Scizor_Mega_Scizor.png""}"
213,Shuckle,213,Mold Pokémon,"[""Bug"", ""Rock""]",20,10,230,10,230,5,,,"[{""name"": ""Sturdy"", ""is_hidden"": false}, {""name"": ""Gluttony"", ""is_hidden"": false}, {""name"": ""Gen IV+"", ""is_hidden"": false}, {""name"": ""Contrary"", ""is_hidden"": true}]",images/Shuckle.png,"{""male"": 50.0, ""female"": 50.0}",2026-02-28 03:16:50,
214,Heracross,214,Single Horn Pokémon,"[""Bug"", ""Fighting""]",80,125,75,40,95,85,,,"[{""name"": ""Swarm"", ""is_hidden"": false}, {""name"": ""Guts"", ""is_hidden"": false}, {""name"": ""Moxie"", ""is_hidden"": true}, {""name"": ""Skill Link"", ""is_hidden"": false}]",images/Heracross_Heracross.png,"{""male"": 50.0, ""female"": 50.0}",2026-02-28 03:16:50,"{""Heracross"": ""images/Heracross_Heracross.png"", ""Mega_Heracross"": ""images/Heracross_Mega_Heracross.png""}"
215,Sneasel,215,Sharp Claw Pokémon,"[""Dark"", ""Ice""]",55,95,55,35,75,115,,Weavile,"[{""name"": ""Inner Focus"", ""is_hidden"": false}, {""name"": ""Keen Eye"", ""is_hidden"": false}, {""name"": ""Pickpocket"", ""is_hidden"": true}]",images/Sneasel.png,"{""male"": 50.0, ""female"": 50.0}",2026-02-28 03:16:50,
216,Teddiursa,216,Little Bear Pokémon,"[""Normal""]",60,80,50,50,50,40,,Ursaring,"[{""name"": ""Pickup"", ""is_hidden"": false}, {""name"": ""Quick Feet"", ""is_hidden"": false}, {""name"": ""Gen IV+"", ""is_hidden"": false}, {""name"": ""Honey Gather"", ""is_hidden"": true}]",images/Teddiursa.png,"{""male"": 50.0, ""female"": 50.0}",2026-02-28 03:16:50,
217,Ursaring,217,Hibernator Pokémon,"[""Normal""]",90,130,75,75,75,55,Teddiursa,Ursaluna,"[{""name"": ""Guts"", ""is_hidden"": false}, {""name"": ""Quick Feet"", ""is_hidden"": false}, {""name"": ""Gen IV+"", ""is_hidden"": false}, {""name"": ""Unnerve"", ""is_hidden"": true}]",images/Ursaring.png,"{""male"": 50.0, ""female"": 50.0}",2026-02-28 03:16:50,
218,Slugma,218,Lava Pokémon,"[""Fire""]",40,40,40,70,40,20,,Magcargo,"[{""name"": ""Magma Armor"", ""is_hidden"": false}, {""name"": ""Flame Body"", ""is_hidden"": false}, {""name"": ""Weak Armor"", ""is_hidden"": true}]",images/Slugma.png,"{""male"": 50.0, ""female"": 50.0}",2026-02-28 03:16:50,
219,Magcargo,219,Lava Pokémon,"[""Fire"", ""Rock""]",50,50,120,80,80,30,Slugma,,"[{""name"": ""Magma Armor"", ""is_hidden"": false}, {""name"": ""Flame Body"", ""is_hidden"": false}, {""name"": ""Weak Armor"", ""is_hidden"": true}]",images/Magcargo.png,"{""male"": 50.0, ""female"": 50.0}",2026-02-28 03:16:50,
220,Swinub,220,Pig Pokémon,"[""Ice"", ""Ground""]",50,50,40,30,30,50,,Piloswine,"[{""name"": ""Oblivious"", ""is_hidden"": false}, {""name"": ""Snow Cloak"", ""is_hidden"": false}, {""name"": ""Gen IV+"", ""is_hidden"": false}, {""name"": ""Thick Fat"", ""is_hidden"": true}]",images/Swinub.png,"{""male"": 50.0, ""female"": 50.0}",2026-02-28 03:16:50,
221,Piloswine,221,Swine Pokémon,"[""Ice"", ""Ground""]",100,100,80,60,60,50,Swinub,Mamoswine,"[{""name"": ""Oblivious"", ""is_hidden"": false}, {""name"": ""Snow Cloak"", ""is_hidden"": false}, {""name"": ""Gen IV+"", ""is_hidden"": false}, {""name"": ""Thick Fat"", ""is_hidden"": true}]",images/Piloswine.png,"{""male"": 50.0, ""female"": 50.0}",2026-02-28 03:16:50,
222,Corsola,222,Coral Pokémon,"[""Water"", ""Rock""]",55,55,85,65,85,35,,Cursola,"[{""name"": ""Hustle"", ""is_hidden"": false}, {""name"": ""Natural Cure"", ""is_hidden"": false}, {""name"": ""Weak Armor"", ""is_hidden"": false}, {""name"": ""Regenerator"", ""is_hidden"": true}, {""name"": ""Cursed Body"", ""is_hidden"": true}]",images/Corsola.png,"{""male"": 25.0, ""female"": 75.0}",2026-02-28 03:16:50,
223,Remoraid,223,Jet Pokémon,"[""Water""]",35,65,35,65,35,65,,Octillery,"[{""name"": ""Hustle"", ""is_hidden"": false}, {""name"": ""Sniper"", ""is_hidden"": false}, {""name"": ""Gen IV+"", ""is_hidden"": false}, {""name"": ""Moody"", ""is_hidden"": true}]",images/Remoraid.png,"{""male"": 50.0, ""female"": 50.0}",2026-02-28 03:16:50,
224,Octillery,224,Jet Pokémon,"[""Water""]",75,105,75,105,75,45,Remoraid,,"[{""name"": ""Suction Cups"", ""is_hidden"": false}, {""name"": ""Sniper"", ""is_hidden"": false}, {""name"": ""Gen IV+"", ""is_hidden"": false}, {""name"": ""Moody"", ""is_hidden"": true}]",images/Octillery.png,"{""male"": 50.0, ""female"": 50.0}",2026-02-28 03:16:50,
225,Delibird,225,Delivery Pokémon,"[""Ice"", ""Flying""]",45,55,45,65,45,75,,,"[{""name"": ""Vital Spirit"", ""is_hidden"": false}, {""name"": ""Hustle"", ""is_hidden"": false}, {""name"": ""Insomnia"", ""is_hidden"": true}]",images/Delibird.png,"{""male"": 50.0, ""female"": 50.0}",2026-02-28 03:16:50,
226,Mantine,226,Kite Pokémon,"[""Water"", ""Flying""]",65,40,70,80,140,70,Mantyke,,"[{""name"": ""Swift Swim"", ""is_hidden"": false}, {""name"": ""Water Absorb"", ""is_hidden"": false}, {""name"": ""Water Veil"", ""is_hidden"": true}]",images/Mantine.png,"{""male"": 50.0, ""female"": 50.0}",2026-02-28 03:16:50,
227,Skarmory,227,Armor Bird Pokémon,"[""Steel"", ""Flying""]",65,80,140,40,70,70,,,"[{""name"": ""Keen Eye"", ""is_hidden"": false}, {""name"": ""Sturdy"", ""is_hidden"": false}, {""name"": ""Weak Armor"", ""is_hidden"": true}]",images/Skarmory_Skarmory.png,"{""male"": 50.0, ""female"": 50.0}",2026-02-28 03:16:50,"{""Skarmory"": ""images/Skarmory_Skarmory.png"", ""Mega_Skarmory"": ""images/Skarmory_Mega_Skarmory.png""}"
228,Houndour,228,Dark Pokémon,"[""Dark"", ""Fire""]",45,60,30,80,50,65,,Houndoom,"[{""name"": ""Early Bird"", ""is_hidden"": false}, {""name"": ""Flash Fire"", ""is_hidden"": false}, {""name"": ""Unnerve"", ""is_hidden"": true}]",images/Houndour.png,"{""male"": 50.0, ""female"": 50.0}",2026-02-28 03:16:50,
229,Houndoom,229,Dark Pokémon,"[""Dark"", ""Fire""]",75,90,50,110,80,95,Houndour,,"[{""name"": ""Early Bird"", ""is_hidden"": false}, {""name"": ""Flash Fire"", ""is_hidden"": false}, {""name"": ""Unnerve"", ""is_hidden"": true}, {""name"": ""Solar Power"", ""is_hidden"": false}]",images/Houndoom_Houndoom.png,"{""male"": 50.0, ""female"": 50.0}",2026-02-28 03:16:50,"{""Houndoom"": ""images/Houndoom_Houndoom.png"", ""Mega_Houndoom"": ""images/Houndoom_Mega_Houndoom.png""}"
230,Kingdra,230,Dragon Pokémon,"[""Water"", ""Dragon""]",75,95,95,95,95,85,Seadra,,"[{""name"": ""Swift Swim"", ""is_hidden"": false}, {""name"": ""Sniper"", ""is_hidden"": false}, {""name"": ""Gen IV+"", ""is_hidden"": false}, {""name"": ""Damp"", ""is_hidden"": true}]",images/Kingdra.png,"{""male"": 50.0, ""female"": 50.0}",2026-02-28 03:16:50,
231,Phanpy,231,Long Nose Pokémon,"[""Ground""]",90,60,60,40,40,40,,Donphan,"[{""name"": ""Pickup"", ""is_hidden"": false}, {""name"": ""Sand Veil"", ""is_hidden"": true}]",images/Phanpy.png,"{""male"": 50.0, ""female"": 50.0}",2026-02-28 03:16:50,
232,Donphan,232,Armor Pokémon,"[""Ground""]",90,120,120,60,60,50,Phanpy,,"[{""name"": ""Sturdy"", ""is_hidden"": false}, {""name"": ""Sand Veil"", ""is_hidden"": true}]",images/Donphan.png,"{""male"": 50.0, ""female"": 50.0}",2026-02-28 03:16:50,
233,Porygon2,233,Virtual Pokémon,"[""Normal""]",85,80,90,105,95,60,Porygon,Porygon-Z,"[{""name"": ""Trace"", ""is_hidden"": false}, {""name"": ""Download"", ""is_hidden"": false}, {""name"": ""Gen IV+"", ""is_hidden"": false}, {""name"": ""Analytic"", ""is_hidden"": true}]",images/Porygon2.png,,2026-02-28 03:16:50,
234,Stantler,234,Big Horn Pokémon,"[""Normal""]",73,95,62,85,65,85,,Wyrdeer,"[{""name"": ""Intimidate"", ""is_hidden"": false}, {""name"": ""Frisk"", ""is_hidden"": false}, {""name"": ""Gen IV+"", ""is_hidden"": false}, {""name"": ""Sap Sipper"", ""is_hidden"": true}]",images/Stantler.png,"{""male"": 50.0, ""female"": 50.0}",2026-02-28 03:16:50,
235,Smeargle,235,Painter Pokémon,"[""Normal""]",55,20,35,20,45,75,,,"[{""name"": ""Own Tempo"", ""is_hidden"": false}, {""name"": ""Technician"", ""is_hidden"": false}, {""name"": ""Gen IV+"", ""is_hidden"": false}, {""name"": ""Moody"", ""is_hidden"": true}]",images/Smeargle.png,"{""male"": 50.0, ""female"": 50.0}",2026-02-28 03:16:50,
236,Tyrogue,236,Scuffle Pokémon,"[""Fighting""]",35,35,35,35,35,35,,Hitmonlee,"[{""name"": ""Guts"", ""is_hidden"": false}, {""name"": ""Steadfast"", ""is_hidden"": false}, {""name"": ""Gen IV+"", ""is_hidden"": false}, {""name"": ""Vital Spirit"", ""is_hidden"": true}]",images/Tyrogue.png,"{""male"": 100.0, ""female"": null}",2026-02-28 03:16:50,
237,Hitmontop,237,Handstand Pokémon,"[""Fighting""]",50,95,95,35,110,70,Tyrogue,,"[{""name"": ""Intimidate"", ""is_hidden"": false}, {""name"": ""Technician"", ""is_hidden"": false}, {""name"": ""Gen IV+"", ""is_hidden"": false}, {""name"": ""Steadfast"", ""is_hidden"": true}]",images/Hitmontop.png,"{""male"": 100.0, ""female"": null}",2026-02-28 03:16:50,
238,Smoochum,238,Kiss Pokémon,"[""Ice"", ""Psychic""]",45,30,15,85,65,65,,Jynx,"[{""name"": ""Oblivious"", ""is_hidden"": false}, {""name"": ""Forewarn"", ""is_hidden"": false}, {""name"": ""Gen IV+"", ""is_hidden"": false}, {""name"": ""Hydration"", ""is_hidden"": true}]",images/Smoochum.png,"{""male"": null, ""female"": 100.0}",2026-02-28 03:16:50,
239,Elekid,239,Electric Pokémon,"[""Electric""]",45,63,37,65,55,95,,Electabuzz,"[{""name"": ""Static"", ""is_hidden"": false}, {""name"": ""Vital Spirit"", ""is_hidden"": true}]",images/Elekid.png,"{""male"": 75.0, ""female"": 25.0}",2026-02-28 03:16:50,
240,Magby,240,Live Coal Pokémon,"[""Fire""]",45,75,37,70,55,83,,Magmar,"[{""name"": ""Flame Body"", ""is_hidden"": false}, {""name"": ""Vital Spirit"", ""is_hidden"": true}]",images/Magby.png,"{""male"": 75.0, ""female"": 25.0}",2026-02-28 03:16:50,
241,Miltank,241,Milk Cow Pokémon,"[""Normal""]",95,80,105,40,70,100,,,"[{""name"": ""Thick Fat"", ""is_hidden"": false}, {""name"": ""Scrappy"", ""is_hidden"": false}, {""name"": ""Gen IV+"", ""is_hidden"": false}, {""name"": ""Sap Sipper"", ""is_hidden"": true}]",images/Miltank.png,"{""male"": null, ""female"": 100.0}",2026-02-28 03:16:50,
242,Blissey,242,Happiness Pokémon,"[""Normal""]",255,10,10,75,135,55,Chansey,,"[{""name"": ""Natural Cure"", ""is_hidden"": false}, {""name"": ""Serene Grace"", ""is_hidden"": false}, {""name"": ""Healer"", ""is_hidden"": true}]",images/Blissey.png,"{""male"": null, ""female"": 100.0}",2026-02-28 03:16:50,
243,Raikou,243,Thunder Pokémon,"[""Electric""]",90,85,75,115,100,115,,,"[{""name"": ""Pressure"", ""is_hidden"": false}, {""name"": ""Inner Focus"", ""is_hidden"": true}, {""name"": ""Volt Absorb"", ""is_hidden"": true}]",images/Raikou.png,,2026-02-28 03:16:50,
244,Entei,244,Volcano Pokémon,"[""Fire""]",115,115,85,90,75,100,,,"[{""name"": ""Pressure"", ""is_hidden"": false}, {""name"": ""Inner Focus"", ""is_hidden"": true}, {""name"": ""Flash Fire"", ""is_hidden"": true}]",images/Entei.png,,2026-02-28 03:16:50,
245,Suicune,245,Aurora Pokémon,"[""Water""]",100,75,115,90,115,85,,,"[{""name"": ""Pressure"", ""is_hidden"": false}, {""name"": ""Inner Focus"", ""is_hidden"": true}, {""name"": ""Water Absorb"", ""is_hidden"": true}]",images/Suicune.png,,2026-02-28 03:16:50,
246,Larvitar,246,Rock Skin Pokémon,"[""Rock"", ""Ground""]",50,64,50,45,50,41,,Pupitar,"[{""name"": ""Guts"", ""is_hidden"": false}, {""name"": ""Sand Veil"", ""is_hidden"": true}]",images/Larvitar.png,"{""male"": 50.0, ""female"": 50.0}",2026-02-28 03:16:50,
247,Pupitar,247,Hard Shell Pokémon,"[""Rock"", ""Ground""]",70,84,70,65,70,51,Larvitar,Tyranitar,[],images/Pupitar.png,"{""male"": 50.0, ""female"": 50.0}",2026-02-28 03:16:50,
248,Tyranitar,248,Armor Pokémon,"[""Rock"", ""Dark""]",100,134,110,95,100,61,Pupitar,,"[{""name"": ""Sand Stream"", ""is_hidden"": false}, {""name"": ""Unnerve"", ""is_hidden"": true}]",images/Tyranitar_Tyranitar.png,"{""male"": 50.0, ""female"": 50.0}",2026-02-28 03:16:50,"{""Tyranitar"": ""images/Tyranitar_Tyranitar.png"", ""Mega_Tyranitar"": ""images/Tyranitar_Mega_Tyranitar.png""}"
249,Lugia,249,Diving Pokémon,"[""Psychic"", ""Flying""]",106,90,130,90,154,110,,,"[{""name"": ""Pressure"", ""is_hidden"": false}, {""name"": ""Multiscale"", ""is_hidden"": true}]",images/Lugia.png,,2026-02-28 03:16:50,
250,Ho-Oh,250,Rainbow Pokémon,"[""Fire"", ""Flying""]",106,130,90,110,154,90,,,"[{""name"": ""Pressure"", ""is_hidden"": false}, {""name"": ""Regenerator"", ""is_hidden"": true}]",images/Ho_Oh.png,,2026-02-28 03:16:50,
251,Celebi,251,Time Travel Pokémon,"[""Psychic"", ""Grass""]",100,100,100,100,100,100,,,[],images/Celebi.png,,2026-02-28 03:16:50,
252,Treecko,252,Wood Gecko Pokémon,"[""Grass""]",40,45,35,65,55,70,,Grovyle,"[{""name"": ""Overgrow"", ""is_hidden"": false}, {""name"": ""Unburden"", ""is_hidden"": true}]",images/Treecko.png,"{""male"": 87.5, ""female"": 12.5}",2026-02-28 03:16:50,
253,Grovyle,253,Wood Gecko Pokémon,"[""Grass""]",50,65,45,85,65,95,Treecko,Sceptile,"[{""name"": ""Overgrow"", ""is_hidden"": false}, {""name"": ""Unburden"", ""is_hidden"": true}]",images/Grovyle.png,"{""male"": 87.5, ""female"": 12.5}",2026-02-28 03:16:50,
254,Sceptile,254,Forest Pokémon,"[""Grass"", ""Dragon""]",70,85,65,105,85,120,Grovyle,,"[{""name"": ""Overgrow"", ""is_hidden"": false}, {""name"": ""Unburden"", ""is_hidden"": true}, {""name"": ""Lightning Rod"", ""is_hidden"": false}]",images/Sceptile_Sceptile.png,"{""male"": 87.5, ""female"": 12.5}",2026-02-28 03:16:50,"{""Sceptile"": ""images/Sceptile_Sceptile.png"", ""Mega_Sceptile"": ""images/Sceptile_Mega_Sceptile.png""}"
255,Torchic,255,Chick Pokémon,"[""Fire""]",45,60,40,70,50,45,,Combusken,"[{""name"": ""Blaze"", ""is_hidden"": false}, {""name"": ""Speed Boost"", ""is_hidden"": true}]",images/Torchic.png,"{""male"": 87.5, ""female"": 12.5}",2026-02-28 03:16:50,
256,Combusken,256,Young Fowl Pokémon,"[""Fire"", ""Fighting""]",60,85,60,85,60,55,Torchic,Blaziken,"[{""name"": ""Blaze"", ""is_hidden"": false}, {""name"": ""Speed Boost"", ""is_hidden"": true}]",images/Combusken.png,"{""male"": 87.5, ""female"": 12.5}",2026-02-28 03:16:50,
257,Blaziken,257,Blaze Pokémon,"[""Fire"", ""Fighting""]",80,120,70,110,70,80,Combusken,,"[{""name"": ""Blaze"", ""is_hidden"": false}, {""name"": ""Speed Boost"", ""is_hidden"": true}, {""name"": ""Speed Boost"", ""is_hidden"": false}]",images/Blaziken_Blaziken.png,"{""male"": 87.5, ""female"": 12.5}",2026-02-28 03:16:50,"{""Blaziken"": ""images/Blaziken_Blaziken.png"", ""Mega_Blaziken"": ""images/Blaziken_Mega_Blaziken.png""}"
258,Mudkip,258,Mud Fish Pokémon,"[""Water""]",50,70,50,50,50,40,,Marshtomp,"[{""name"": ""Torrent"", ""is_hidden"": false}, {""name"": ""Damp"", ""is_hidden"": true}]",images/Mudkip.png,"{""male"": 87.5, ""female"": 12.5}",2026-02-28 03:16:50,
259,Marshtomp,259,Mud Fish Pokémon,"[""Water"", ""Ground""]",70,85,70,60,70,50,Mudkip,Swampert,"[{""name"": ""Torrent"", ""is_hidden"": false}, {""name"": ""Damp"", ""is_hidden"": true}]",images/Marshtomp.png,"{""male"": 87.5, ""female"": 12.5}",2026-02-28 03:16:50,
260,Swampert,260,Mud Fish Pokémon,"[""Water"", ""Ground""]",100,110,90,85,90,60,Marshtomp,,"[{""name"": ""Torrent"", ""is_hidden"": false}, {""name"": ""Damp"", ""is_hidden"": true}, {""name"": ""Swift Swim"", ""is_hidden"": false}]",images/Swampert_Swampert.png,"{""male"": 87.5, ""female"": 12.5}",2026-02-28 03:16:50,"{""Swampert"": ""images/Swampert_Swampert.png"", ""Mega_Swampert"": ""images/Swampert_Mega_Swampert.png""}"
261,Poochyena,261,Bite Pokémon,"[""Dark""]",35,55,35,30,30,35,,Mightyena,"[{""name"": ""Run Away"", ""is_hidden"": false}, {""name"": ""Quick Feet"", ""is_hidden"": false}, {""name"": ""Gen IV+"", ""is_hidden"": false}, {""name"": ""Rattled"", ""is_hidden"": true}]",images/Poochyena.png,"{""male"": 50.0, ""female"": 50.0}",2026-02-28 03:16:50,
262,Mightyena,262,Bite Pokémon,"[""Dark""]",70,90,70,60,60,70,Poochyena,,"[{""name"": ""Intimidate"", ""is_hidden"": false}, {""name"": ""Quick Feet"", ""is_hidden"": false}, {""name"": ""Gen IV+"", ""is_hidden"": false}, {""name"": ""Moxie"", ""is_hidden"": true}]",images/Mightyena.png,"{""male"": 50.0, ""female"": 50.0}",2026-02-28 03:16:50,
263,Zigzagoon,263,Tiny Raccoon Pokémon,"[""Normal"", ""Dark""]",38,30,41,30,41,60,,Linoone,"[{""name"": ""Pickup"", ""is_hidden"": false}, {""name"": ""Gluttony"", ""is_hidden"": false}, {""name"": ""Gen IV+"", ""is_hidden"": false}, {""name"": ""Quick Feet"", ""is_hidden"": true}]",images/Zigzagoon.png,"{""male"": 50.0, ""female"": 50.0}",2026-02-28 03:16:50,
264,Linoone,264,Rushing Pokémon,"[""Normal"", ""Dark""]",78,70,61,50,61,100,Zigzagoon,Zigzagoon (Galarian),"[{""name"": ""Pickup"", ""is_hidden"": false}, {""name"": ""Gluttony"", ""is_hidden"": false}, {""name"": ""Gen IV+"", ""is_hidden"": false}, {""name"": ""Quick Feet"", ""is_hidden"": true}]",images/Linoone.png,"{""male"": 50.0, ""female"": 50.0}",2026-02-28 03:16:50,
265,Wurmple,265,Worm Pokémon,"[""Bug""]",45,45,35,20,30,20,,Silcoon,"[{""name"": ""Shield Dust"", ""is_hidden"": false}, {""name"": ""Run Away"", ""is_hidden"": true}]",images/Wurmple.png,"{""male"": 50.0, ""female"": 50.0}",2026-02-28 03:16:50,
266,Silcoon,266,Cocoon Pokémon,"[""Bug""]",50,35,55,25,25,15,Wurmple,Beautifly,[],images/Silcoon.png,"{""male"": 50.0, ""female"": 50.0}",2026-02-28 03:16:50,
267,Beautifly,267,Butterfly Pokémon,"[""Bug"", ""Flying""]",60,70,50,90,50,65,Silcoon,,"[{""name"": ""Swarm"", ""is_hidden"": false}, {""name"": ""Rivalry"", ""is_hidden"": true}]",images/Beautifly.png,"{""male"": 50.0, ""female"": 50.0}",2026-02-28 03:16:50,
268,Cascoon,268,Cocoon Pokémon,"[""Bug""]",50,35,55,25,25,15,Wurmple,Dustox,[],images/Cascoon.png,"{""male"": 50.0, ""female"": 50.0}",2026-02-28 03:16:50,
269,Dustox,269,Poison Moth Pokémon,"[""Bug"", ""Poison""]",60,50,70,50,90,65,Cascoon,,"[{""name"": ""Shield Dust"", ""is_hidden"": false}, {""name"": ""Compound Eyes"", ""is_hidden"": true}]",images/Dustox.png,"{""male"": 50.0, ""female"": 50.0}",2026-02-28 03:16:50,
270,Lotad,270,Water Weed Pokémon,"[""Water"", ""Grass""]",40,30,30,40,50,30,,,"[{""name"": ""Swift Swim"", ""is_hidden"": false}, {""name"": ""Rain Dish"", ""is_hidden"": false}, {""name"": ""Own Tempo"", ""is_hidden"": true}]",images/Lotad.png,"{""male"": 50.0, ""female"": 50.0}",2026-02-28 03:16:50,
271,Lombre,271,Jolly Pokémon,"[""Water"", ""Grass""]",60,50,50,60,70,50,,,"[{""name"": ""Swift Swim"", ""is_hidden"": false}, {""name"": ""Rain Dish"", ""is_hidden"": false}, {""name"": ""Own Tempo"", ""is_hidden"": true}]",images/Lombre.png,"{""male"": 50.0, ""female"": 50.0}",2026-02-28 03:16:50,
272,Ludicolo,272,Carefree Pokémon,"[""Water"", ""Grass""]",80,70,70,90,100,70,,,"[{""name"": ""Swift Swim"", ""is_hidden"": false}, {""name"": ""Rain Dish"", ""is_hidden"": false}, {""name"": ""Own Tempo"", ""is_hidden"": true}]",images/Ludicolo.png,"{""male"": 50.0, ""female"": 50.0}",2026-02-28 03:16:50,
273,Seedot,273,Acorn Pokémon,"[""Grass""]",40,40,50,30,30,30,,,"[{""name"": ""Chlorophyll"", ""is_hidden"": false}, {""name"": ""Early Bird"", ""is_hidden"": false}, {""name"": ""Pickpocket"", ""is_hidden"": true}]",images/Seedot.png,"{""male"": 50.0, ""female"": 50.0}",2026-02-28 03:16:50,
274,Nuzleaf,274,Wily Pokémon,"[""Grass"", ""Dark""]",70,70,40,60,40,60,,,"[{""name"": ""Chlorophyll"", ""is_hidden"": false}, {""name"": ""Early Bird"", ""is_hidden"": false}, {""name"": ""Pickpocket"", ""is_hidden"": true}]",images/Nuzleaf.png,"{""male"": 50.0, ""female"": 50.0}",2026-02-28 03:16:50,
275,Shiftry,275,Wicked Pokémon,"[""Grass"", ""Dark""]",90,100,60,90,60,80,,,"[{""name"": ""Chlorophyll"", ""is_hidden"": false}, {""name"": ""Wind Rider"", ""is_hidden"": false}, {""name"": ""Gen IX+"", ""is_hidden"": false}, {""name"": ""Pickpocket"", ""is_hidden"": true}, {""name"": ""Early Bird"", ""is_hidden"": false}, {""name"": ""Gen III"", ""is_hidden"": false}, {""name"": ""VIII"", ""is_hidden"": false}]",images/Shiftry.png,"{""male"": 50.0, ""female"": 50.0}",2026-02-28 03:16:50,
276,Taillow,276,Tiny Swallow Pokémon,"[""Normal"", ""Flying""]",40,55,30,30,30,85,,Swellow,"[{""name"": ""Guts"", ""is_hidden"": false}, {""name"": ""Scrappy"", ""is_hidden"": true}]",images/Taillow.png,"{""male"": 50.0, ""female"": 50.0}",2026-02-28 03:16:50,
277,Swellow,277,Swallow Pokémon,"[""Normal"", ""Flying""]",60,85,60,50,50,125,Taillow,,"[{""name"": ""Guts"", ""is_hidden"": false}, {""name"": ""Scrappy"", ""is_hidden"": true}]",images/Swellow.png,"{""male"": 50.0, ""female"": 50.0}",2026-02-28 03:16:50,
278,Wingull,278,Seagull Pokémon,"[""Water"", ""Flying""]",40,30,30,55,30,85,,Pelipper,"[{""name"": ""Keen Eye"", ""is_hidden"": false}, {""name"": ""Hydration"", ""is_hidden"": false}, {""name"": ""Gen VII+"", ""is_hidden"": false}, {""name"": ""Rain Dish"", ""is_hidden"": true}]",images/Wingull.png,"{""male"": 50.0, ""female"": 50.0}",2026-02-28 03:16:50,
279,Pelipper,279,Water Bird Pokémon,"[""Water"", ""Flying""]",60,50,100,85,70,65,Wingull,,"[{""name"": ""Keen Eye"", ""is_hidden"": false}, {""name"": ""Drizzle"", ""is_hidden"": false}, {""name"": ""Gen VII+"", ""is_hidden"": false}, {""name"": ""Rain Dish"", ""is_hidden"": true}]",images/Pelipper.png,"{""male"": 50.0, ""female"": 50.0}",2026-02-28 03:16:50,
280,Ralts,280,Feeling Pokémon,"[""Psychic"", ""Fairy""]",28,25,25,45,35,40,,Kirlia,"[{""name"": ""Synchronize"", ""is_hidden"": false}, {""name"": ""Trace"", ""is_hidden"": false}, {""name"": ""Telepathy"", ""is_hidden"": true}]",images/Ralts.png,"{""male"": 50.0, ""female"": 50.0}",2026-02-28 03:16:50,
281,Kirlia,281,Emotion Pokémon,"[""Psychic"", ""Fairy""]",38,35,35,65,55,50,Ralts,Gardevoir,"[{""name"": ""Synchronize"", ""is_hidden"": false}, {""name"": ""Trace"", ""is_hidden"": false}, {""name"": ""Telepathy"", ""is_hidden"": true}]",images/Kirlia.png,"{""male"": 50.0, ""female"": 50.0}",2026-02-28 03:16:50,
282,Gardevoir,282,Embrace Pokémon,"[""Psychic"", ""Fairy""]",68,65,65,125,115,80,Kirlia,,"[{""name"": ""Synchronize"", ""is_hidden"": false}, {""name"": ""Trace"", ""is_hidden"": false}, {""name"": ""Telepathy"", ""is_hidden"": true}, {""name"": ""Pixilate"", ""is_hidden"": false}]",images/Gardevoir_Gardevoir.png,"{""male"": 50.0, ""female"": 50.0}",2026-02-28 03:16:50,"{""Gardevoir"": ""images/Gardevoir_Gardevoir.png"", ""Mega_Gardevoir"": ""images/Gardevoir_Mega_Gardevoir.png""}"
283,Surskit,283,Pond Skater Pokémon,"[""Bug"", ""Water""]",40,30,32,50,52,65,,Masquerain,"[{""name"": ""Swift Swim"", ""is_hidden"": false}, {""name"": ""Rain Dish"", ""is_hidden"": true}]",images/Surskit.png,"{""male"": 50.0, ""female"": 50.0}",2026-02-28 03:16:50,
284,Masquerain,284,Eyeball Pokémon,"[""Bug"", ""Flying""]",70,60,62,80,82,60,Surskit,,"[{""name"": ""Intimidate"", ""is_hidden"": false}, {""name"": ""Unnerve"", ""is_hidden"": true}]",images/Masquerain.png,"{""male"": 50.0, ""female"": 50.0}",2026-02-28 03:16:50,
285,Shroomish,285,Mushroom Pokémon,"[""Grass""]",60,40,60,40,60,35,,Breloom,"[{""name"": ""Effect Spore"", ""is_hidden"": false}, {""name"": ""Poison Heal"", ""is_hidden"": false}, {""name"": ""Gen IV+"", ""is_hidden"": false}, {""name"": ""Quick Feet"", ""is_hidden"": true}]",images/Shroomish.png,"{""male"": 50.0, ""female"": 50.0}",2026-02-28 03:16:50,
286,Breloom,286,Mushroom Pokémon,"[""Grass"", ""Fighting""]",60,130,80,60,60,70,Shroomish,,"[{""name"": ""Effect Spore"", ""is_hidden"": false}, {""name"": ""Poison Heal"", ""is_hidden"": false}, {""name"": ""Gen IV+"", ""is_hidden"": false}, {""name"": ""Technician"", ""is_hidden"": true}]",images/Breloom.png,"{""male"": 50.0, ""female"": 50.0}",2026-02-28 03:16:50,
287,Slakoth,287,Slacker Pokémon,"[""Normal""]",60,60,60,35,35,30,,Vigoroth,"[{""name"": ""Ruby"", ""is_hidden"": false}, {""name"": ""Sapphire"", ""is_hidden"": false}, {""name"": ""Emerald"", ""is_hidden"": false}, {""name"": ""FireRed"", ""is_hidden"": false}, {""name"": ""LeafGreen"", ""is_hidden"": false}, {""name"": ""Slakoth lolls around for over twenty hours every day. Because it moves so little"", ""is_hidden"": false}, {""name"": ""it does not need much food. This Pokémon's sole daily meal consists of just three leaves."", ""is_hidden"": false}, {""name"": ""Slakoth's heart beats just once a minute. Whatever happens"", ""is_hidden"": false}, {""name"": ""it is content to loaf around motionless. It is rare to see this Pokémon in motion."", ""is_hidden"": false}, {""name"": ""It sleeps virtually all day and night long. It doesn't change its nest its entire life"", ""is_hidden"": false}, {""name"": ""but it sometimes travels great distances by swimming in rivers."", ""is_hidden"": false}, {""name"": ""It sleeps for 20 hours every day. Making drowsy those that see it is one of its abilities."", ""is_hidden"": false}]",images/Slakoth.png,"{""male"": 50.0, ""female"": 50.0}",2026-02-28 03:16:50,
288,Vigoroth,288,Wild Monkey Pokémon,"[""Normal""]",80,80,80,55,55,90,Slakoth,Slaking,[],images/Vigoroth.png,"{""male"": 50.0, ""female"": 50.0}",2026-02-28 03:16:50,
289,Slaking,289,Lazy Pokémon,"[""Normal""]",150,160,100,95,65,100,Vigoroth,,[],images/Slaking.png,"{""male"": 50.0, ""female"": 50.0}",2026-02-28 03:16:50,
290,Nincada,290,Trainee Pokémon,"[""Bug"", ""Ground""]",31,45,90,30,30,40,,Ninjask,"[{""name"": ""Compound Eyes"", ""is_hidden"": false}, {""name"": ""Run Away"", ""is_hidden"": true}]",images/Nincada.png,"{""male"": 50.0, ""female"": 50.0}",2026-02-28 03:16:50,
291,Ninjask,291,Ninja Pokémon,"[""Bug"", ""Flying""]",61,90,45,50,50,160,Nincada,Shedinja,"[{""name"": ""Speed Boost"", ""is_hidden"": false}, {""name"": ""Infiltrator"", ""is_hidden"": true}]",images/Ninjask.png,"{""male"": 50.0, ""female"": 50.0}",2026-02-28 03:16:50,
292,Shedinja,292,Shed Pokémon,"[""Bug"", ""Ghost""]",1,90,45,30,30,40,Ninjask,,[],images/Shedinja.png,,2026-02-28 03:16:50,
293,Whismur,293,Whisper Pokémon,"[""Normal""]",64,51,23,51,23,28,,Loudred,"[{""name"": ""Soundproof"", ""is_hidden"": false}, {""name"": ""Rattled"", ""is_hidden"": true}]",images/Whismur.png,"{""male"": 50.0, ""female"": 50.0}",2026-02-28 03:16:50,
294,Loudred,294,Big Voice Pokémon,"[""Normal""]",84,71,43,71,43,48,Whismur,Exploud,"[{""name"": ""Soundproof"", ""is_hidden"": false}, {""name"": ""Scrappy"", ""is_hidden"": true}]",images/Loudred.png,"{""male"": 50.0, ""female"": 50.0}",2026-02-28 03:16:50,
295,Exploud,295,Loud Noise Pokémon,"[""Normal""]",104,91,63,91,63,68,Loudred,,"[{""name"": ""Soundproof"", ""is_hidden"": false}, {""name"": ""Scrappy"", ""is_hidden"": true}]",images/Exploud.png,"{""male"": 50.0, ""female"": 50.0}",2026-02-28 03:16:50,
296,Makuhita,296,Guts Pokémon,"[""Fighting""]",72,60,30,20,30,25,,Hariyama,"[{""name"": ""Thick Fat"", ""is_hidden"": false}, {""name"": ""Guts"", ""is_hidden"": false}, {""name"": ""Sheer Force"", ""is_hidden"": true}]",images/Makuhita.png,"{""male"": 75.0, ""female"": 25.0}",2026-02-28 03:16:50,
297,Hariyama,297,Arm Thrust Pokémon,"[""Fighting""]",144,120,60,40,60,50,Makuhita,,"[{""name"": ""Thick Fat"", ""is_hidden"": false}, {""name"": ""Guts"", ""is_hidden"": false}, {""name"": ""Sheer Force"", ""is_hidden"": true}]",images/Hariyama.png,"{""male"": 75.0, ""female"": 25.0}",2026-02-28 03:16:50,
298,Azurill,298,Polka Dot Pokémon,"[""Normal"", ""Fairy""]",50,20,40,20,40,20,,Marill,"[{""name"": ""Thick Fat"", ""is_hidden"": false}, {""name"": ""Huge Power"", ""is_hidden"": false}, {""name"": ""Sap Sipper"", ""is_hidden"": true}]",images/Azurill.png,"{""male"": 25.0, ""female"": 75.0}",2026-02-28 03:16:50,
299,Nosepass,299,Compass Pokémon,"[""Rock""]",30,45,135,45,90,30,,Probopass,"[{""name"": ""Sturdy"", ""is_hidden"": false}, {""name"": ""Magnet Pull"", ""is_hidden"": false}, {""name"": ""Sand Force"", ""is_hidden"": true}]",images/Nosepass.png,"{""male"": 50.0, ""female"": 50.0}",2026-02-28 03:16:50,
300,Skitty,300,Kitten Pokémon,"[""Normal""]",50,45,45,35,35,50,,Delcatty,"[{""name"": ""Cute Charm"", ""is_hidden"": false}, {""name"": ""Normalize"", ""is_hidden"": false}, {""name"": ""Gen IV+"", ""is_hidden"": false}, {""name"": ""Wonder Skin"", ""is_hidden"": true}]",images/Skitty.png,"{""male"": 25.0, ""female"": 75.0}",2026-02-28 03:16:50,
301,Delcatty,301,Prim Pokémon,"[""Normal""]",70,65,65,55,55,70,Skitty,,"[{""name"": ""Cute Charm"", ""is_hidden"": false}, {""name"": ""Normalize"", ""is_hidden"": false}, {""name"": ""Gen IV+"", ""is_hidden"": false}, {""name"": ""Wonder Skin"", ""is_hidden"": true}]",images/Delcatty.png,"{""male"": 25.0, ""female"": 75.0}",2026-02-28 03:16:50,
302,Sableye,302,Darkness Pokémon,"[""Dark"", ""Ghost""]",50,75,75,65,65,50,,,"[{""name"": ""Keen Eye"", ""is_hidden"": false}, {""name"": ""Stall"", ""is_hidden"": false}, {""name"": ""Gen IV+"", ""is_hidden"": false}, {""name"": ""Prankster"", ""is_hidden"": true}, {""name"": ""Magic Bounce"", ""is_hidden"": false}]",images/Sableye_Sableye.png,"{""male"": 50.0, ""female"": 50.0}",2026-02-28 03:16:50,"{""Sableye"": ""images/Sableye_Sableye.png"", ""Mega_Sableye"": ""images/Sableye_Mega_Sableye.png""}"
303,Mawile,303,Deceiver Pokémon,"[""Steel"", ""Fairy""]",50,85,85,55,55,50,,,"[{""name"": ""Hyper Cutter"", ""is_hidden"": false}, {""name"": ""Intimidate"", ""is_hidden"": false}, {""name"": ""Sheer Force"", ""is_hidden"": true}, {""name"": ""Huge Power"", ""is_hidden"": false}]",images/Mawile_Mawile.png,"{""male"": 50.0, ""female"": 50.0}",2026-02-28 03:16:50,"{""Mawile"": ""images/Mawile_Mawile.png"", ""Mega_Mawile"": ""images/Mawile_Mega_Mawile.png""}"
304,Aron,304,Iron Armor Pokémon,"[""Steel"", ""Rock""]",50,70,100,40,40,30,,Lairon,"[{""name"": ""Sturdy"", ""is_hidden"": false}, {""name"": ""Rock Head"", ""is_hidden"": false}, {""name"": ""Heavy Metal"", ""is_hidden"": true}]",images/Aron.png,"{""male"": 50.0, ""female"": 50.0}",2026-02-28 03:16:50,
305,Lairon,305,Iron Armor Pokémon,"[""Steel"", ""Rock""]",60,90,140,50,50,40,Aron,Aggron,"[{""name"": ""Sturdy"", ""is_hidden"": false}, {""name"": ""Rock Head"", ""is_hidden"": false}, {""name"": ""Heavy Metal"", ""is_hidden"": true}]",images/Lairon.png,"{""male"": 50.0, ""female"": 50.0}",2026-02-28 03:16:50,
306,Aggron,306,Iron Armor Pokémon,"[""Steel"", ""Rock""]",70,110,180,60,60,50,Lairon,,"[{""name"": ""Sturdy"", ""is_hidden"": false}, {""name"": ""Rock Head"", ""is_hidden"": false}, {""name"": ""Heavy Metal"", ""is_hidden"": true}, {""name"": ""Filter"", ""is_hidden"": false}]",images/Aggron_Aggron.png,"{""male"": 50.0, ""female"": 50.0}",2026-02-28 03:16:50,"{""Aggron"": ""images/Aggron_Aggron.png"", ""Mega_Aggron"": ""images/Aggron_Mega_Aggron.png""}"
307,Meditite,307,Meditate Pokémon,"[""Fighting"", ""Psychic""]",30,40,55,40,55,60,,Medicham,"[{""name"": ""Pure Power"", ""is_hidden"": false}, {""name"": ""Telepathy"", ""is_hidden"": true}]",images/Meditite.png,"{""male"": 50.0, ""female"": 50.0}",2026-02-28 03:16:50,
308,Medicham,308,Meditate Pokémon,"[""Fighting"", ""Psychic""]",60,60,75,60,75,80,Meditite,,"[{""name"": ""Pure Power"", ""is_hidden"": false}, {""name"": ""Telepathy"", ""is_hidden"": true}]",images/Medicham_Medicham.png,"{""male"": 50.0, ""female"": 50.0}",2026-02-28 03:16:50,"{""Medicham"": ""images/Medicham_Medicham.png"", ""Mega_Medicham"": ""images/Medicham_Mega_Medicham.png""}"
309,Electrike,309,Lightning Pokémon,"[""Electric""]",40,45,40,65,40,65,,Manectric,"[{""name"": ""Static"", ""is_hidden"": false}, {""name"": ""Lightning Rod"", ""is_hidden"": false}, {""name"": ""Minus"", ""is_hidden"": true}]",images/Electrike.png,"{""male"": 50.0, ""female"": 50.0}",2026-02-28 03:16:50,
310,Manectric,310,Discharge Pokémon,"[""Electric""]",70,75,60,105,60,105,Electrike,,"[{""name"": ""Static"", ""is_hidden"": false}, {""name"": ""Lightning Rod"", ""is_hidden"": false}, {""name"": ""Minus"", ""is_hidden"": true}, {""name"": ""Intimidate"", ""is_hidden"": false}]",images/Manectric_Manectric.png,"{""male"": 50.0, ""female"": 50.0}",2026-02-28 03:16:50,"{""Manectric"": ""images/Manectric_Manectric.png"", ""Mega_Manectric"": ""images/Manectric_Mega_Manectric.png""}"
311,Plusle,311,Cheering Pokémon,"[""Electric""]",60,50,40,85,75,95,,,"[{""name"": ""Plus"", ""is_hidden"": false}, {""name"": ""Lightning Rod"", ""is_hidden"": true}]",images/Plusle.png,"{""male"": 50.0, ""female"": 50.0}",2026-02-28 03:16:50,
312,Minun,312,Cheering Pokémon,"[""Electric""]",60,40,50,75,85,95,,,"[{""name"": ""Minus"", ""is_hidden"": false}, {""name"": ""Volt Absorb"", ""is_hidden"": true}]",images/Minun.png,"{""male"": 50.0, ""female"": 50.0}",2026-02-28 03:16:50,
313,Volbeat,313,Firefly Pokémon,"[""Bug""]",65,73,55,47,75,85,,,"[{""name"": ""Illuminate"", ""is_hidden"": false}, {""name"": ""Swarm"", ""is_hidden"": false}, {""name"": ""Prankster"", ""is_hidden"": true}]",images/Volbeat.png,"{""male"": 100.0, ""female"": null}",2026-02-28 03:16:50,
314,Illumise,314,Firefly Pokémon,"[""Bug""]",65,47,55,73,75,85,,,"[{""name"": ""Oblivious"", ""is_hidden"": false}, {""name"": ""Tinted Lens"", ""is_hidden"": false}, {""name"": ""Gen IV+"", ""is_hidden"": false}, {""name"": ""Prankster"", ""is_hidden"": true}]",images/Illumise.png,"{""male"": null, ""female"": 100.0}",2026-02-28 03:16:50,
315,Roselia,315,Thorn Pokémon,"[""Grass"", ""Poison""]",50,60,45,100,80,65,Budew,Roserade,"[{""name"": ""Natural Cure"", ""is_hidden"": false}, {""name"": ""Poison Point"", ""is_hidden"": false}, {""name"": ""Leaf Guard"", ""is_hidden"": true}]",images/Roselia.png,"{""male"": 50.0, ""female"": 50.0}",2026-02-28 03:16:50,
316,Gulpin,316,Stomach Pokémon,"[""Poison""]",70,43,53,43,53,40,,Swalot,"[{""name"": ""Liquid Ooze"", ""is_hidden"": false}, {""name"": ""Sticky Hold"", ""is_hidden"": false}, {""name"": ""Gluttony"", ""is_hidden"": true}]",images/Gulpin.png,"{""male"": 50.0, ""female"": 50.0}",2026-02-28 03:16:50,
317,Swalot,317,Poison Bag Pokémon,"[""Poison""]",100,73,83,73,83,55,Gulpin,,"[{""name"": ""Liquid Ooze"", ""is_hidden"": false}, {""name"": ""Sticky Hold"", ""is_hidden"": false}, {""name"": ""Gluttony"", ""is_hidden"": true}]",images/Swalot.png,"{""male"": 50.0, ""female"": 50.0}",2026-02-28 03:16:50,
318,Carvanha,318,Savage Pokémon,"[""Water"", ""Dark""]",45,90,20,65,20,65,,Sharpedo,"[{""name"": ""Rough Skin"", ""is_hidden"": false}, {""name"": ""Speed Boost"", ""is_hidden"": true}]",images/Carvanha.png,"{""male"": 50.0, ""female"": 50.0}",2026-02-28 03:16:50,
319,Sharpedo,319,Brutal Pokémon,"[""Water"", ""Dark""]",70,120,40,95,40,95,Carvanha,,"[{""name"": ""Rough Skin"", ""is_hidden"": false}, {""name"": ""Speed Boost"", ""is_hidden"": true}, {""name"": ""Strong Jaw"", ""is_hidden"": false}]",images/Sharpedo_Sharpedo.png,"{""male"": 50.0, ""female"": 50.0}",2026-02-28 03:16:50,"{""Sharpedo"": ""images/Sharpedo_Sharpedo.png"", ""Mega_Sharpedo"": ""images/Sharpedo_Mega_Sharpedo.png""}"
320,Wailmer,320,Ball Whale Pokémon,"[""Water""]",130,70,35,70,35,60,,Wailord,"[{""name"": ""Water Veil"", ""is_hidden"": false}, {""name"": ""Oblivious"", ""is_hidden"": false}, {""name"": ""Pressure"", ""is_hidden"": true}]",images/Wailmer.png,"{""male"": 50.0, ""female"": 50.0}",2026-02-28 03:16:50,
321,Wailord,321,Float Whale Pokémon,"[""Water""]",170,90,45,90,45,60,Wailmer,,"[{""name"": ""Water Veil"", ""is_hidden"": false}, {""name"": ""Oblivious"", ""is_hidden"": false}, {""name"": ""Pressure"", ""is_hidden"": true}]",images/Wailord.png,"{""male"": 50.0, ""female"": 50.0}",2026-02-28 03:16:50,
322,Numel,322,Numb Pokémon,"[""Fire"", ""Ground""]",60,60,40,65,45,35,,Camerupt,"[{""name"": ""Oblivious"", ""is_hidden"": false}, {""name"": ""Simple"", ""is_hidden"": false}, {""name"": ""Gen IV+"", ""is_hidden"": false}, {""name"": ""Own Tempo"", ""is_hidden"": true}]",images/Numel.png,"{""male"": 50.0, ""female"": 50.0}",2026-02-28 03:16:50,
323,Camerupt,323,Eruption Pokémon,"[""Fire"", ""Ground""]",70,100,70,105,75,40,Numel,,"[{""name"": ""Magma Armor"", ""is_hidden"": false}, {""name"": ""Solid Rock"", ""is_hidden"": false}, {""name"": ""Gen IV+"", ""is_hidden"": false}, {""name"": ""Anger Point"", ""is_hidden"": true}, {""name"": ""Sheer Force"", ""is_hidden"": false}]",images/Camerupt_Camerupt.png,"{""male"": 50.0, ""female"": 50.0}",2026-02-28 03:16:50,"{""Camerupt"": ""images/Camerupt_Camerupt.png"", ""Mega_Camerupt"": ""images/Camerupt_Mega_Camerupt.png""}"
324,Torkoal,324,Coal Pokémon,"[""Fire""]",70,85,140,85,70,20,,,"[{""name"": ""White Smoke"", ""is_hidden"": false}, {""name"": ""Drought"", ""is_hidden"": false}, {""name"": ""Gen VII+"", ""is_hidden"": false}, {""name"": ""Shell Armor"", ""is_hidden"": true}]",images/Torkoal.png,"{""male"": 50.0, ""female"": 50.0}",2026-02-28 03:16:50,
325,Spoink,325,Bounce Pokémon,"[""Psychic""]",60,25,35,70,80,60,,Grumpig,"[{""name"": ""Thick Fat"", ""is_hidden"": false}, {""name"": ""Own Tempo"", ""is_hidden"": false}, {""name"": ""Gluttony"", ""is_hidden"": true}]",images/Spoink.png,"{""male"": 50.0, ""female"": 50.0}",2026-02-28 03:16:50,
326,Grumpig,326,Manipulate Pokémon,"[""Psychic""]",80,45,65,90,110,80,Spoink,,"[{""name"": ""Thick Fat"", ""is_hidden"": false}, {""name"": ""Own Tempo"", ""is_hidden"": false}, {""name"": ""Gluttony"", ""is_hidden"": true}]",images/Grumpig.png,"{""male"": 50.0, ""female"": 50.0}",2026-02-28 03:16:50,
327,Spinda,327,Spot Panda Pokémon,"[""Normal""]",60,60,60,60,60,60,,,"[{""name"": ""Own Tempo"", ""is_hidden"": false}, {""name"": ""Tangled Feet"", ""is_hidden"": false}, {""name"": ""Gen IV+"", ""is_hidden"": false}, {""name"": ""Contrary"", ""is_hidden"": true}]",images/Spinda.png,"{""male"": 50.0, ""female"": 50.0}",2026-02-28 03:16:50,
328,Trapinch,328,Ant Pit Pokémon,"[""Ground""]",45,100,45,45,45,10,,Vibrava,"[{""name"": ""Hyper Cutter"", ""is_hidden"": false}, {""name"": ""Arena Trap"", ""is_hidden"": false}, {""name"": ""Sheer Force"", ""is_hidden"": true}]",images/Trapinch.png,"{""male"": 50.0, ""female"": 50.0}",2026-02-28 03:16:50,
329,Vibrava,329,Vibration Pokémon,"[""Ground"", ""Dragon""]",50,70,50,50,50,70,Trapinch,Flygon,[],images/Vibrava.png,"{""male"": 50.0, ""female"": 50.0}",2026-02-28 03:16:50,
330,Flygon,330,Mystic Pokémon,"[""Ground"", ""Dragon""]",80,100,80,80,80,100,Vibrava,,[],images/Flygon.png,"{""male"": 50.0, ""female"": 50.0}",2026-02-28 03:16:50,
331,Cacnea,331,Cactus Pokémon,"[""Grass""]",50,85,40,85,40,35,,Cacturne,"[{""name"": ""Sand Veil"", ""is_hidden"": false}, {""name"": ""Water Absorb"", ""is_hidden"": true}]",images/Cacnea.png,"{""male"": 50.0, ""female"": 50.0}",2026-02-28 03:16:50,
332,Cacturne,332,Scarecrow Pokémon,"[""Grass"", ""Dark""]",70,115,60,115,60,55,Cacnea,,"[{""name"": ""Sand Veil"", ""is_hidden"": false}, {""name"": ""Water Absorb"", ""is_hidden"": true}]",images/Cacturne.png,"{""male"": 50.0, ""female"": 50.0}",2026-02-28 03:16:50,
333,Swablu,333,Cotton Bird Pokémon,"[""Normal"", ""Flying""]",45,40,60,40,75,50,,Altaria,"[{""name"": ""Natural Cure"", ""is_hidden"": false}, {""name"": ""Cloud Nine"", ""is_hidden"": true}]",images/Swablu.png,"{""male"": 50.0, ""female"": 50.0}",2026-02-28 03:16:50,
334,Altaria,334,Humming Pokémon,"[""Dragon"", ""Flying""]",75,70,90,70,105,80,Swablu,,"[{""name"": ""Natural Cure"", ""is_hidden"": false}, {""name"": ""Cloud Nine"", ""is_hidden"": true}, {""name"": ""Pixilate"", ""is_hidden"": false}]",images/Altaria_Altaria.png,"{""male"": 50.0, ""female"": 50.0}",2026-02-28 03:16:50,"{""Altaria"": ""images/Altaria_Altaria.png"", ""Mega_Altaria"": ""images/Altaria_Mega_Altaria.png""}"
335,Zangoose,335,Cat Ferret Pokémon,"[""Normal""]",73,115,60,60,60,90,,,"[{""name"": ""Immunity"", ""is_hidden"": false}, {""name"": ""Toxic Boost"", ""is_hidden"": true}]",images/Zangoose.png,"{""male"": 50.0, ""female"": 50.0}",2026-02-28 03:16:50,
336,Seviper,336,Fang Snake Pokémon,"[""Poison""]",73,100,60,100,60,65,,,"[{""name"": ""Shed Skin"", ""is_hidden"": false}, {""name"": ""Infiltrator"", ""is_hidden"": true}]",images/Seviper.png,"{""male"": 50.0, ""female"": 50.0}",2026-02-28 03:16:50,
337,Lunatone,337,Meteorite Pokémon,"[""Rock"", ""Psychic""]",70,55,65,95,85,70,,,[],images/Lunatone.png,,2026-02-28 03:16:50,
338,Solrock,338,Meteorite Pokémon,"[""Rock"", ""Psychic""]",70,95,85,55,65,70,,,[],images/Solrock.png,,2026-02-28 03:16:50,
339,Barboach,339,Whiskers Pokémon,"[""Water"", ""Ground""]",50,48,43,46,41,60,,Whiscash,"[{""name"": ""Oblivious"", ""is_hidden"": false}, {""name"": ""Anticipation"", ""is_hidden"": false}, {""name"": ""Gen IV+"", ""is_hidden"": false}, {""name"": ""Hydration"", ""is_hidden"": true}]",images/Barboach.png,"{""male"": 50.0, ""female"": 50.0}",2026-02-28 03:16:50,
340,Whiscash,340,Whiskers Pokémon,"[""Water"", ""Ground""]",110,78,73,76,71,60,Barboach,,"[{""name"": ""Oblivious"", ""is_hidden"": false}, {""name"": ""Anticipation"", ""is_hidden"": false}, {""name"": ""Gen IV+"", ""is_hidden"": false}, {""name"": ""Hydration"", ""is_hidden"": true}]",images/Whiscash.png,"{""male"": 50.0, ""female"": 50.0}",2026-02-28 03:16:50,
341,Corphish,341,Ruffian Pokémon,"[""Water""]",43,80,65,50,35,35,,Crawdaunt,"[{""name"": ""Hyper Cutter"", ""is_hidden"": false}, {""name"": ""Shell Armor"", ""is_hidden"": false}, {""name"": ""Adaptability"", ""is_hidden"": true}]",images/Corphish.png,"{""male"": 50.0, ""female"": 50.0}",2026-02-28 03:16:50,
342,Crawdaunt,342,Rogue Pokémon,"[""Water"", ""Dark""]",63,120,85,90,55,55,Corphish,,"[{""name"": ""Hyper Cutter"", ""is_hidden"": false}, {""name"": ""Shell Armor"", ""is_hidden"": false}, {""name"": ""Adaptability"", ""is_hidden"": true}]",images/Crawdaunt.png,"{""male"": 50.0, ""female"": 50.0}",2026-02-28 03:16:50,
343,Baltoy,343,Clay Doll Pokémon,"[""Ground"", ""Psychic""]",40,40,55,40,70,55,,Claydol,[],images/Baltoy.png,,2026-02-28 03:16:50,
344,Claydol,344,Clay Doll Pokémon,"[""Ground"", ""Psychic""]",60,70,105,70,120,75,Baltoy,,[],images/Claydol.png,,2026-02-28 03:16:50,
345,Lileep,345,Sea Lily Pokémon,"[""Rock"", ""Grass""]",66,41,77,61,87,23,,Cradily,"[{""name"": ""Suction Cups"", ""is_hidden"": false}, {""name"": ""Storm Drain"", ""is_hidden"": true}]",images/Lileep.png,"{""male"": 87.5, ""female"": 12.5}",2026-02-28 03:16:50,
346,Cradily,346,Barnacle Pokémon,"[""Rock"", ""Grass""]",86,81,97,81,107,43,Lileep,,"[{""name"": ""Suction Cups"", ""is_hidden"": false}, {""name"": ""Storm Drain"", ""is_hidden"": true}]",images/Cradily.png,"{""male"": 87.5, ""female"": 12.5}",2026-02-28 03:16:50,
347,Anorith,347,Old Shrimp Pokémon,"[""Rock"", ""Bug""]",45,95,50,40,50,75,,Armaldo,"[{""name"": ""Battle Armor"", ""is_hidden"": false}, {""name"": ""Swift Swim"", ""is_hidden"": true}]",images/Anorith.png,"{""male"": 87.5, ""female"": 12.5}",2026-02-28 03:16:50,
348,Armaldo,348,Plate Pokémon,"[""Rock"", ""Bug""]",75,125,100,70,80,45,Anorith,,"[{""name"": ""Battle Armor"", ""is_hidden"": false}, {""name"": ""Swift Swim"", ""is_hidden"": true}]",images/Armaldo.png,"{""male"": 87.5, ""female"": 12.5}",2026-02-28 03:16:50,
349,Feebas,349,Fish Pokémon,"[""Water""]",20,15,20,10,55,80,,Milotic,"[{""name"": ""Swift Swim"", ""is_hidden"": false}, {""name"": ""Oblivious"", ""is_hidden"": false}, {""name"": ""Gen VI+"", ""is_hidden"": false}, {""name"": ""Adaptability"", ""is_hidden"": true}]",images/Feebas.png,"{""male"": 50.0, ""female"": 50.0}",2026-02-28 03:16:50,
350,Milotic,350,Tender Pokémon,"[""Water""]",95,60,79,100,125,81,Feebas,,"[{""name"": ""Marvel Scale"", ""is_hidden"": false}, {""name"": ""Competitive"", ""is_hidden"": false}, {""name"": ""Gen VI+"", ""is_hidden"": false}, {""name"": ""Cute Charm"", ""is_hidden"": true}]",images/Milotic.png,"{""male"": 50.0, ""female"": 50.0}",2026-02-28 03:16:50,
351,Castform,351,Weather Pokémon,"[""Normal"", ""Fire""]",70,70,70,70,70,70,,,[],images/Castform_Sunny.png,"{""male"": 50.0, ""female"": 50.0}",2026-02-28 03:16:50,"{""Sunny"": ""images/Castform_Sunny.png"", ""Rainy"": ""images/Castform_Rainy.png"", ""Snowy"": ""images/Castform_Snowy.png""}"
352,Kecleon,352,Color Swap Pokémon,"[""Normal""]",60,90,70,60,120,40,,,"[{""name"": ""Color Change"", ""is_hidden"": false}, {""name"": ""Protean"", ""is_hidden"": true}]",images/Kecleon.png,"{""male"": 50.0, ""female"": 50.0}",2026-02-28 03:16:50,
353,Shuppet,353,Puppet Pokémon,"[""Ghost""]",44,75,35,63,33,45,,Banette,"[{""name"": ""Insomnia"", ""is_hidden"": false}, {""name"": ""Frisk"", ""is_hidden"": false}, {""name"": ""Gen IV+"", ""is_hidden"": false}, {""name"": ""Cursed Body"", ""is_hidden"": true}]",images/Shuppet.png,"{""male"": 50.0, ""female"": 50.0}",2026-02-28 03:16:50,
354,Banette,354,Marionette Pokémon,"[""Ghost""]",64,115,65,83,63,65,Shuppet,,"[{""name"": ""Insomnia"", ""is_hidden"": false}, {""name"": ""Frisk"", ""is_hidden"": false}, {""name"": ""Gen IV+"", ""is_hidden"": false}, {""name"": ""Cursed Body"", ""is_hidden"": true}, {""name"": ""Prankster"", ""is_hidden"": false}]",images/Banette_Banette.png,"{""male"": 50.0, ""female"": 50.0}",2026-02-28 03:16:50,"{""Banette"": ""images/Banette_Banette.png"", ""Mega_Banette"": ""images/Banette_Mega_Banette.png""}"
355,Duskull,355,Requiem Pokémon,"[""Ghost""]",20,40,90,30,90,25,,Dusclops,"[{""name"": ""Levitate"", ""is_hidden"": false}, {""name"": ""Frisk"", ""is_hidden"": true}]",images/Duskull.png,"{""male"": 50.0, ""female"": 50.0}",2026-02-28 03:16:50,
356,Dusclops,356,Beckon Pokémon,"[""Ghost""]",40,70,130,60,130,25,Duskull,Dusknoir,"[{""name"": ""Pressure"", ""is_hidden"": false}, {""name"": ""Frisk"", ""is_hidden"": true}]",images/Dusclops.png,"{""male"": 50.0, ""female"": 50.0}",2026-02-28 03:16:50,
357,Tropius,357,Fruit Pokémon,"[""Grass"", ""Flying""]",99,68,83,72,87,51,,,"[{""name"": ""Chlorophyll"", ""is_hidden"": false}, {""name"": ""Solar Power"", ""is_hidden"": false}, {""name"": ""Gen IV+"", ""is_hidden"": false}, {""name"": ""Harvest"", ""is_hidden"": true}]",images/Tropius.png,"{""male"": 50.0, ""female"": 50.0}",2026-02-28 03:16:50,
358,Chimecho,358,Wind Chime Pokémon,"[""Psychic"", ""Steel""]",65,50,70,95,80,65,Chingling,,[],images/Chimecho_Chimecho.png,"{""male"": 50.0, ""female"": 50.0}",2026-02-28 03:16:50,"{""Chimecho"": ""images/Chimecho_Chimecho.png"", ""Mega_Chimecho"": ""images/Chimecho_Mega_Chimecho.png""}"
359,Absol,359,Disaster Pokémon,"[""Dark"", ""Ghost""]",65,130,60,75,60,75,,,"[{""name"": ""Pressure"", ""is_hidden"": false}, {""name"": ""Super Luck"", ""is_hidden"": false}, {""name"": ""Gen IV+"", ""is_hidden"": false}, {""name"": ""Justified"", ""is_hidden"": true}, {""name"": ""Magic Bounce"", ""is_hidden"": false}]",images/Absol_Absol.png,"{""male"": 50.0, ""female"": 50.0}",2026-02-28 03:16:50,"{""Absol"": ""images/Absol_Absol.png"", ""Mega_Absol"": ""images/Absol_Mega_Absol.png"", ""Mega_Absol_Z"": ""images/Absol_Mega_Absol_Z.png""}"
360,Wynaut,360,Bright Pokémon,"[""Psychic""]",95,23,48,23,48,23,,Wobbuffet,"[{""name"": ""Shadow Tag"", ""is_hidden"": false}, {""name"": ""Telepathy"", ""is_hidden"": true}]",images/Wynaut.png,"{""male"": 50.0, ""female"": 50.0}",2026-02-28 03:16:50,
361,Snorunt,361,Snow Hat Pokémon,"[""Ice""]",50,50,50,50,50,50,,Glalie,"[{""name"": ""Inner Focus"", ""is_hidden"": false}, {""name"": ""Ice Body"", ""is_hidden"": false}, {""name"": ""Gen IV+"", ""is_hidden"": false}, {""name"": ""Moody"", ""is_hidden"": true}]",images/Snorunt.png,"{""male"": 50.0, ""female"": 50.0}",2026-02-28 03:16:50,
362,Glalie,362,Face Pokémon,"[""Ice""]",80,80,80,80,80,80,Snorunt,,"[{""name"": ""Inner Focus"", ""is_hidden"": false}, {""name"": ""Ice Body"", ""is_hidden"": false}, {""name"": ""Gen IV+"", ""is_hidden"": false}, {""name"": ""Moody"", ""is_hidden"": true}, {""name"": ""Refrigerate"", ""is_hidden"": false}]",images/Glalie_Glalie.png,"{""male"": 50.0, ""female"": 50.0}",2026-02-28 03:16:50,"{""Glalie"": ""images/Glalie_Glalie.png"", ""Mega_Glalie"": ""images/Glalie_Mega_Glalie.png""}"
363,Spheal,363,Clap Pokémon,"[""Ice"", ""Water""]",70,40,50,55,50,25,,Sealeo,"[{""name"": ""Thick Fat"", ""is_hidden"": false}, {""name"": ""Ice Body"", ""is_hidden"": false}, {""name"": ""Gen IV+"", ""is_hidden"": false}, {""name"": ""Oblivious"", ""is_hidden"": true}]",images/Spheal.png,"{""male"": 50.0, ""female"": 50.0}",2026-02-28 03:16:50,
364,Sealeo,364,Ball Roll Pokémon,"[""Ice"", ""Water""]",90,60,70,75,70,45,Spheal,Walrein,"[{""name"": ""Thick Fat"", ""is_hidden"": false}, {""name"": ""Ice Body"", ""is_hidden"": false}, {""name"": ""Gen IV+"", ""is_hidden"": false}, {""name"": ""Oblivious"", ""is_hidden"": true}]",images/Sealeo.png,"{""male"": 50.0, ""female"": 50.0}",2026-02-28 03:16:50,
365,Walrein,365,Ice Break Pokémon,"[""Ice"", ""Water""]",110,80,90,95,90,65,Sealeo,,"[{""name"": ""Thick Fat"", ""is_hidden"": false}, {""name"": ""Ice Body"", ""is_hidden"": false}, {""name"": ""Gen IV+"", ""is_hidden"": false}, {""name"": ""Oblivious"", ""is_hidden"": true}]",images/Walrein.png,"{""male"": 50.0, ""female"": 50.0}",2026-02-28 03:16:50,
366,Clamperl,366,Bivalve Pokémon,"[""Water""]",35,64,85,74,55,32,,Huntail,"[{""name"": ""Shell Armor"", ""is_hidden"": false}, {""name"": ""Rattled"", ""is_hidden"": true}]",images/Clamperl.png,"{""male"": 50.0, ""female"": 50.0}",2026-02-28 03:16:50,
367,Huntail,367,Deep Sea Pokémon,"[""Water""]",55,104,105,94,75,52,Clamperl,,"[{""name"": ""Swift Swim"", ""is_hidden"": false}, {""name"": ""Water Veil"", ""is_hidden"": true}]",images/Huntail.png,"{""male"": 50.0, ""female"": 50.0}",2026-02-28 03:16:50,
368,Gorebyss,368,South Sea Pokémon,"[""Water""]",55,84,105,114,75,52,Clamperl,,"[{""name"": ""Swift Swim"", ""is_hidden"": false}, {""name"": ""Hydration"", ""is_hidden"": true}]",images/Gorebyss.png,"{""male"": 50.0, ""female"": 50.0}",2026-02-28 03:16:50,
369,Relicanth,369,Longevity Pokémon,"[""Water"", ""Rock""]",100,90,130,45,65,55,,,"[{""name"": ""Swift Swim"", ""is_hidden"": false}, {""name"": ""Rock Head"", ""is_hidden"": false}, {""name"": ""Sturdy"", ""is_hidden"": true}]",images/Relicanth.png,"{""male"": 87.5, ""female"": 12.5}",2026-02-28 03:16:50,
370,Luvdisc,370,Rendezvous Pokémon,"[""Water""]",43,30,55,40,65,97,,,"[{""name"": ""Swift Swim"", ""is_hidden"": false}, {""name"": ""Hydration"", ""is_hidden"": true}]",images/Luvdisc.png,"{""male"": 25.0, ""female"": 75.0}",2026-02-28 03:16:50,
371,Bagon,371,Rock Head Pokémon,"[""Dragon""]",45,75,60,40,30,50,,Shelgon,"[{""name"": ""Rock Head"", ""is_hidden"": false}, {""name"": ""Sheer Force"", ""is_hidden"": true}]",images/Bagon.png,"{""male"": 50.0, ""female"": 50.0}",2026-02-28 03:16:50,
372,Shelgon,372,Endurance Pokémon,"[""Dragon""]",65,95,100,60,50,50,Bagon,Salamence,"[{""name"": ""Rock Head"", ""is_hidden"": false}, {""name"": ""Overcoat"", ""is_hidden"": true}]",images/Shelgon.png,"{""male"": 50.0, ""female"": 50.0}",2026-02-28 03:16:50,
373,Salamence,373,Dragon Pokémon,"[""Dragon"", ""Flying""]",95,135,80,110,80,100,Shelgon,,"[{""name"": ""Intimidate"", ""is_hidden"": false}, {""name"": ""Moxie"", ""is_hidden"": true}, {""name"": ""Aerilate"", ""is_hidden"": false}]",images/Salamence_Salamence.png,"{""male"": 50.0, ""female"": 50.0}",2026-02-28 03:16:50,"{""Salamence"": ""images/Salamence_Salamence.png"", ""Mega_Salamence"": ""images/Salamence_Mega_Salamence.png""}"
374,Beldum,374,Iron Ball Pokémon,"[""Steel"", ""Psychic""]",40,55,80,35,60,30,,Metang,"[{""name"": ""Clear Body"", ""is_hidden"": false}, {""name"": ""Light Metal"", ""is_hidden"": true}]",images/Beldum.png,,2026-02-28 03:16:50,
375,Metang,375,Iron Claw Pokémon,"[""Steel"", ""Psychic""]",60,75,100,55,80,50,Beldum,Metagross,"[{""name"": ""Clear Body"", ""is_hidden"": false}, {""name"": ""Light Metal"", ""is_hidden"": true}]",images/Metang.png,,2026-02-28 03:16:50,
376,Metagross,376,Iron Leg Pokémon,"[""Steel"", ""Psychic""]",80,135,130,95,90,70,Metang,,"[{""name"": ""Clear Body"", ""is_hidden"": false}, {""name"": ""Light Metal"", ""is_hidden"": true}, {""name"": ""Tough Claws"", ""is_hidden"": false}]",images/Metagross_Metagross.png,,2026-02-28 03:16:50,"{""Metagross"": ""images/Metagross_Metagross.png"", ""Mega_Metagross"": ""images/Metagross_Mega_Metagross.png""}"
377,Regirock,377,Rock Peak Pokémon,"[""Rock""]",80,100,200,50,100,50,,,"[{""name"": ""Clear Body"", ""is_hidden"": false}, {""name"": ""Sturdy"", ""is_hidden"": true}]",images/Regirock.png,,2026-02-28 03:16:50,
378,Regice,378,Iceberg Pokémon,"[""Ice""]",80,50,100,100,200,50,,,"[{""name"": ""Clear Body"", ""is_hidden"": false}, {""name"": ""Ice Body"", ""is_hidden"": true}]",images/Regice.png,,2026-02-28 03:16:50,
379,Registeel,379,Iron Pokémon,"[""Steel""]",80,75,150,75,150,50,,,"[{""name"": ""Clear Body"", ""is_hidden"": false}, {""name"": ""Light Metal"", ""is_hidden"": true}]",images/Registeel.png,,2026-02-28 03:16:50,
380,Latias,380,Eon Pokémon,"[""Dragon"", ""Psychic""]",80,80,90,110,130,110,,,"[{""name"": ""Scarlet and Violet"", ""is_hidden"": false}, {""name"": ""Legends: Z-A"", ""is_hidden"": false}, {""name"": ""It communicates its feelings using telepathy. To make itself invisible"", ""is_hidden"": false}, {""name"": ""it covers its body in down that refracts light."", ""is_hidden"": false}, {""name"": ""Both its flying capabilities and its attack power have increased. It scatters transparent down to confuse its enemies."", ""is_hidden"": false}]",images/Latias_Latias.png,"{""male"": null, ""female"": 100.0}",2026-02-28 03:16:50,"{""Latias"": ""images/Latias_Latias.png"", ""Mega_Latias"": ""images/Latias_Mega_Latias.png""}"
381,Latios,381,Eon Pokémon,"[""Dragon"", ""Psychic""]",80,90,80,130,110,110,,,[],images/Latios_Latios.png,"{""male"": 100.0, ""female"": null}",2026-02-28 03:16:50,"{""Latios"": ""images/Latios_Latios.png"", ""Mega_Latios"": ""images/Latios_Mega_Latios.png""}"
382,Kyogre,382,Sea Basin Pokémon,"[""Water""]",100,100,90,150,140,90,,,"[{""name"": ""Drizzle"", ""is_hidden"": false}, {""name"": ""Primordial Sea"", ""is_hidden"": false}]",images/Kyogre.png,,2026-02-28 03:16:50,
383,Groudon,383,Continent Pokémon,"[""Ground"", ""Fire""]",100,150,140,100,90,90,,,"[{""name"": ""Drought"", ""is_hidden"": false}, {""name"": ""Desolate Land"", ""is_hidden"": false}]",images/Groudon.png,,2026-02-28 03:16:50,
384,Rayquaza,384,Sky High Pokémon,"[""Dragon"", ""Flying""]",105,150,90,150,90,95,,,"[{""name"": ""Air Lock"", ""is_hidden"": false}, {""name"": ""Delta Stream"", ""is_hidden"": false}]",images/Rayquaza_Rayquaza.png,,2026-02-28 03:16:50,"{""Rayquaza"": ""images/Rayquaza_Rayquaza.png"", ""Mega_Rayquaza"": ""images/Rayquaza_Mega_Rayquaza.png""}"
385,Jirachi,385,Wish Pokémon,"[""Steel"", ""Psychic""]",100,100,100,100,100,100,,,[],images/Jirachi.png,,2026-02-28 03:16:50,
386,Deoxys,386,DNA Pokémon,"[""Psychic""]",50,150,50,150,50,150,,,[],images/Deoxys_Normal_Forme.png,,2026-02-28 03:16:50,"{""Normal_Forme"": ""images/Deoxys_Normal_Forme.png"", ""Attack_Forme"": ""images/Deoxys_Attack_Forme.png"", ""Defense_Forme"": ""images/Deoxys_Defense_Forme.png"", ""Speed_Forme"": ""images/Deoxys_Speed_Forme.png""}"
387,Turtwig,387,Tiny Leaf Pokémon,"[""Grass""]",55,68,64,45,55,31,,Grotle,"[{""name"": ""Overgrow"", ""is_hidden"": false}, {""name"": ""Shell Armor"", ""is_hidden"": true}]",images/Turtwig.png,"{""male"": 87.5, ""female"": 12.5}",2026-02-28 03:16:50,
388,Grotle,388,Grove Pokémon,"[""Grass""]",75,89,85,55,65,36,Turtwig,Torterra,"[{""name"": ""Overgrow"", ""is_hidden"": false}, {""name"": ""Shell Armor"", ""is_hidden"": true}]",images/Grotle.png,"{""male"": 87.5, ""female"": 12.5}",2026-02-28 03:16:50,
389,Torterra,389,Continent Pokémon,"[""Grass"", ""Ground""]",95,109,105,75,85,56,Grotle,,"[{""name"": ""Overgrow"", ""is_hidden"": false}, {""name"": ""Shell Armor"", ""is_hidden"": true}]",images/Torterra.png,"{""male"": 87.5, ""female"": 12.5}",2026-02-28 03:16:50,
390,Chimchar,390,Chimp Pokémon,"[""Fire""]",44,58,44,58,44,61,,Monferno,"[{""name"": ""Blaze"", ""is_hidden"": false}, {""name"": ""Iron Fist"", ""is_hidden"": true}]",images/Chimchar.png,"{""male"": 87.5, ""female"": 12.5}",2026-02-28 03:16:50,
391,Monferno,391,Playful Pokémon,"[""Fire"", ""Fighting""]",64,78,52,78,52,81,Chimchar,Infernape,"[{""name"": ""Blaze"", ""is_hidden"": false}, {""name"": ""Iron Fist"", ""is_hidden"": true}]",images/Monferno.png,"{""male"": 87.5, ""female"": 12.5}",2026-02-28 03:16:50,
392,Infernape,392,Flame Pokémon,"[""Fire"", ""Fighting""]",76,104,71,104,71,108,Monferno,,"[{""name"": ""Blaze"", ""is_hidden"": false}, {""name"": ""Iron Fist"", ""is_hidden"": true}]",images/Infernape.png,"{""male"": 87.5, ""female"": 12.5}",2026-02-28 03:16:50,
393,Piplup,393,Penguin Pokémon,"[""Water""]",53,51,53,61,56,40,,Prinplup,"[{""name"": ""Torrent"", ""is_hidden"": false}, {""name"": ""Competitive"", ""is_hidden"": true}, {""name"": ""Defiant"", ""is_hidden"": true}]",images/Piplup.png,"{""male"": 87.5, ""female"": 12.5}",2026-02-28 03:16:50,
394,Prinplup,394,Penguin Pokémon,"[""Water""]",64,66,68,81,76,50,Piplup,Empoleon,"[{""name"": ""Torrent"", ""is_hidden"": false}, {""name"": ""Competitive"", ""is_hidden"": true}, {""name"": ""Defiant"", ""is_hidden"": true}]",images/Prinplup.png,"{""male"": 87.5, ""female"": 12.5}",2026-02-28 03:16:50,
395,Empoleon,395,Emperor Pokémon,"[""Water"", ""Steel""]",84,86,88,111,101,60,Prinplup,,"[{""name"": ""Torrent"", ""is_hidden"": false}, {""name"": ""Competitive"", ""is_hidden"": true}, {""name"": ""Defiant"", ""is_hidden"": true}]",images/Empoleon.png,"{""male"": 87.5, ""female"": 12.5}",2026-02-28 03:16:50,
396,Starly,396,Starling Pokémon,"[""Normal"", ""Flying""]",40,55,30,30,30,60,,Staravia,"[{""name"": ""Keen Eye"", ""is_hidden"": false}, {""name"": ""Reckless"", ""is_hidden"": true}]",images/Starly.png,"{""male"": 50.0, ""female"": 50.0}",2026-02-28 03:16:50,
397,Staravia,397,Starling Pokémon,"[""Normal"", ""Flying""]",55,75,50,40,40,80,Starly,Staraptor,"[{""name"": ""Intimidate"", ""is_hidden"": false}, {""name"": ""Reckless"", ""is_hidden"": true}]",images/Staravia.png,"{""male"": 50.0, ""female"": 50.0}",2026-02-28 03:16:50,
398,Staraptor,398,Predator Pokémon,"[""Normal"", ""Flying""]",85,120,70,50,50,100,Staravia,,"[{""name"": ""Intimidate"", ""is_hidden"": false}, {""name"": ""Reckless"", ""is_hidden"": true}]",images/Staraptor_Staraptor.png,"{""male"": 50.0, ""female"": 50.0}",2026-02-28 03:16:50,"{""Staraptor"": ""images/Staraptor_Staraptor.png"", ""Mega_Staraptor"": ""images/Staraptor_Mega_Staraptor.png""}"
399,Bidoof,399,Plump Mouse Pokémon,"[""Normal""]",59,45,40,35,40,31,,,"[{""name"": ""Simple"", ""is_hidden"": false}, {""name"": ""Unaware"", ""is_hidden"": false}, {""name"": ""Moody"", ""is_hidden"": true}]",images/Bidoof.png,"{""male"": 50.0, ""female"": 50.0}",2026-02-28 03:16:50,
400,Bibarel,400,Beaver Pokémon,"[""Normal"", ""Water""]",79,85,60,55,60,71,,,"[{""name"": ""Simple"", ""is_hidden"": false}, {""name"": ""Unaware"", ""is_hidden"": false}, {""name"": ""Moody"", ""is_hidden"": true}]",images/Bibarel.png,"{""male"": 50.0, ""female"": 50.0}",2026-02-28 03:16:50,
401,Kricketot,401,Cricket Pokémon,"[""Bug""]",37,25,41,25,41,25,,Kricketune,"[{""name"": ""Shed Skin"", ""is_hidden"": false}, {""name"": ""Run Away"", ""is_hidden"": true}]",images/Kricketot.png,"{""male"": 50.0, ""female"": 50.0}",2026-02-28 03:16:50,
402,Kricketune,402,Cricket Pokémon,"[""Bug""]",77,85,51,55,51,65,Kricketot,,"[{""name"": ""Swarm"", ""is_hidden"": false}, {""name"": ""Technician"", ""is_hidden"": true}]",images/Kricketune.png,"{""male"": 50.0, ""female"": 50.0}",2026-02-28 03:16:50,
403,Shinx,403,Flash Pokémon,"[""Electric""]",45,65,34,40,34,45,,Luxio,"[{""name"": ""Rivalry"", ""is_hidden"": false}, {""name"": ""Intimidate"", ""is_hidden"": false}, {""name"": ""Guts"", ""is_hidden"": true}]",images/Shinx.png,"{""male"": 50.0, ""female"": 50.0}",2026-02-28 03:16:50,
404,Luxio,404,Spark Pokémon,"[""Electric""]",60,85,49,60,49,60,Shinx,Luxray,"[{""name"": ""Rivalry"", ""is_hidden"": false}, {""name"": ""Intimidate"", ""is_hidden"": false}, {""name"": ""Guts"", ""is_hidden"": true}]",images/Luxio.png,"{""male"": 50.0, ""female"": 50.0}",2026-02-28 03:16:50,
405,Luxray,405,Gleam Eyes Pokémon,"[""Electric""]",80,120,79,95,79,70,Luxio,,"[{""name"": ""Rivalry"", ""is_hidden"": false}, {""name"": ""Intimidate"", ""is_hidden"": false}, {""name"": ""Guts"", ""is_hidden"": true}]",images/Luxray.png,"{""male"": 50.0, ""female"": 50.0}",2026-02-28 03:16:50,
406,Budew,406,Bud Pokémon,"[""Grass"", ""Poison""]",40,30,35,50,70,55,,Roselia,"[{""name"": ""Natural Cure"", ""is_hidden"": false}, {""name"": ""Poison Point"", ""is_hidden"": false}, {""name"": ""Leaf Guard"", ""is_hidden"": true}]",images/Budew.png,"{""male"": 50.0, ""female"": 50.0}",2026-02-28 03:16:50,
407,Roserade,407,Bouquet Pokémon,"[""Grass"", ""Poison""]",60,70,55,125,105,90,Roselia,,"[{""name"": ""Natural Cure"", ""is_hidden"": false}, {""name"": ""Poison Point"", ""is_hidden"": false}, {""name"": ""Technician"", ""is_hidden"": true}]",images/Roserade.png,"{""male"": 50.0, ""female"": 50.0}",2026-02-28 03:16:50,
408,Cranidos,408,Head Butt Pokémon,"[""Rock""]",67,125,40,30,30,58,,Rampardos,"[{""name"": ""Mold Breaker"", ""is_hidden"": false}, {""name"": ""Sheer Force"", ""is_hidden"": true}]",images/Cranidos.png,"{""male"": 87.5, ""female"": 12.5}",2026-02-28 03:16:50,
409,Rampardos,409,Head Butt Pokémon,"[""Rock""]",97,165,60,65,50,58,Cranidos,,"[{""name"": ""Mold Breaker"", ""is_hidden"": false}, {""name"": ""Sheer Force"", ""is_hidden"": true}]",images/Rampardos.png,"{""male"": 87.5, ""female"": 12.5}",2026-02-28 03:16:50,
410,Shieldon,410,Shield Pokémon,"[""Rock"", ""Steel""]",30,42,118,42,88,30,,Bastiodon,"[{""name"": ""Sturdy"", ""is_hidden"": false}, {""name"": ""Soundproof"", ""is_hidden"": true}]",images/Shieldon.png,"{""male"": 87.5, ""female"": 12.5}",2026-02-28 03:16:50,
411,Bastiodon,411,Shield Pokémon,"[""Rock"", ""Steel""]",60,52,168,47,138,30,Shieldon,,"[{""name"": ""Sturdy"", ""is_hidden"": false}, {""name"": ""Soundproof"", ""is_hidden"": true}]",images/Bastiodon.png,"{""male"": 87.5, ""female"": 12.5}",2026-02-28 03:16:50,
412,Burmy,412,Bagworm Pokémon,"[""Bug""]",40,29,45,29,45,36,,Wormadam,"[{""name"": ""Shed Skin"", ""is_hidden"": false}, {""name"": ""Overcoat"", ""is_hidden"": true}]",images/Burmy.png,"{""male"": 50.0, ""female"": 50.0}",2026-02-28 03:16:50,
413,Wormadam,413,Bagworm Pokémon,"[""Bug"", ""Grass""]",60,59,85,79,105,36,Burmy,Burmy,"[{""name"": ""Anticipation"", ""is_hidden"": false}, {""name"": ""Overcoat"", ""is_hidden"": true}]",images/Wormadam.png,"{""male"": null, ""female"": 100.0}",2026-02-28 03:16:50,
414,Mothim,414,Moth Pokémon,"[""Bug"", ""Flying""]",70,94,50,94,50,66,Burmy,,"[{""name"": ""Swarm"", ""is_hidden"": false}, {""name"": ""Tinted Lens"", ""is_hidden"": true}]",images/Mothim.png,"{""male"": 100.0, ""female"": null}",2026-02-28 03:16:50,
415,Combee,415,Tiny Bee Pokémon,"[""Bug"", ""Flying""]",30,30,42,30,42,70,,Vespiquen,"[{""name"": ""Honey Gather"", ""is_hidden"": false}, {""name"": ""Hustle"", ""is_hidden"": true}]",images/Combee.png,"{""male"": 87.5, ""female"": 12.5}",2026-02-28 03:16:50,
416,Vespiquen,416,Beehive Pokémon,"[""Bug"", ""Flying""]",70,80,102,80,102,40,Combee,,"[{""name"": ""Pressure"", ""is_hidden"": false}, {""name"": ""Unnerve"", ""is_hidden"": true}]",images/Vespiquen.png,"{""male"": null, ""female"": 100.0}",2026-02-28 03:16:50,
417,Pachirisu,417,EleSquirrel Pokémon,"[""Electric""]",60,45,70,45,90,95,,,"[{""name"": ""Run Away"", ""is_hidden"": false}, {""name"": ""Pickup"", ""is_hidden"": false}, {""name"": ""Volt Absorb"", ""is_hidden"": true}]",images/Pachirisu.png,"{""male"": 50.0, ""female"": 50.0}",2026-02-28 03:16:50,
418,Buizel,418,Sea Weasel Pokémon,"[""Water""]",55,65,35,60,30,85,,Floatzel,"[{""name"": ""Swift Swim"", ""is_hidden"": false}, {""name"": ""Water Veil"", ""is_hidden"": true}]",images/Buizel.png,"{""male"": 50.0, ""female"": 50.0}",2026-02-28 03:16:50,
419,Floatzel,419,Sea Weasel Pokémon,"[""Water""]",85,105,55,85,50,115,Buizel,,"[{""name"": ""Swift Swim"", ""is_hidden"": false}, {""name"": ""Water Veil"", ""is_hidden"": true}]",images/Floatzel.png,"{""male"": 50.0, ""female"": 50.0}",2026-02-28 03:16:50,
420,Cherubi,420,Cherry Pokémon,"[""Grass""]",45,35,45,62,53,35,,Cherrim,[],images/Cherubi.png,"{""male"": 50.0, ""female"": 50.0}",2026-02-28 03:16:50,
421,Cherrim,421,Blossom Pokémon,"[""Grass""]",70,60,70,87,78,85,Cherubi,,[],images/Cherrim_Overcast.png,"{""male"": 50.0, ""female"": 50.0}",2026-02-28 03:16:50,"{""Overcast"": ""images/Cherrim_Overcast.png"", ""Sunshine"": ""images/Cherrim_Sunshine.png""}"
422,Shellos,422,Sea Slug Pokémon,"[""Water""]",76,48,48,57,62,34,,Gastrodon,"[{""name"": ""Sticky Hold"", ""is_hidden"": false}, {""name"": ""Storm Drain"", ""is_hidden"": false}, {""name"": ""Sand Force"", ""is_hidden"": true}]",images/Shellos.png,"{""male"": 50.0, ""female"": 50.0}",2026-02-28 03:16:50,
423,Gastrodon,423,Sea Slug Pokémon,"[""Water"", ""Ground""]",111,83,68,92,82,39,Shellos,Shellos,"[{""name"": ""Sticky Hold"", ""is_hidden"": false}, {""name"": ""Storm Drain"", ""is_hidden"": false}, {""name"": ""Sand Force"", ""is_hidden"": true}]",images/Gastrodon.png,"{""male"": 50.0, ""female"": 50.0}",2026-02-28 03:16:50,
424,Ambipom,424,Long Tail Pokémon,"[""Normal""]",75,100,66,60,66,115,Aipom,,"[{""name"": ""Technician"", ""is_hidden"": false}, {""name"": ""Pickup"", ""is_hidden"": false}, {""name"": ""Skill Link"", ""is_hidden"": true}]",images/Ambipom.png,"{""male"": 50.0, ""female"": 50.0}",2026-02-28 03:16:50,
425,Drifloon,425,Balloon Pokémon,"[""Ghost"", ""Flying""]",90,50,34,60,44,70,,Drifblim,"[{""name"": ""Aftermath"", ""is_hidden"": false}, {""name"": ""Unburden"", ""is_hidden"": false}, {""name"": ""Flare Boost"", ""is_hidden"": true}]",images/Drifloon.png,"{""male"": 50.0, ""female"": 50.0}",2026-02-28 03:16:50,
426,Drifblim,426,Blimp Pokémon,"[""Ghost"", ""Flying""]",150,80,44,90,54,80,Drifloon,,"[{""name"": ""Aftermath"", ""is_hidden"": false}, {""name"": ""Unburden"", ""is_hidden"": false}, {""name"": ""Flare Boost"", ""is_hidden"": true}]",images/Drifblim.png,"{""male"": 50.0, ""female"": 50.0}",2026-02-28 03:16:50,
427,Buneary,427,Rabbit Pokémon,"[""Normal""]",55,66,44,44,56,85,,Lopunny,"[{""name"": ""Run Away"", ""is_hidden"": false}, {""name"": ""Klutz"", ""is_hidden"": false}, {""name"": ""Limber"", ""is_hidden"": true}]",images/Buneary.png,"{""male"": 50.0, ""female"": 50.0}",2026-02-28 03:16:50,
428,Lopunny,428,Rabbit Pokémon,"[""Normal"", ""Fighting""]",65,76,84,54,96,105,Buneary,,"[{""name"": ""Cute Charm"", ""is_hidden"": false}, {""name"": ""Klutz"", ""is_hidden"": false}, {""name"": ""Limber"", ""is_hidden"": true}, {""name"": ""Scrappy"", ""is_hidden"": false}]",images/Lopunny_Lopunny.png,"{""male"": 50.0, ""female"": 50.0}",2026-02-28 03:16:50,"{""Lopunny"": ""images/Lopunny_Lopunny.png"", ""Mega_Lopunny"": ""images/Lopunny_Mega_Lopunny.png""}"
429,Mismagius,429,Magical Pokémon,"[""Ghost""]",60,60,60,105,105,105,Misdreavus,,[],images/Mismagius.png,"{""male"": 50.0, ""female"": 50.0}",2026-02-28 03:16:50,
430,Honchkrow,430,Big Boss Pokémon,"[""Dark"", ""Flying""]",100,125,52,105,52,71,Murkrow,,"[{""name"": ""Insomnia"", ""is_hidden"": false}, {""name"": ""Super Luck"", ""is_hidden"": false}, {""name"": ""Moxie"", ""is_hidden"": true}]",images/Honchkrow.png,"{""male"": 50.0, ""female"": 50.0}",2026-02-28 03:16:50,
431,Glameow,431,Catty Pokémon,"[""Normal""]",49,55,42,42,37,85,,Purugly,"[{""name"": ""Limber"", ""is_hidden"": false}, {""name"": ""Own Tempo"", ""is_hidden"": false}, {""name"": ""Keen Eye"", ""is_hidden"": true}]",images/Glameow.png,"{""male"": 25.0, ""female"": 75.0}",2026-02-28 03:16:50,
432,Purugly,432,Tiger Cat Pokémon,"[""Normal""]",71,82,64,64,59,112,Glameow,,"[{""name"": ""Thick Fat"", ""is_hidden"": false}, {""name"": ""Own Tempo"", ""is_hidden"": false}, {""name"": ""Defiant"", ""is_hidden"": true}]",images/Purugly.png,"{""male"": 25.0, ""female"": 75.0}",2026-02-28 03:16:50,
433,Chingling,433,Bell Pokémon,"[""Psychic""]",45,30,50,65,50,45,,Chimecho,[],images/Chingling.png,"{""male"": 50.0, ""female"": 50.0}",2026-02-28 03:16:50,
434,Stunky,434,Skunk Pokémon,"[""Poison"", ""Dark""]",63,63,47,41,41,74,,Skuntank,"[{""name"": ""Stench"", ""is_hidden"": false}, {""name"": ""Aftermath"", ""is_hidden"": false}, {""name"": ""Keen Eye"", ""is_hidden"": true}]",images/Stunky.png,"{""male"": 50.0, ""female"": 50.0}",2026-02-28 03:16:50,
435,Skuntank,435,Skunk Pokémon,"[""Poison"", ""Dark""]",103,93,67,71,61,84,Stunky,,"[{""name"": ""Stench"", ""is_hidden"": false}, {""name"": ""Aftermath"", ""is_hidden"": false}, {""name"": ""Keen Eye"", ""is_hidden"": true}]",images/Skuntank.png,"{""male"": 50.0, ""female"": 50.0}",2026-02-28 03:16:50,
436,Bronzor,436,Bronze Pokémon,"[""Steel"", ""Psychic""]",57,24,86,24,86,23,,Bronzong,"[{""name"": ""Levitate"", ""is_hidden"": false}, {""name"": ""Heatproof"", ""is_hidden"": false}, {""name"": ""Heavy Metal"", ""is_hidden"": true}]",images/Bronzor.png,,2026-02-28 03:16:50,
437,Bronzong,437,Bronze Bell Pokémon,"[""Steel"", ""Psychic""]",67,89,116,79,116,33,Bronzor,,"[{""name"": ""Levitate"", ""is_hidden"": false}, {""name"": ""Heatproof"", ""is_hidden"": false}, {""name"": ""Heavy Metal"", ""is_hidden"": true}]",images/Bronzong.png,,2026-02-28 03:16:50,
438,Bonsly,438,Bonsai Pokémon,"[""Rock""]",42,40,92,12,52,18,,Sudowoodo,"[{""name"": ""Sturdy"", ""is_hidden"": false}, {""name"": ""Rock Head"", ""is_hidden"": false}, {""name"": ""Rattled"", ""is_hidden"": true}]",images/Bonsly.png,"{""male"": 50.0, ""female"": 50.0}",2026-02-28 03:16:50,
439,Mime Jr.,439,Mime Pokémon,"[""Psychic"", ""Fairy""]",20,25,45,70,90,60,,Mr. Mime,"[{""name"": ""Soundproof"", ""is_hidden"": false}, {""name"": ""Filter"", ""is_hidden"": false}, {""name"": ""Technician"", ""is_hidden"": true}]",images/Mime_Jr.png,"{""male"": 50.0, ""female"": 50.0}",2026-02-28 03:16:50,
440,Happiny,440,Playhouse Pokémon,"[""Normal""]",100,5,5,15,65,30,,Chansey,"[{""name"": ""Natural Cure"", ""is_hidden"": false}, {""name"": ""Serene Grace"", ""is_hidden"": false}, {""name"": ""Friend Guard"", ""is_hidden"": true}]",images/Happiny.png,"{""male"": null, ""female"": 100.0}",2026-02-28 03:16:50,
441,Chatot,441,Music Note Pokémon,"[""Normal"", ""Flying""]",76,65,45,92,42,91,,,"[{""name"": ""Keen Eye"", ""is_hidden"": false}, {""name"": ""Tangled Feet"", ""is_hidden"": false}, {""name"": ""Big Pecks"", ""is_hidden"": true}]",images/Chatot.png,"{""male"": 50.0, ""female"": 50.0}",2026-02-28 03:16:50,
442,Spiritomb,442,Forbidden Pokémon,"[""Ghost"", ""Dark""]",50,92,108,92,108,35,,,"[{""name"": ""Pressure"", ""is_hidden"": false}, {""name"": ""Infiltrator"", ""is_hidden"": true}]",images/Spiritomb.png,"{""male"": 50.0, ""female"": 50.0}",2026-02-28 03:16:50,
443,Gible,443,Land Shark Pokémon,"[""Dragon"", ""Ground""]",58,70,45,40,45,42,,Gabite,"[{""name"": ""Sand Veil"", ""is_hidden"": false}, {""name"": ""Rough Skin"", ""is_hidden"": true}]",images/Gible.png,"{""male"": 50.0, ""female"": 50.0}",2026-02-28 03:16:50,
444,Gabite,444,Cave Pokémon,"[""Dragon"", ""Ground""]",68,90,65,50,55,82,Gible,Garchomp,"[{""name"": ""Sand Veil"", ""is_hidden"": false}, {""name"": ""Rough Skin"", ""is_hidden"": true}]",images/Gabite.png,"{""male"": 50.0, ""female"": 50.0}",2026-02-28 03:16:50,
445,Garchomp,445,Mach Pokémon,"[""Dragon"", ""Ground""]",108,130,95,80,85,102,Gabite,,"[{""name"": ""Sand Veil"", ""is_hidden"": false}, {""name"": ""Rough Skin"", ""is_hidden"": true}, {""name"": ""Sand Force"", ""is_hidden"": false}]",images/Garchomp_Garchomp.png,"{""male"": 50.0, ""female"": 50.0}",2026-02-28 03:16:50,"{""Garchomp"": ""images/Garchomp_Garchomp.png"", ""Mega_Garchomp"": ""images/Garchomp_Mega_Garchomp.png"", ""Mega_Garchomp_Z"": ""images/Garchomp_Mega_Garchomp_Z.png""}"
446,Munchlax,446,Big Eater Pokémon,"[""Normal""]",135,85,40,40,85,5,,Snorlax,"[{""name"": ""Pickup"", ""is_hidden"": false}, {""name"": ""Thick Fat"", ""is_hidden"": false}, {""name"": ""Gluttony"", ""is_hidden"": true}]",images/Munchlax.png,"{""male"": 87.5, ""female"": 12.5}",2026-02-28 03:16:50,
447,Riolu,447,Emanation Pokémon,"[""Fighting""]",40,70,40,35,40,60,,Lucario,"[{""name"": ""Steadfast"", ""is_hidden"": false}, {""name"": ""Inner Focus"", ""is_hidden"": false}, {""name"": ""Prankster"", ""is_hidden"": true}]",images/Riolu.png,"{""male"": 87.5, ""female"": 12.5}",2026-02-28 03:16:50,
448,Lucario,448,Aura Pokémon,"[""Fighting"", ""Steel""]",70,110,70,115,70,90,Riolu,,"[{""name"": ""Steadfast"", ""is_hidden"": false}, {""name"": ""Inner Focus"", ""is_hidden"": false}, {""name"": ""Justified"", ""is_hidden"": true}, {""name"": ""Adaptability"", ""is_hidden"": false}]",images/Lucario_Lucario.png,"{""male"": 87.5, ""female"": 12.5}",2026-02-28 03:16:50,"{""Lucario"": ""images/Lucario_Lucario.png"", ""Mega_Lucario"": ""images/Lucario_Mega_Lucario.png"", ""Mega_Lucario_Z"": ""images/Lucario_Mega_Lucario_Z.png""}"
449,Hippopotas,449,Hippo Pokémon,"[""Ground""]",68,72,78,38,42,32,,Hippowdon,"[{""name"": ""Sand Stream"", ""is_hidden"": false}, {""name"": ""Sand Force"", ""is_hidden"": true}]",images/Hippopotas.png,"{""male"": 50.0, ""female"": 50.0}",2026-02-28 03:16:50,
450,Hippowdon,450,Heavyweight Pokémon,"[""Ground""]",108,112,118,68,72,47,Hippopotas,,"[{""name"": ""Sand Stream"", ""is_hidden"": false}, {""name"": ""Sand Force"", ""is_hidden"": true}]",images/Hippowdon.png,"{""male"": 50.0, ""female"": 50.0}",2026-02-28 03:16:50,
451,Skorupi,451,Scorpion Pokémon,"[""Poison"", ""Bug""]",40,50,90,30,55,65,,Drapion,"[{""name"": ""Battle Armor"", ""is_hidden"": false}, {""name"": ""Sniper"", ""is_hidden"": false}, {""name"": ""Keen Eye"", ""is_hidden"": true}]",images/Skorupi.png,"{""male"": 50.0, ""female"": 50.0}",2026-02-28 03:16:50,
452,Drapion,452,Ogre Scorpion Pokémon,"[""Poison"", ""Dark""]",70,90,110,60,75,95,Skorupi,,"[{""name"": ""Battle Armor"", ""is_hidden"": false}, {""name"": ""Sniper"", ""is_hidden"": false}, {""name"": ""Keen Eye"", ""is_hidden"": true}]",images/Drapion.png,"{""male"": 50.0, ""female"": 50.0}",2026-02-28 03:16:50,
453,Croagunk,453,Toxic Mouth Pokémon,"[""Poison"", ""Fighting""]",48,61,40,61,40,50,,Toxicroak,"[{""name"": ""Anticipation"", ""is_hidden"": false}, {""name"": ""Dry Skin"", ""is_hidden"": false}, {""name"": ""Poison Touch"", ""is_hidden"": true}]",images/Croagunk.png,"{""male"": 50.0, ""female"": 50.0}",2026-02-28 03:16:50,
454,Toxicroak,454,Toxic Mouth Pokémon,"[""Poison"", ""Fighting""]",83,106,65,86,65,85,Croagunk,,"[{""name"": ""Anticipation"", ""is_hidden"": false}, {""name"": ""Dry Skin"", ""is_hidden"": false}, {""name"": ""Poison Touch"", ""is_hidden"": true}]",images/Toxicroak.png,"{""male"": 50.0, ""female"": 50.0}",2026-02-28 03:16:50,
455,Carnivine,455,Bug Catcher Pokémon,"[""Grass""]",74,100,72,90,72,46,,,[],images/Carnivine.png,"{""male"": 50.0, ""female"": 50.0}",2026-02-28 03:16:50,
456,Finneon,456,Wing Fish Pokémon,"[""Water""]",49,49,56,49,61,66,,Lumineon,"[{""name"": ""Swift Swim"", ""is_hidden"": false}, {""name"": ""Storm Drain"", ""is_hidden"": false}, {""name"": ""Water Veil"", ""is_hidden"": true}]",images/Finneon.png,"{""male"": 50.0, ""female"": 50.0}",2026-02-28 03:16:50,
457,Lumineon,457,Neon Pokémon,"[""Water""]",69,69,76,69,86,91,Finneon,,"[{""name"": ""Swift Swim"", ""is_hidden"": false}, {""name"": ""Storm Drain"", ""is_hidden"": false}, {""name"": ""Water Veil"", ""is_hidden"": true}]",images/Lumineon.png,"{""male"": 50.0, ""female"": 50.0}",2026-02-28 03:16:50,
458,Mantyke,458,Kite Pokémon,"[""Water"", ""Flying""]",45,20,50,60,120,50,,Mantine,"[{""name"": ""Swift Swim"", ""is_hidden"": false}, {""name"": ""Water Absorb"", ""is_hidden"": false}, {""name"": ""Water Veil"", ""is_hidden"": true}]",images/Mantyke.png,"{""male"": 50.0, ""female"": 50.0}",2026-02-28 03:16:50,
459,Snover,459,Frost Tree Pokémon,"[""Grass"", ""Ice""]",60,62,50,62,60,40,,Abomasnow,"[{""name"": ""Snow Warning"", ""is_hidden"": false}, {""name"": ""Soundproof"", ""is_hidden"": true}]",images/Snover.png,"{""male"": 50.0, ""female"": 50.0}",2026-02-28 03:16:50,
460,Abomasnow,460,Frost Tree Pokémon,"[""Grass"", ""Ice""]",90,92,75,92,85,60,Snover,,"[{""name"": ""Snow Warning"", ""is_hidden"": false}, {""name"": ""Soundproof"", ""is_hidden"": true}]",images/Abomasnow_Abomasnow.png,"{""male"": 50.0, ""female"": 50.0}",2026-02-28 03:16:50,"{""Abomasnow"": ""images/Abomasnow_Abomasnow.png"", ""Mega_Abomasnow"": ""images/Abomasnow_Mega_Abomasnow.png""}"
461,Weavile,461,Sharp Claw Pokémon,"[""Dark"", ""Ice""]",70,120,65,45,85,125,Sneasel,,"[{""name"": ""Pressure"", ""is_hidden"": false}, {""name"": ""Pickpocket"", ""is_hidden"": true}]",images/Weavile.png,"{""male"": 50.0, ""female"": 50.0}",2026-02-28 03:16:50,
462,Magnezone,462,Magnet Area Pokémon,"[""Electric"", ""Steel""]",70,70,115,130,90,60,Magneton,,"[{""name"": ""Magnet Pull"", ""is_hidden"": false}, {""name"": ""Sturdy"", ""is_hidden"": false}, {""name"": ""Analytic"", ""is_hidden"": true}]",images/Magnezone.png,,2026-02-28 03:16:50,
463,Lickilicky,463,Licking Pokémon,"[""Normal""]",110,85,95,80,95,50,Lickitung,,"[{""name"": ""Own Tempo"", ""is_hidden"": false}, {""name"": ""Oblivious"", ""is_hidden"": false}, {""name"": ""Cloud Nine"", ""is_hidden"": true}]",images/Lickilicky.png,"{""male"": 50.0, ""female"": 50.0}",2026-02-28 03:16:50,
464,Rhyperior,464,Drill Pokémon,"[""Ground"", ""Rock""]",115,140,130,55,55,40,Rhydon,,"[{""name"": ""Lightning Rod"", ""is_hidden"": false}, {""name"": ""Solid Rock"", ""is_hidden"": false}, {""name"": ""Reckless"", ""is_hidden"": true}]",images/Rhyperior.png,"{""male"": 50.0, ""female"": 50.0}",2026-02-28 03:16:50,
465,Tangrowth,465,Vine Pokémon,"[""Grass""]",100,100,125,110,50,50,Tangela,,"[{""name"": ""Chlorophyll"", ""is_hidden"": false}, {""name"": ""Leaf Guard"", ""is_hidden"": false}, {""name"": ""Regenerator"", ""is_hidden"": true}]",images/Tangrowth.png,"{""male"": 50.0, ""female"": 50.0}",2026-02-28 03:16:50,
466,Electivire,466,Thunderbolt Pokémon,"[""Electric""]",75,123,67,95,85,95,Electabuzz,,"[{""name"": ""Motor Drive"", ""is_hidden"": false}, {""name"": ""Vital Spirit"", ""is_hidden"": true}]",images/Electivire.png,"{""male"": 75.0, ""female"": 25.0}",2026-02-28 03:16:50,
467,Magmortar,467,Blast Pokémon,"[""Fire""]",75,95,67,125,95,83,Magmar,,"[{""name"": ""Flame Body"", ""is_hidden"": false}, {""name"": ""Vital Spirit"", ""is_hidden"": true}]",images/Magmortar.png,"{""male"": 75.0, ""female"": 25.0}",2026-02-28 03:16:50,
468,Togekiss,468,Jubilee Pokémon,"[""Fairy"", ""Flying""]",85,50,95,120,115,80,Togetic,,"[{""name"": ""Hustle"", ""is_hidden"": false}, {""name"": ""Serene Grace"", ""is_hidden"": false}, {""name"": ""Super Luck"", ""is_hidden"": true}]",images/Togekiss.png,"{""male"": 87.5, ""female"": 12.5}",2026-02-28 03:16:50,
469,Yanmega,469,Ogre Darner Pokémon,"[""Bug"", ""Flying""]",86,76,86,116,56,95,Yanma,,"[{""name"": ""Speed Boost"", ""is_hidden"": false}, {""name"": ""Tinted Lens"", ""is_hidden"": false}, {""name"": ""Frisk"", ""is_hidden"": true}]",images/Yanmega.png,"{""male"": 50.0, ""female"": 50.0}",2026-02-28 03:16:50,
470,Leafeon,470,Verdant Pokémon,"[""Grass""]",65,110,130,60,65,95,Eevee,,"[{""name"": ""Leaf Guard"", ""is_hidden"": false}, {""name"": ""Chlorophyll"", ""is_hidden"": true}]",images/Leafeon.png,"{""male"": 87.5, ""female"": 12.5}",2026-02-28 03:16:50,
471,Glaceon,471,Fresh Snow Pokémon,"[""Ice""]",65,60,110,130,95,65,Eevee,,"[{""name"": ""Snow Cloak"", ""is_hidden"": false}, {""name"": ""Ice Body"", ""is_hidden"": true}]",images/Glaceon.png,"{""male"": 87.5, ""female"": 12.5}",2026-02-28 03:16:50,
472,Gliscor,472,Fang Scorpion Pokémon,"[""Ground"", ""Flying""]",75,95,125,45,75,95,Gligar,,"[{""name"": ""Hyper Cutter"", ""is_hidden"": false}, {""name"": ""Sand Veil"", ""is_hidden"": false}, {""name"": ""Poison Heal"", ""is_hidden"": true}]",images/Gliscor.png,"{""male"": 50.0, ""female"": 50.0}",2026-02-28 03:16:50,
473,Mamoswine,473,Twin Tusk Pokémon,"[""Ice"", ""Ground""]",110,130,80,70,60,80,Piloswine,,"[{""name"": ""Oblivious"", ""is_hidden"": false}, {""name"": ""Snow Cloak"", ""is_hidden"": false}, {""name"": ""Thick Fat"", ""is_hidden"": true}]",images/Mamoswine.png,"{""male"": 50.0, ""female"": 50.0}",2026-02-28 03:16:50,
474,Porygon-Z,474,Virtual Pokémon,"[""Normal""]",85,80,70,135,75,90,Porygon2,,"[{""name"": ""Adaptability"", ""is_hidden"": false}, {""name"": ""Download"", ""is_hidden"": false}, {""name"": ""Analytic"", ""is_hidden"": true}]",images/Porygon_Z.png,,2026-02-28 03:16:50,
475,Gallade,475,Blade Pokémon,"[""Psychic"", ""Fighting""]",68,125,65,65,115,80,Kirlia,,"[{""name"": ""Steadfast"", ""is_hidden"": false}, {""name"": ""Sharpness"", ""is_hidden"": false}, {""name"": ""Gen IX+"", ""is_hidden"": false}, {""name"": ""Justified"", ""is_hidden"": true}, {""name"": ""Inner Focus"", ""is_hidden"": false}]",images/Gallade_Gallade.png,"{""male"": 100.0, ""female"": null}",2026-02-28 03:16:50,"{""Gallade"": ""images/Gallade_Gallade.png"", ""Mega_Gallade"": ""images/Gallade_Mega_Gallade.png""}"
476,Probopass,476,Compass Pokémon,"[""Rock"", ""Steel""]",60,55,145,75,150,40,Nosepass,,"[{""name"": ""Sturdy"", ""is_hidden"": false}, {""name"": ""Magnet Pull"", ""is_hidden"": false}, {""name"": ""Sand Force"", ""is_hidden"": true}]",images/Probopass.png,"{""male"": 50.0, ""female"": 50.0}",2026-02-28 03:16:50,
477,Dusknoir,477,Gripper Pokémon,"[""Ghost""]",45,100,135,65,135,45,Dusclops,,"[{""name"": ""Pressure"", ""is_hidden"": false}, {""name"": ""Frisk"", ""is_hidden"": true}]",images/Dusknoir.png,"{""male"": 50.0, ""female"": 50.0}",2026-02-28 03:16:50,
478,Froslass,478,Snow Land Pokémon,"[""Ice"", ""Ghost""]",70,80,70,80,70,110,Snorunt,,"[{""name"": ""Snow Cloak"", ""is_hidden"": false}, {""name"": ""Cursed Body"", ""is_hidden"": true}]",images/Froslass_Froslass.png,"{""male"": null, ""female"": 100.0}",2026-02-28 03:16:50,"{""Froslass"": ""images/Froslass_Froslass.png"", ""Mega_Froslass"": ""images/Froslass_Mega_Froslass.png""}"
479,Rotom,479,Plasma Pokémon,"[""Electric"", ""Ghost""]",50,50,77,95,77,91,,,"[{""name"": ""Sword"", ""is_hidden"": false}, {""name"": ""Shield"", ""is_hidden"": false}, {""name"": ""Brilliant Diamond"", ""is_hidden"": false}, {""name"": ""Shining Pearl"", ""is_hidden"": false}, {""name"": ""Legends: Arceus"", ""is_hidden"": false}, {""name"": ""One boy's invention led to the development of many different machines that take advantage of Rotom's unique capabilities."", ""is_hidden"": false}, {""name"": ""With a body made of plasma"", ""is_hidden"": false}, {""name"": ""it can inhabit all sorts of machines. It loves to surprise others."", ""is_hidden"": false}, {""name"": ""Its body is composed of plasma. It is known to infiltrate electronic devices and wreak havoc."", ""is_hidden"": false}, {""name"": ""This bizarre Pokémon appears to be a will-o'-the-wisp powered by electricity. Be wary"", ""is_hidden"": false}, {""name"": ""as Rotom is both smart and mischievous."", ""is_hidden"": false}, {""name"": ""This Rotom has possessed a convection microwave oven that uses a special motor. It also has a flair for manipulating flames."", ""is_hidden"": false}, {""name"": ""This form of Rotom enjoys making mischief by turning up the heat. It will gleefully burn your favorite outfit."", ""is_hidden"": false}, {""name"": ""A form in which Rotom lurks within a strange cauldron. The cauldron's origin is unknown. A bothersome Pokémon"", ""is_hidden"": false}, {""name"": ""causing trouble with the flames it spits."", ""is_hidden"": false}, {""name"": ""This form of Rotom enjoys coming up with water-based pranks. Be careful with it if you don't want your room flooded."", ""is_hidden"": false}, {""name"": ""This Rotom has possessed a washing machine that uses a special motor. It blasts out water to get enemies to back down."", ""is_hidden"": false}, {""name"": ""A form in which Rotom lurks within an odd bureau. The bureau's purpose is unknown. A bothersome Pokémon"", ""is_hidden"": false}, {""name"": ""causing trouble by splashing cold water everywhere."", ""is_hidden"": false}, {""name"": ""Rotom assumes this form when it takes over a refrigerator powered by a special motor. It battles by spewing cold air."", ""is_hidden"": false}, {""name"": ""When it's like this"", ""is_hidden"": false}, {""name"": ""Rotom likes to play pranks that are freezing cold. You may find it's turned the bath you just filled to solid ice!"", ""is_hidden"": false}, {""name"": ""A form in which Rotom lurks within a bizarre cupboard. The cupboard's composition is unknown. A bothersome Pokémon"", ""is_hidden"": false}, {""name"": ""causing trouble by frosting everything over."", ""is_hidden"": false}, {""name"": ""In this form"", ""is_hidden"": false}, {""name"": ""Rotom applies its new power over wind to its love of pranks. It will happily blow away any important documents it can find."", ""is_hidden"": false}, {""name"": ""This Rotom has taken over a fan that has a special motor. Its gusts of wind blow its opponents away!"", ""is_hidden"": false}, {""name"": ""A form in which Rotom lurks within a mysterious contraption. The contraption's purpose is unknown. A bothersome Pokémon"", ""is_hidden"": false}, {""name"": ""causing trouble by stirring up powerful winds."", ""is_hidden"": false}, {""name"": ""This is Rotom after it's seized control of a lawn mower that has a special motor. As it mows down grass"", ""is_hidden"": false}, {""name"": ""it scatters the clippings everywhere."", ""is_hidden"": false}, {""name"": ""Rotom focuses its antics on plants. Any flowers you were growing are going to get mowed down."", ""is_hidden"": false}, {""name"": ""A form in which Rotom lurks within a misshapen wheelbarrow. The wheelbarrow's mechanisms are bizarre. It's a bothersome Pokémon"", ""is_hidden"": false}, {""name"": ""causing trouble by mowing down grass and trees."", ""is_hidden"": false}]",images/Rotom.png,,2026-02-28 03:16:50,
480,Uxie,480,Knowledge Pokémon,"[""Psychic""]",75,75,130,75,130,95,,,[],images/Uxie.png,,2026-02-28 03:16:50,
481,Mesprit,481,Emotion Pokémon,"[""Psychic""]",80,105,105,105,105,80,,,[],images/Mesprit.png,,2026-02-28 03:16:50,
482,Azelf,482,Willpower Pokémon,"[""Psychic""]",75,125,70,125,70,115,,,[],images/Azelf.png,,2026-02-28 03:16:50,
483,Dialga,483,Temporal Pokémon,"[""Steel"", ""Dragon""]",100,120,120,150,100,90,,,"[{""name"": ""Pressure"", ""is_hidden"": false}, {""name"": ""Telepathy"", ""is_hidden"": true}]",images/Dialga_Dialga.png,,2026-02-28 03:16:50,"{""Dialga"": ""images/Dialga_Dialga.png"", ""Origin_Forme"": ""images/Dialga_Origin_Forme.png""}"
484,Palkia,484,Spatial Pokémon,"[""Water"", ""Dragon""]",90,120,100,150,120,100,,,"[{""name"": ""Pressure"", ""is_hidden"": false}, {""name"": ""Telepathy"", ""is_hidden"": true}]",images/Palkia_Palkia.png,,2026-02-28 03:16:50,"{""Palkia"": ""images/Palkia_Palkia.png"", ""Origin_Forme"": ""images/Palkia_Origin_Forme.png"", ""Other_forms_may_have_other_shapes"": ""images/Palkia_Other_forms_may_have_other_shapes.png""}"
485,Heatran,485,Lava Dome Pokémon,"[""Fire"", ""Steel""]",91,90,106,130,106,77,,,"[{""name"": ""Flash Fire"", ""is_hidden"": false}, {""name"": ""Flame Body"", ""is_hidden"": true}]",images/Heatran_Heatran.png,"{""male"": 50.0, ""female"": 50.0}",2026-02-28 03:16:50,"{""Heatran"": ""images/Heatran_Heatran.png"", ""Mega_Heatran"": ""images/Heatran_Mega_Heatran.png""}"
486,Regigigas,486,Colossal Pokémon,"[""Normal""]",110,160,110,80,110,100,,,[],images/Regigigas.png,,2026-02-28 03:16:50,
487,Giratina,487,Renegade Pokémon,"[""Ghost"", ""Dragon""]",150,100,120,100,120,90,,,"[{""name"": ""Pressure"", ""is_hidden"": false}, {""name"": ""Telepathy"", ""is_hidden"": true}, {""name"": ""Levitate"", ""is_hidden"": false}]",images/Giratina_Altered_Forme.png,,2026-02-28 03:16:50,"{""Altered_Forme"": ""images/Giratina_Altered_Forme.png"", ""Origin_Forme"": ""images/Giratina_Origin_Forme.png"", ""Other_forms_may_have_other_shapes"": ""images/Giratina_Other_forms_may_have_other_shapes.png""}"
488,Cresselia,488,Lunar Pokémon,"[""Psychic""]",120,70,120,75,130,85,,,[],images/Cresselia.png,"{""male"": null, ""female"": 100.0}",2026-02-28 03:16:50,
489,Phione,489,Sea Drifter Pokémon,"[""Water""]",80,80,80,80,80,80,,,[],images/Phione.png,,2026-02-28 03:16:50,
490,Manaphy,490,Seafaring Pokémon,"[""Water""]",100,100,100,100,100,100,,,[],images/Manaphy.png,,2026-02-28 03:16:50,
491,Darkrai,491,Pitch-Black PokémonBad Dreams Pokémon,"[""Dark""]",70,90,90,135,90,125,,,[],images/Darkrai_Darkrai.png,,2026-02-28 03:16:50,"{""Darkrai"": ""images/Darkrai_Darkrai.png"", ""Mega_Darkrai"": ""images/Darkrai_Mega_Darkrai.png""}"
492,Shaymin,492,Gratitude Pokémon,"[""Grass"", ""Flying""]",100,100,100,100,100,100,,,"[{""name"": ""Natural Cure"", ""is_hidden"": false}, {""name"": ""Serene Grace"", ""is_hidden"": false}]",images/Shaymin_Land_Forme.png,,2026-02-28 03:16:50,"{""Land_Forme"": ""images/Shaymin_Land_Forme.png"", ""Sky_Forme"": ""images/Shaymin_Sky_Forme.png""}"
493,Arceus,493,Alpha Pokémon,"[""Normal""]",120,120,120,120,120,120,,,[],images/Arceus.png,,2026-02-28 03:16:50,
494,Victini,494,Victory Pokémon,"[""Psychic"", ""Fire""]",100,100,100,100,100,100,,,[],images/Victini.png,,2026-02-28 03:16:50,
495,Snivy,495,Grass Snake Pokémon,"[""Grass""]",45,45,55,45,55,63,,Servine,"[{""name"": ""Overgrow"", ""is_hidden"": false}, {""name"": ""Contrary"", ""is_hidden"": true}]",images/Snivy.png,"{""male"": 87.5, ""female"": 12.5}",2026-02-28 03:16:50,
496,Servine,496,Grass Snake Pokémon,"[""Grass""]",60,60,75,60,75,83,Snivy,Serperior,"[{""name"": ""Overgrow"", ""is_hidden"": false}, {""name"": ""Contrary"", ""is_hidden"": true}]",images/Servine.png,"{""male"": 87.5, ""female"": 12.5}",2026-02-28 03:16:50,
497,Serperior,497,Regal Pokémon,"[""Grass""]",75,75,95,75,95,113,Servine,,"[{""name"": ""Overgrow"", ""is_hidden"": false}, {""name"": ""Contrary"", ""is_hidden"": true}]",images/Serperior.png,"{""male"": 87.5, ""female"": 12.5}",2026-02-28 03:16:50,
498,Tepig,498,Fire Pig Pokémon,"[""Fire""]",65,63,45,45,45,45,,Pignite,"[{""name"": ""Blaze"", ""is_hidden"": false}, {""name"": ""Thick Fat"", ""is_hidden"": true}]",images/Tepig.png,"{""male"": 87.5, ""female"": 12.5}",2026-02-28 03:16:50,
499,Pignite,499,Fire Pig Pokémon,"[""Fire"", ""Fighting""]",90,93,55,70,55,55,Tepig,Emboar,"[{""name"": ""Blaze"", ""is_hidden"": false}, {""name"": ""Thick Fat"", ""is_hidden"": true}]",images/Pignite.png,"{""male"": 87.5, ""female"": 12.5}",2026-02-28 03:16:50,
500,Emboar,500,Mega Fire Pig Pokémon,"[""Fire"", ""Fighting""]",110,123,65,100,65,65,Pignite,,"[{""name"": ""Blaze"", ""is_hidden"": false}, {""name"": ""Reckless"", ""is_hidden"": true}]",images/Emboar_Emboar.png,"{""male"": 87.5, ""female"": 12.5}",2026-02-28 03:16:50,"{""Emboar"": ""images/Emboar_Emboar.png"", ""Mega_Emboar"": ""images/Emboar_Mega_Emboar.png""}"
501,Oshawott,501,Sea Otter Pokémon,"[""Water""]",55,55,45,63,45,45,,Dewott,"[{""name"": ""Torrent"", ""is_hidden"": false}, {""name"": ""Shell Armor"", ""is_hidden"": true}]",images/Oshawott.png,"{""male"": 87.5, ""female"": 12.5}",2026-02-28 03:16:50,
502,Dewott,502,Discipline Pokémon,"[""Water""]",75,75,60,83,60,60,Oshawott,Samurott,"[{""name"": ""Torrent"", ""is_hidden"": false}, {""name"": ""Shell Armor"", ""is_hidden"": true}]",images/Dewott.png,"{""male"": 87.5, ""female"": 12.5}",2026-02-28 03:16:50,
503,Samurott,503,Formidable Pokémon,"[""Water"", ""Dark""]",95,100,85,108,70,70,Dewott,Samurott (Hisuian),"[{""name"": ""Torrent"", ""is_hidden"": false}, {""name"": ""Shell Armor"", ""is_hidden"": true}, {""name"": ""Sharpness"", ""is_hidden"": true}]",images/Samurott.png,"{""male"": 87.5, ""female"": 12.5}",2026-02-28 03:16:50,
504,Patrat,504,Scout Pokémon,"[""Normal""]",45,55,39,35,39,42,,Watchog,"[{""name"": ""Run Away"", ""is_hidden"": false}, {""name"": ""Keen Eye"", ""is_hidden"": false}, {""name"": ""Analytic"", ""is_hidden"": true}]",images/Patrat.png,"{""male"": 50.0, ""female"": 50.0}",2026-02-28 03:16:50,
505,Watchog,505,Lookout Pokémon,"[""Normal""]",60,85,69,60,69,77,Patrat,,"[{""name"": ""Illuminate"", ""is_hidden"": false}, {""name"": ""Keen Eye"", ""is_hidden"": false}, {""name"": ""Analytic"", ""is_hidden"": true}]",images/Watchog.png,"{""male"": 50.0, ""female"": 50.0}",2026-02-28 03:16:50,
506,Lillipup,506,Puppy Pokémon,"[""Normal""]",45,60,45,25,45,55,,Herdier,"[{""name"": ""Vital Spirit"", ""is_hidden"": false}, {""name"": ""Pickup"", ""is_hidden"": false}, {""name"": ""Run Away"", ""is_hidden"": true}]",images/Lillipup.png,"{""male"": 50.0, ""female"": 50.0}",2026-02-28 03:16:50,
507,Herdier,507,Loyal Dog Pokémon,"[""Normal""]",65,80,65,35,65,60,Lillipup,Stoutland,"[{""name"": ""Intimidate"", ""is_hidden"": false}, {""name"": ""Sand Rush"", ""is_hidden"": false}, {""name"": ""Scrappy"", ""is_hidden"": true}]",images/Herdier.png,"{""male"": 50.0, ""female"": 50.0}",2026-02-28 03:16:50,
508,Stoutland,508,Big-Hearted Pokémon,"[""Normal""]",85,100,90,45,90,80,Herdier,,"[{""name"": ""Intimidate"", ""is_hidden"": false}, {""name"": ""Sand Rush"", ""is_hidden"": false}, {""name"": ""Scrappy"", ""is_hidden"": true}]",images/Stoutland.png,"{""male"": 50.0, ""female"": 50.0}",2026-02-28 03:16:50,
509,Purrloin,509,Devious Pokémon,"[""Dark""]",41,50,37,50,37,66,,Liepard,"[{""name"": ""Limber"", ""is_hidden"": false}, {""name"": ""Unburden"", ""is_hidden"": false}, {""name"": ""Prankster"", ""is_hidden"": true}]",images/Purrloin.png,"{""male"": 50.0, ""female"": 50.0}",2026-02-28 03:16:50,
510,Liepard,510,Cruel Pokémon,"[""Dark""]",64,88,50,88,50,106,Purrloin,,"[{""name"": ""Limber"", ""is_hidden"": false}, {""name"": ""Unburden"", ""is_hidden"": false}, {""name"": ""Prankster"", ""is_hidden"": true}]",images/Liepard.png,"{""male"": 50.0, ""female"": 50.0}",2026-02-28 03:16:50,
511,Pansage,511,Grass Monkey Pokémon,"[""Grass""]",50,53,48,53,48,64,,Simisage,"[{""name"": ""Gluttony"", ""is_hidden"": false}, {""name"": ""Overgrow"", ""is_hidden"": true}]",images/Pansage.png,"{""male"": 87.5, ""female"": 12.5}",2026-02-28 03:16:50,
512,Simisage,512,Thorn Monkey Pokémon,"[""Grass""]",75,98,63,98,63,101,Pansage,,"[{""name"": ""Gluttony"", ""is_hidden"": false}, {""name"": ""Overgrow"", ""is_hidden"": true}]",images/Simisage.png,"{""male"": 87.5, ""female"": 12.5}",2026-02-28 03:16:50,
513,Pansear,513,High Temp Pokémon,"[""Fire""]",50,53,48,53,48,64,,Simisear,"[{""name"": ""Gluttony"", ""is_hidden"": false}, {""name"": ""Blaze"", ""is_hidden"": true}]",images/Pansear.png,"{""male"": 87.5, ""female"": 12.5}",2026-02-28 03:16:50,
514,Simisear,514,Ember Pokémon,"[""Fire""]",75,98,63,98,63,101,Pansear,,"[{""name"": ""Gluttony"", ""is_hidden"": false}, {""name"": ""Blaze"", ""is_hidden"": true}]",images/Simisear.png,"{""male"": 87.5, ""female"": 12.5}",2026-02-28 03:16:50,
515,Panpour,515,Spray Pokémon,"[""Water""]",50,53,48,53,48,64,,Simipour,"[{""name"": ""Gluttony"", ""is_hidden"": false}, {""name"": ""Torrent"", ""is_hidden"": true}]",images/Panpour.png,"{""male"": 87.5, ""female"": 12.5}",2026-02-28 03:16:50,
516,Simipour,516,Geyser Pokémon,"[""Water""]",75,98,63,98,63,101,Panpour,,"[{""name"": ""Gluttony"", ""is_hidden"": false}, {""name"": ""Torrent"", ""is_hidden"": true}]",images/Simipour.png,"{""male"": 87.5, ""female"": 12.5}",2026-02-28 03:16:50,
517,Munna,517,Dream Eater Pokémon,"[""Psychic""]",76,25,45,67,55,24,,Musharna,"[{""name"": ""Forewarn"", ""is_hidden"": false}, {""name"": ""Synchronize"", ""is_hidden"": false}, {""name"": ""Telepathy"", ""is_hidden"": true}]",images/Munna.png,"{""male"": 50.0, ""female"": 50.0}",2026-02-28 03:16:50,
518,Musharna,518,Drowsing Pokémon,"[""Psychic""]",116,55,85,107,95,29,Munna,,"[{""name"": ""Forewarn"", ""is_hidden"": false}, {""name"": ""Synchronize"", ""is_hidden"": false}, {""name"": ""Telepathy"", ""is_hidden"": true}]",images/Musharna.png,"{""male"": 50.0, ""female"": 50.0}",2026-02-28 03:16:50,
519,Pidove,519,Tiny Pigeon Pokémon,"[""Normal"", ""Flying""]",50,55,50,36,30,43,,Tranquill,"[{""name"": ""Big Pecks"", ""is_hidden"": false}, {""name"": ""Super Luck"", ""is_hidden"": false}, {""name"": ""Rivalry"", ""is_hidden"": true}]",images/Pidove.png,"{""male"": 50.0, ""female"": 50.0}",2026-02-28 03:16:50,
520,Tranquill,520,Wild Pigeon Pokémon,"[""Normal"", ""Flying""]",62,77,62,50,42,65,Pidove,Unfezant,"[{""name"": ""Big Pecks"", ""is_hidden"": false}, {""name"": ""Super Luck"", ""is_hidden"": false}, {""name"": ""Rivalry"", ""is_hidden"": true}]",images/Tranquill.png,"{""male"": 50.0, ""female"": 50.0}",2026-02-28 03:16:50,
521,Unfezant,521,Proud Pokémon,"[""Normal"", ""Flying""]",80,105,80,65,55,93,Tranquill,Unfezant,"[{""name"": ""Big Pecks"", ""is_hidden"": false}, {""name"": ""Super Luck"", ""is_hidden"": false}, {""name"": ""Rivalry"", ""is_hidden"": true}]",images/Unfezant.png,"{""male"": 50.0, ""female"": 50.0}",2026-02-28 03:16:50,
522,Blitzle,522,Electrified Pokémon,"[""Electric""]",45,60,32,50,32,76,,Zebstrika,"[{""name"": ""Lightning Rod"", ""is_hidden"": false}, {""name"": ""Motor Drive"", ""is_hidden"": false}, {""name"": ""Sap Sipper"", ""is_hidden"": true}]",images/Blitzle.png,"{""male"": 50.0, ""female"": 50.0}",2026-02-28 03:16:50,
523,Zebstrika,523,Thunderbolt Pokémon,"[""Electric""]",75,100,63,80,63,116,Blitzle,,"[{""name"": ""Lightning Rod"", ""is_hidden"": false}, {""name"": ""Motor Drive"", ""is_hidden"": false}, {""name"": ""Sap Sipper"", ""is_hidden"": true}]",images/Zebstrika.png,"{""male"": 50.0, ""female"": 50.0}",2026-02-28 03:16:50,
524,Roggenrola,524,Mantle Pokémon,"[""Rock""]",55,75,85,25,25,15,,Boldore,"[{""name"": ""Sturdy"", ""is_hidden"": false}, {""name"": ""Weak Armor"", ""is_hidden"": false}, {""name"": ""Gen VII+"", ""is_hidden"": false}, {""name"": ""Sand Force"", ""is_hidden"": true}]",images/Roggenrola.png,"{""male"": 50.0, ""female"": 50.0}",2026-02-28 03:16:50,
525,Boldore,525,Ore Pokémon,"[""Rock""]",70,105,105,50,40,20,Roggenrola,Gigalith,"[{""name"": ""Sturdy"", ""is_hidden"": false}, {""name"": ""Weak Armor"", ""is_hidden"": false}, {""name"": ""Gen VII+"", ""is_hidden"": false}, {""name"": ""Sand Force"", ""is_hidden"": true}]",images/Boldore.png,"{""male"": 50.0, ""female"": 50.0}",2026-02-28 03:16:50,
526,Gigalith,526,Compressed Pokémon,"[""Rock""]",85,135,130,60,70,25,Boldore,,"[{""name"": ""Sturdy"", ""is_hidden"": false}, {""name"": ""Sand Stream"", ""is_hidden"": false}, {""name"": ""Gen VII+"", ""is_hidden"": false}, {""name"": ""Sand Force"", ""is_hidden"": true}]",images/Gigalith.png,"{""male"": 50.0, ""female"": 50.0}",2026-02-28 03:16:50,
527,Woobat,527,Bat Pokémon,"[""Psychic"", ""Flying""]",55,45,43,55,43,72,,Swoobat,"[{""name"": ""Unaware"", ""is_hidden"": false}, {""name"": ""Klutz"", ""is_hidden"": false}, {""name"": ""Simple"", ""is_hidden"": true}]",images/Woobat.png,"{""male"": 50.0, ""female"": 50.0}",2026-02-28 03:16:50,
528,Swoobat,528,Courting Pokémon,"[""Psychic"", ""Flying""]",67,57,55,77,55,114,Woobat,,"[{""name"": ""Unaware"", ""is_hidden"": false}, {""name"": ""Klutz"", ""is_hidden"": false}, {""name"": ""Simple"", ""is_hidden"": true}]",images/Swoobat.png,"{""male"": 50.0, ""female"": 50.0}",2026-02-28 03:16:50,
529,Drilbur,529,Mole Pokémon,"[""Ground""]",60,85,40,30,45,68,,Excadrill,"[{""name"": ""Sand Rush"", ""is_hidden"": false}, {""name"": ""Sand Force"", ""is_hidden"": false}, {""name"": ""Mold Breaker"", ""is_hidden"": true}]",images/Drilbur.png,"{""male"": 50.0, ""female"": 50.0}",2026-02-28 03:16:50,
530,Excadrill,530,Subterrene Pokémon,"[""Ground"", ""Steel""]",110,135,60,50,65,88,Drilbur,,"[{""name"": ""Sand Rush"", ""is_hidden"": false}, {""name"": ""Sand Force"", ""is_hidden"": false}, {""name"": ""Mold Breaker"", ""is_hidden"": true}]",images/Excadrill_Excadrill.png,"{""male"": 50.0, ""female"": 50.0}",2026-02-28 03:16:50,"{""Excadrill"": ""images/Excadrill_Excadrill.png"", ""Mega_Excadrill"": ""images/Excadrill_Mega_Excadrill.png""}"
531,Audino,531,Hearing Pokémon,"[""Normal"", ""Fairy""]",103,60,86,60,86,50,,,"[{""name"": ""Healer"", ""is_hidden"": false}, {""name"": ""Regenerator"", ""is_hidden"": false}, {""name"": ""Klutz"", ""is_hidden"": true}]",images/Audino_Audino.png,"{""male"": 50.0, ""female"": 50.0}",2026-02-28 03:16:50,"{""Audino"": ""images/Audino_Audino.png"", ""Mega_Audino"": ""images/Audino_Mega_Audino.png""}"
532,Timburr,532,Muscular Pokémon,"[""Fighting""]",75,80,55,25,35,35,,Gurdurr,"[{""name"": ""Guts"", ""is_hidden"": false}, {""name"": ""Sheer Force"", ""is_hidden"": false}, {""name"": ""Iron Fist"", ""is_hidden"": true}]",images/Timburr.png,"{""male"": 75.0, ""female"": 25.0}",2026-02-28 03:16:50,
533,Gurdurr,533,Muscular Pokémon,"[""Fighting""]",85,105,85,40,50,40,Timburr,Conkeldurr,"[{""name"": ""Guts"", ""is_hidden"": false}, {""name"": ""Sheer Force"", ""is_hidden"": false}, {""name"": ""Iron Fist"", ""is_hidden"": true}]",images/Gurdurr.png,"{""male"": 75.0, ""female"": 25.0}",2026-02-28 03:16:50,
534,Conkeldurr,534,Muscular Pokémon,"[""Fighting""]",105,140,95,55,65,45,Gurdurr,,"[{""name"": ""Guts"", ""is_hidden"": false}, {""name"": ""Sheer Force"", ""is_hidden"": false}, {""name"": ""Iron Fist"", ""is_hidden"": true}]",images/Conkeldurr.png,"{""male"": 75.0, ""female"": 25.0}",2026-02-28 03:16:50,
535,Tympole,535,Tadpole Pokémon,"[""Water""]",50,50,40,50,40,64,,Palpitoad,"[{""name"": ""Swift Swim"", ""is_hidden"": false}, {""name"": ""Hydration"", ""is_hidden"": false}, {""name"": ""Water Absorb"", ""is_hidden"": true}]",images/Tympole.png,"{""male"": 50.0, ""female"": 50.0}",2026-02-28 03:16:50,
536,Palpitoad,536,Vibration Pokémon,"[""Water"", ""Ground""]",75,65,55,65,55,69,Tympole,Seismitoad,"[{""name"": ""Swift Swim"", ""is_hidden"": false}, {""name"": ""Hydration"", ""is_hidden"": false}, {""name"": ""Water Absorb"", ""is_hidden"": true}]",images/Palpitoad.png,"{""male"": 50.0, ""female"": 50.0}",2026-02-28 03:16:50,
537,Seismitoad,537,Vibration Pokémon,"[""Water"", ""Ground""]",105,85,75,85,75,74,Palpitoad,,"[{""name"": ""Swift Swim"", ""is_hidden"": false}, {""name"": ""Poison Touch"", ""is_hidden"": false}, {""name"": ""Water Absorb"", ""is_hidden"": true}]",images/Seismitoad.png,"{""male"": 50.0, ""female"": 50.0}",2026-02-28 03:16:50,
538,Throh,538,Judo Pokémon,"[""Fighting""]",120,100,85,30,85,45,,,"[{""name"": ""Guts"", ""is_hidden"": false}, {""name"": ""Inner Focus"", ""is_hidden"": false}, {""name"": ""Mold Breaker"", ""is_hidden"": true}]",images/Throh.png,"{""male"": 100.0, ""female"": null}",2026-02-28 03:16:50,
539,Sawk,539,Karate Pokémon,"[""Fighting""]",75,125,75,30,75,85,,,"[{""name"": ""Sturdy"", ""is_hidden"": false}, {""name"": ""Inner Focus"", ""is_hidden"": false}, {""name"": ""Mold Breaker"", ""is_hidden"": true}]",images/Sawk.png,"{""male"": 100.0, ""female"": null}",2026-02-28 03:16:50,
540,Sewaddle,540,Sewing Pokémon,"[""Bug"", ""Grass""]",45,53,70,40,60,42,,Swadloon,"[{""name"": ""Swarm"", ""is_hidden"": false}, {""name"": ""Chlorophyll"", ""is_hidden"": false}, {""name"": ""Overcoat"", ""is_hidden"": true}]",images/Sewaddle.png,"{""male"": 50.0, ""female"": 50.0}",2026-02-28 03:16:50,
541,Swadloon,541,Leaf-Wrapped Pokémon,"[""Bug"", ""Grass""]",55,63,90,50,80,42,Sewaddle,Leavanny,"[{""name"": ""Leaf Guard"", ""is_hidden"": false}, {""name"": ""Chlorophyll"", ""is_hidden"": false}, {""name"": ""Overcoat"", ""is_hidden"": true}]",images/Swadloon.png,"{""male"": 50.0, ""female"": 50.0}",2026-02-28 03:16:50,
542,Leavanny,542,Nurturing Pokémon,"[""Bug"", ""Grass""]",75,103,80,70,70,92,Swadloon,,"[{""name"": ""Swarm"", ""is_hidden"": false}, {""name"": ""Chlorophyll"", ""is_hidden"": false}, {""name"": ""Overcoat"", ""is_hidden"": true}]",images/Leavanny.png,"{""male"": 50.0, ""female"": 50.0}",2026-02-28 03:16:50,
543,Venipede,543,Centipede Pokémon,"[""Bug"", ""Poison""]",30,45,59,30,39,57,,Whirlipede,"[{""name"": ""Poison Point"", ""is_hidden"": false}, {""name"": ""Swarm"", ""is_hidden"": false}, {""name"": ""Speed Boost"", ""is_hidden"": true}, {""name"": ""Quick Feet"", ""is_hidden"": true}]",images/Venipede.png,"{""male"": 50.0, ""female"": 50.0}",2026-02-28 03:16:50,
544,Whirlipede,544,Curlipede Pokémon,"[""Bug"", ""Poison""]",40,55,99,40,79,47,Venipede,Scolipede,"[{""name"": ""Poison Point"", ""is_hidden"": false}, {""name"": ""Swarm"", ""is_hidden"": false}, {""name"": ""Speed Boost"", ""is_hidden"": true}, {""name"": ""Quick Feet"", ""is_hidden"": true}]",images/Whirlipede.png,"{""male"": 50.0, ""female"": 50.0}",2026-02-28 03:16:50,
545,Scolipede,545,Megapede Pokémon,"[""Bug"", ""Poison""]",60,90,89,55,69,112,Whirlipede,,"[{""name"": ""Poison Point"", ""is_hidden"": false}, {""name"": ""Swarm"", ""is_hidden"": false}, {""name"": ""Speed Boost"", ""is_hidden"": true}, {""name"": ""Quick Feet"", ""is_hidden"": true}]",images/Scolipede_Scolipede.png,"{""male"": 50.0, ""female"": 50.0}",2026-02-28 03:16:50,"{""Scolipede"": ""images/Scolipede_Scolipede.png"", ""Mega_Scolipede"": ""images/Scolipede_Mega_Scolipede.png""}"
546,Cottonee,546,Cotton Puff Pokémon,"[""Grass"", ""Fairy""]",40,27,60,37,50,66,,Whimsicott,"[{""name"": ""Prankster"", ""is_hidden"": false}, {""name"": ""Infiltrator"", ""is_hidden"": false}, {""name"": ""Chlorophyll"", ""is_hidden"": true}]",images/Cottonee.png,"{""male"": 50.0, ""female"": 50.0}",2026-02-28 03:16:50,
547,Whimsicott,547,Windveiled Pokémon,"[""Grass"", ""Fairy""]",60,67,85,77,75,116,Cottonee,,"[{""name"": ""Prankster"", ""is_hidden"": false}, {""name"": ""Infiltrator"", ""is_hidden"": false}, {""name"": ""Chlorophyll"", ""is_hidden"": true}]",images/Whimsicott.png,"{""male"": 50.0, ""female"": 50.0}",2026-02-28 03:16:50,
548,Petilil,548,Bulb Pokémon,"[""Grass""]",45,35,50,70,50,30,,Lilligant,"[{""name"": ""Chlorophyll"", ""is_hidden"": false}, {""name"": ""Own Tempo"", ""is_hidden"": false}, {""name"": ""Leaf Guard"", ""is_hidden"": true}]",images/Petilil.png,"{""male"": null, ""female"": 100.0}",2026-02-28 03:16:50,
549,Lilligant,549,Flowering PokémonSpinning Pokémon,"[""Grass"", ""Fighting""]",70,60,75,110,75,90,Petilil,Lilligant (Hisuian),"[{""name"": ""Chlorophyll"", ""is_hidden"": false}, {""name"": ""Own Tempo"", ""is_hidden"": false}, {""name"": ""Hustle"", ""is_hidden"": false}, {""name"": ""Leaf Guard"", ""is_hidden"": true}]",images/Lilligant_Lilligant.png,"{""male"": null, ""female"": 100.0}",2026-02-28 03:16:50,"{""Lilligant"": ""images/Lilligant_Lilligant.png"", ""Other_forms_may_have_other_shapes"": ""images/Lilligant_Other_forms_may_have_other_shapes.png""}"
550,Basculin,550,Hostile PokémonMellow Pokémon,"[""Water""]",70,92,65,80,55,98,,Basculegion,"[{""name"": ""Reckless"", ""is_hidden"": false}, {""name"": ""Adaptability"", ""is_hidden"": false}, {""name"": ""Rock Head"", ""is_hidden"": false}, {""name"": ""Rattled"", ""is_hidden"": false}, {""name"": ""Mold Breaker"", ""is_hidden"": true}]",images/Basculin_Red_Striped.png,"{""male"": 50.0, ""female"": 50.0}",2026-02-28 03:16:50,"{""Red_Striped"": ""images/Basculin_Red_Striped.png"", ""Blue_Striped"": ""images/Basculin_Blue_Striped.png"", ""White_Striped"": ""images/Basculin_White_Striped.png""}"
551,Sandile,551,Desert Croc Pokémon,"[""Ground"", ""Dark""]",50,72,35,35,35,65,,Krokorok,"[{""name"": ""Intimidate"", ""is_hidden"": false}, {""name"": ""Moxie"", ""is_hidden"": false}, {""name"": ""Anger Point"", ""is_hidden"": true}]",images/Sandile.png,"{""male"": 50.0, ""female"": 50.0}",2026-02-28 03:16:50,
552,Krokorok,552,Desert Croc Pokémon,"[""Ground"", ""Dark""]",60,82,45,45,45,74,Sandile,Krookodile,"[{""name"": ""Intimidate"", ""is_hidden"": false}, {""name"": ""Moxie"", ""is_hidden"": false}, {""name"": ""Anger Point"", ""is_hidden"": true}]",images/Krokorok.png,"{""male"": 50.0, ""female"": 50.0}",2026-02-28 03:16:50,
553,Krookodile,553,Intimidation Pokémon,"[""Ground"", ""Dark""]",95,117,70,65,70,92,Krokorok,,"[{""name"": ""Intimidate"", ""is_hidden"": false}, {""name"": ""Moxie"", ""is_hidden"": false}, {""name"": ""Anger Point"", ""is_hidden"": true}]",images/Krookodile.png,"{""male"": 50.0, ""female"": 50.0}",2026-02-28 03:16:50,
554,Darumaka,554,Zen Charm Pokémon,"[""Fire"", ""Ice""]",70,90,45,15,45,50,,Darmanitan,"[{""name"": ""Hustle"", ""is_hidden"": false}, {""name"": ""Inner Focus"", ""is_hidden"": true}]",images/Darumaka.png,"{""male"": 50.0, ""female"": 50.0}",2026-02-28 03:16:50,
555,Darmanitan,555,Blazing PokémonZen Charm Pokémon,"[""Fire"", ""Ice""]",105,140,55,30,55,95,Darumaka,Darumaka (Galarian),"[{""name"": ""Sheer Force"", ""is_hidden"": false}, {""name"": ""Gorilla Tactics"", ""is_hidden"": false}, {""name"": ""Zen Mode"", ""is_hidden"": true}]",images/Darmanitan.png,"{""male"": 50.0, ""female"": 50.0}",2026-02-28 03:16:50,
556,Maractus,556,Cactus Pokémon,"[""Grass""]",75,86,67,106,67,60,,,"[{""name"": ""Water Absorb"", ""is_hidden"": false}, {""name"": ""Chlorophyll"", ""is_hidden"": false}, {""name"": ""Storm Drain"", ""is_hidden"": true}]",images/Maractus.png,"{""male"": 50.0, ""female"": 50.0}",2026-02-28 03:16:50,
557,Dwebble,557,Rock Inn Pokémon,"[""Bug"", ""Rock""]",50,65,85,35,35,55,,Crustle,"[{""name"": ""Sturdy"", ""is_hidden"": false}, {""name"": ""Shell Armor"", ""is_hidden"": false}, {""name"": ""Weak Armor"", ""is_hidden"": true}]",images/Dwebble.png,"{""male"": 50.0, ""female"": 50.0}",2026-02-28 03:16:50,
558,Crustle,558,Stone Home Pokémon,"[""Bug"", ""Rock""]",70,95,125,65,75,45,Dwebble,,"[{""name"": ""Sturdy"", ""is_hidden"": false}, {""name"": ""Shell Armor"", ""is_hidden"": false}, {""name"": ""Weak Armor"", ""is_hidden"": true}]",images/Crustle.png,"{""male"": 50.0, ""female"": 50.0}",2026-02-28 03:16:50,
559,Scraggy,559,Shedding Pokémon,"[""Dark"", ""Fighting""]",50,75,70,35,70,48,,Scrafty,"[{""name"": ""Shed Skin"", ""is_hidden"": false}, {""name"": ""Moxie"", ""is_hidden"": false}, {""name"": ""Intimidate"", ""is_hidden"": true}]",images/Scraggy.png,"{""male"": 50.0, ""female"": 50.0}",2026-02-28 03:16:50,
560,Scrafty,560,Hoodlum Pokémon,"[""Dark"", ""Fighting""]",65,90,115,45,115,58,Scraggy,,"[{""name"": ""Shed Skin"", ""is_hidden"": false}, {""name"": ""Moxie"", ""is_hidden"": false}, {""name"": ""Intimidate"", ""is_hidden"": true}]",images/Scrafty_Scrafty.png,"{""male"": 50.0, ""female"": 50.0}",2026-02-28 03:16:50,"{""Scrafty"": ""images/Scrafty_Scrafty.png"", ""Mega_Scrafty"": ""images/Scrafty_Mega_Scrafty.png""}"
561,Sigilyph,561,Avianoid Pokémon,"[""Psychic"", ""Flying""]",72,58,80,103,80,97,,,"[{""name"": ""Wonder Skin"", ""is_hidden"": false}, {""name"": ""Magic Guard"", ""is_hidden"": false}, {""name"": ""Tinted Lens"", ""is_hidden"": true}]",images/Sigilyph.png,"{""male"": 50.0, ""female"": 50.0}",2026-02-28 03:16:50,
562,Yamask,562,Spirit Pokémon,"[""Ghost"", ""Ground""]",38,30,85,55,65,30,,Cofagrigus,"[{""name"": ""Mummy"", ""is_hidden"": false}, {""name"": ""Wandering Spirit"", ""is_hidden"": false}]",images/Yamask.png,"{""male"": 50.0, ""female"": 50.0}",2026-02-28 03:16:50,
563,Cofagrigus,563,Coffin Pokémon,"[""Ghost""]",58,50,145,95,105,30,Yamask,,[],images/Cofagrigus.png,"{""male"": 50.0, ""female"": 50.0}",2026-02-28 03:16:50,
564,Tirtouga,564,Prototurtle Pokémon,"[""Water"", ""Rock""]",54,78,103,53,45,22,,Carracosta,"[{""name"": ""Solid Rock"", ""is_hidden"": false}, {""name"": ""Sturdy"", ""is_hidden"": false}, {""name"": ""Swift Swim"", ""is_hidden"": true}]",images/Tirtouga.png,"{""male"": 87.5, ""female"": 12.5}",2026-02-28 03:16:50,
565,Carracosta,565,Prototurtle Pokémon,"[""Water"", ""Rock""]",74,108,133,83,65,32,Tirtouga,,"[{""name"": ""Solid Rock"", ""is_hidden"": false}, {""name"": ""Sturdy"", ""is_hidden"": false}, {""name"": ""Swift Swim"", ""is_hidden"": true}]",images/Carracosta.png,"{""male"": 87.5, ""female"": 12.5}",2026-02-28 03:16:50,
566,Archen,566,First Bird Pokémon,"[""Rock"", ""Flying""]",55,112,45,74,45,70,,Archeops,[],images/Archen.png,"{""male"": 87.5, ""female"": 12.5}",2026-02-28 03:16:50,
567,Archeops,567,First Bird Pokémon,"[""Rock"", ""Flying""]",75,140,65,112,65,110,Archen,,[],images/Archeops.png,"{""male"": 87.5, ""female"": 12.5}",2026-02-28 03:16:50,
568,Trubbish,568,Trash Bag Pokémon,"[""Poison""]",50,50,62,40,62,65,,Garbodor,"[{""name"": ""Stench"", ""is_hidden"": false}, {""name"": ""Sticky Hold"", ""is_hidden"": false}, {""name"": ""Aftermath"", ""is_hidden"": true}]",images/Trubbish.png,"{""male"": 50.0, ""female"": 50.0}",2026-02-28 03:16:50,
569,Garbodor,569,Trash Heap Pokémon,"[""Poison""]",80,95,82,60,82,75,Trubbish,,"[{""name"": ""Stench"", ""is_hidden"": false}, {""name"": ""Weak Armor"", ""is_hidden"": false}, {""name"": ""Aftermath"", ""is_hidden"": true}]",images/Garbodor.png,"{""male"": 50.0, ""female"": 50.0}",2026-02-28 03:16:50,
570,Zorua,570,Tricky Fox PokémonSpiteful Fox Pokémon,"[""Dark"", ""Normal""]",40,65,40,80,40,65,,Zoroark,[],images/Zorua.png,"{""male"": 87.5, ""female"": 12.5}",2026-02-28 03:16:50,
571,Zoroark,571,Illusion Fox PokémonBaneful Fox Pokémon,"[""Dark"", ""Normal""]",60,105,60,120,60,105,Zorua,Zorua (Hisuian),[],images/Zoroark.png,"{""male"": 87.5, ""female"": 12.5}",2026-02-28 03:16:50,
572,Minccino,572,Chinchilla Pokémon,"[""Normal""]",55,50,40,40,40,75,,Cinccino,"[{""name"": ""Cute Charm"", ""is_hidden"": false}, {""name"": ""Technician"", ""is_hidden"": false}, {""name"": ""Skill Link"", ""is_hidden"": true}]",images/Minccino.png,"{""male"": 25.0, ""female"": 75.0}",2026-02-28 03:16:50,
573,Cinccino,573,Scarf Pokémon,"[""Normal""]",75,95,60,65,60,115,Minccino,,"[{""name"": ""Cute Charm"", ""is_hidden"": false}, {""name"": ""Technician"", ""is_hidden"": false}, {""name"": ""Skill Link"", ""is_hidden"": true}]",images/Cinccino.png,"{""male"": 25.0, ""female"": 75.0}",2026-02-28 03:16:50,
574,Gothita,574,Fixation Pokémon,"[""Psychic""]",45,30,50,55,65,45,,Gothorita,"[{""name"": ""Frisk"", ""is_hidden"": false}, {""name"": ""Competitive"", ""is_hidden"": false}, {""name"": ""Gen VI+"", ""is_hidden"": false}, {""name"": ""Shadow Tag"", ""is_hidden"": true}]",images/Gothita.png,"{""male"": 25.0, ""female"": 75.0}",2026-02-28 03:16:50,
575,Gothorita,575,Manipulate Pokémon,"[""Psychic""]",60,45,70,75,85,55,Gothita,Gothitelle,"[{""name"": ""Frisk"", ""is_hidden"": false}, {""name"": ""Competitive"", ""is_hidden"": false}, {""name"": ""Gen VI+"", ""is_hidden"": false}, {""name"": ""Shadow Tag"", ""is_hidden"": true}]",images/Gothorita.png,"{""male"": 25.0, ""female"": 75.0}",2026-02-28 03:16:50,
576,Gothitelle,576,Astral Body Pokémon,"[""Psychic""]",70,55,95,95,110,65,Gothorita,,"[{""name"": ""Frisk"", ""is_hidden"": false}, {""name"": ""Competitive"", ""is_hidden"": false}, {""name"": ""Gen VI+"", ""is_hidden"": false}, {""name"": ""Shadow Tag"", ""is_hidden"": true}]",images/Gothitelle.png,"{""male"": 25.0, ""female"": 75.0}",2026-02-28 03:16:50,
577,Solosis,577,Cell Pokémon,"[""Psychic""]",45,30,40,105,50,20,,Duosion,"[{""name"": ""Overcoat"", ""is_hidden"": false}, {""name"": ""Magic Guard"", ""is_hidden"": false}, {""name"": ""Regenerator"", ""is_hidden"": true}]",images/Solosis.png,"{""male"": 50.0, ""female"": 50.0}",2026-02-28 03:16:50,
578,Duosion,578,Mitosis Pokémon,"[""Psychic""]",65,40,50,125,60,30,Solosis,Reuniclus,"[{""name"": ""Overcoat"", ""is_hidden"": false}, {""name"": ""Magic Guard"", ""is_hidden"": false}, {""name"": ""Regenerator"", ""is_hidden"": true}]",images/Duosion.png,"{""male"": 50.0, ""female"": 50.0}",2026-02-28 03:16:50,
579,Reuniclus,579,Multiplying Pokémon,"[""Psychic""]",110,65,75,125,85,30,Duosion,,"[{""name"": ""Overcoat"", ""is_hidden"": false}, {""name"": ""Magic Guard"", ""is_hidden"": false}, {""name"": ""Regenerator"", ""is_hidden"": true}]",images/Reuniclus.png,"{""male"": 50.0, ""female"": 50.0}",2026-02-28 03:16:50,
580,Ducklett,580,Water Bird Pokémon,"[""Water"", ""Flying""]",62,44,50,44,50,55,,Swanna,"[{""name"": ""Keen Eye"", ""is_hidden"": false}, {""name"": ""Big Pecks"", ""is_hidden"": false}, {""name"": ""Hydration"", ""is_hidden"": true}]",images/Ducklett.png,"{""male"": 50.0, ""female"": 50.0}",2026-02-28 03:16:50,
581,Swanna,581,White Bird Pokémon,"[""Water"", ""Flying""]",75,87,63,87,63,98,Ducklett,,"[{""name"": ""Keen Eye"", ""is_hidden"": false}, {""name"": ""Big Pecks"", ""is_hidden"": false}, {""name"": ""Hydration"", ""is_hidden"": true}]",images/Swanna.png,"{""male"": 50.0, ""female"": 50.0}",2026-02-28 03:16:50,
582,Vanillite,582,Fresh Snow Pokémon,"[""Ice""]",36,50,50,65,60,44,,Vanillish,"[{""name"": ""Ice Body"", ""is_hidden"": false}, {""name"": ""Snow Cloak"", ""is_hidden"": false}, {""name"": ""Gen VII+"", ""is_hidden"": false}, {""name"": ""Weak Armor"", ""is_hidden"": true}]",images/Vanillite.png,"{""male"": 50.0, ""female"": 50.0}",2026-02-28 03:16:50,
583,Vanillish,583,Icy Snow Pokémon,"[""Ice""]",51,65,65,80,75,59,Vanillite,Vanilluxe,"[{""name"": ""Ice Body"", ""is_hidden"": false}, {""name"": ""Snow Cloak"", ""is_hidden"": false}, {""name"": ""Gen VII+"", ""is_hidden"": false}, {""name"": ""Weak Armor"", ""is_hidden"": true}]",images/Vanillish.png,"{""male"": 50.0, ""female"": 50.0}",2026-02-28 03:16:50,
584,Vanilluxe,584,Snowstorm Pokémon,"[""Ice""]",71,95,85,110,95,79,Vanillish,,"[{""name"": ""Ice Body"", ""is_hidden"": false}, {""name"": ""Snow Warning"", ""is_hidden"": false}, {""name"": ""Gen VII+"", ""is_hidden"": false}, {""name"": ""Weak Armor"", ""is_hidden"": true}]",images/Vanilluxe.png,"{""male"": 50.0, ""female"": 50.0}",2026-02-28 03:16:50,
585,Deerling,585,Season Pokémon,"[""Normal"", ""Grass""]",60,60,50,40,50,75,,Sawsbuck (Spring),"[{""name"": ""Chlorophyll"", ""is_hidden"": false}, {""name"": ""Sap Sipper"", ""is_hidden"": false}, {""name"": ""Serene Grace"", ""is_hidden"": true}]",images/Deerling_Spring.png,"{""male"": 50.0, ""female"": 50.0}",2026-02-28 03:16:50,"{""Spring"": ""images/Deerling_Spring.png"", ""Summer"": ""images/Deerling_Summer.png"", ""Autumn"": ""images/Deerling_Autumn.png"", ""Winter"": ""images/Deerling_Winter.png""}"
586,Sawsbuck,586,Season Pokémon,"[""Normal"", ""Grass""]",80,100,70,60,70,95,Deerling (Spring),Deerling (Summer),"[{""name"": ""Chlorophyll"", ""is_hidden"": false}, {""name"": ""Sap Sipper"", ""is_hidden"": false}, {""name"": ""Serene Grace"", ""is_hidden"": true}]",images/Sawsbuck_Spring.png,"{""male"": 50.0, ""female"": 50.0}",2026-02-28 03:16:50,"{""Spring"": ""images/Sawsbuck_Spring.png"", ""Summer"": ""images/Sawsbuck_Summer.png"", ""Autumn"": ""images/Sawsbuck_Autumn.png"", ""Winter"": ""images/Sawsbuck_Winter.png""}"
587,Emolga,587,Sky Squirrel Pokémon,"[""Electric"", ""Flying""]",55,75,60,75,60,103,,,"[{""name"": ""Static"", ""is_hidden"": false}, {""name"": ""Motor Drive"", ""is_hidden"": true}]",images/Emolga.png,"{""male"": 50.0, ""female"": 50.0}",2026-02-28 03:16:50,
588,Karrablast,588,Clamping Pokémon,"[""Bug""]",50,75,45,40,45,60,,Escavalier,"[{""name"": ""Swarm"", ""is_hidden"": false}, {""name"": ""Shed Skin"", ""is_hidden"": false}, {""name"": ""No Guard"", ""is_hidden"": true}]",images/Karrablast.png,"{""male"": 50.0, ""female"": 50.0}",2026-02-28 03:16:50,
589,Escavalier,589,Cavalry Pokémon,"[""Bug"", ""Steel""]",70,135,105,60,105,20,Karrablast,,"[{""name"": ""Swarm"", ""is_hidden"": false}, {""name"": ""Shell Armor"", ""is_hidden"": false}, {""name"": ""Overcoat"", ""is_hidden"": true}]",images/Escavalier.png,"{""male"": 50.0, ""female"": 50.0}",2026-02-28 03:16:50,
590,Foongus,590,Mushroom Pokémon,"[""Grass"", ""Poison""]",69,55,45,55,55,15,,Amoonguss,"[{""name"": ""Effect Spore"", ""is_hidden"": false}, {""name"": ""Regenerator"", ""is_hidden"": true}]",images/Foongus.png,"{""male"": 50.0, ""female"": 50.0}",2026-02-28 03:16:50,
591,Amoonguss,591,Mushroom Pokémon,"[""Grass"", ""Poison""]",114,85,70,85,80,30,Foongus,,"[{""name"": ""Effect Spore"", ""is_hidden"": false}, {""name"": ""Regenerator"", ""is_hidden"": true}]",images/Amoonguss.png,"{""male"": 50.0, ""female"": 50.0}",2026-02-28 03:16:50,
592,Frillish,592,Floating Pokémon,"[""Water"", ""Ghost""]",55,40,50,65,85,40,,Jellicent,"[{""name"": ""Water Absorb"", ""is_hidden"": false}, {""name"": ""Cursed Body"", ""is_hidden"": false}, {""name"": ""Damp"", ""is_hidden"": true}]",images/Frillish.png,"{""male"": 50.0, ""female"": 50.0}",2026-02-28 03:16:50,
593,Jellicent,593,Floating Pokémon,"[""Water"", ""Ghost""]",100,60,70,85,105,60,Frillish,Frillish,"[{""name"": ""Water Absorb"", ""is_hidden"": false}, {""name"": ""Cursed Body"", ""is_hidden"": false}, {""name"": ""Damp"", ""is_hidden"": true}]",images/Jellicent.png,"{""male"": 50.0, ""female"": 50.0}",2026-02-28 03:16:50,
594,Alomomola,594,Caring Pokémon,"[""Water""]",165,75,80,40,45,65,,,"[{""name"": ""Healer"", ""is_hidden"": false}, {""name"": ""Hydration"", ""is_hidden"": false}, {""name"": ""Regenerator"", ""is_hidden"": true}]",images/Alomomola.png,"{""male"": 50.0, ""female"": 50.0}",2026-02-28 03:16:50,
595,Joltik,595,Attaching Pokémon,"[""Bug"", ""Electric""]",50,47,50,57,50,65,,Galvantula,"[{""name"": ""Compound Eyes"", ""is_hidden"": false}, {""name"": ""Unnerve"", ""is_hidden"": false}, {""name"": ""Swarm"", ""is_hidden"": true}]",images/Joltik.png,"{""male"": 50.0, ""female"": 50.0}",2026-02-28 03:16:50,
596,Galvantula,596,EleSpider Pokémon,"[""Bug"", ""Electric""]",70,77,60,97,60,108,Joltik,,"[{""name"": ""Compound Eyes"", ""is_hidden"": false}, {""name"": ""Unnerve"", ""is_hidden"": false}, {""name"": ""Swarm"", ""is_hidden"": true}]",images/Galvantula.png,"{""male"": 50.0, ""female"": 50.0}",2026-02-28 03:16:50,
597,Ferroseed,597,Thorn Seed Pokémon,"[""Grass"", ""Steel""]",44,50,91,24,86,10,,Ferrothorn,[],images/Ferroseed.png,"{""male"": 50.0, ""female"": 50.0}",2026-02-28 03:16:50,
598,Ferrothorn,598,Thorn Pod Pokémon,"[""Grass"", ""Steel""]",74,94,131,54,116,20,Ferroseed,,"[{""name"": ""Iron Barbs"", ""is_hidden"": false}, {""name"": ""Anticipation"", ""is_hidden"": true}]",images/Ferrothorn.png,"{""male"": 50.0, ""female"": 50.0}",2026-02-28 03:16:50,
599,Klink,599,Gear Pokémon,"[""Steel""]",40,55,70,45,60,30,,Klang,"[{""name"": ""Plus"", ""is_hidden"": false}, {""name"": ""Minus"", ""is_hidden"": false}, {""name"": ""Clear Body"", ""is_hidden"": true}]",images/Klink.png,,2026-02-28 03:16:50,
600,Klang,600,Gear Pokémon,"[""Steel""]",60,80,95,70,85,50,Klink,Klinklang,"[{""name"": ""Plus"", ""is_hidden"": false}, {""name"": ""Minus"", ""is_hidden"": false}, {""name"": ""Clear Body"", ""is_hidden"": true}]",images/Klang.png,,2026-02-28 03:16:50,
601,Klinklang,601,Gear Pokémon,"[""Steel""]",60,100,115,70,85,90,Klang,,"[{""name"": ""Plus"", ""is_hidden"": false}, {""name"": ""Minus"", ""is_hidden"": false}, {""name"": ""Clear Body"", ""is_hidden"": true}]",images/Klinklang.png,,2026-02-28 03:16:50,
602,Tynamo,602,EleFish Pokémon,"[""Electric""]",35,55,40,45,40,60,,Eelektrik,[],images/Tynamo.png,"{""male"": 50.0, ""female"": 50.0}",2026-02-28 03:16:50,
603,Eelektrik,603,EleFish Pokémon,"[""Electric""]",65,85,70,75,70,40,Tynamo,Eelektross,[],images/Eelektrik.png,"{""male"": 50.0, ""female"": 50.0}",2026-02-28 03:16:50,
604,Eelektross,604,EleFish Pokémon,"[""Electric""]",85,115,80,105,80,50,Eelektrik,,[],images/Eelektross_Eelektross.png,"{""male"": 50.0, ""female"": 50.0}",2026-02-28 03:16:50,"{""Eelektross"": ""images/Eelektross_Eelektross.png"", ""Mega_Eelektross"": ""images/Eelektross_Mega_Eelektross.png""}"
605,Elgyem,605,Cerebral Pokémon,"[""Psychic""]",55,55,55,85,55,30,,Beheeyem,"[{""name"": ""Telepathy"", ""is_hidden"": false}, {""name"": ""Synchronize"", ""is_hidden"": false}, {""name"": ""Analytic"", ""is_hidden"": true}]",images/Elgyem.png,"{""male"": 50.0, ""female"": 50.0}",2026-02-28 03:16:50,
606,Beheeyem,606,Cerebral Pokémon,"[""Psychic""]",75,75,75,125,95,40,Elgyem,,"[{""name"": ""Telepathy"", ""is_hidden"": false}, {""name"": ""Synchronize"", ""is_hidden"": false}, {""name"": ""Analytic"", ""is_hidden"": true}]",images/Beheeyem.png,"{""male"": 50.0, ""female"": 50.0}",2026-02-28 03:16:50,
607,Litwick,607,Candle Pokémon,"[""Ghost"", ""Fire""]",50,30,55,65,55,20,,Lampent,"[{""name"": ""Flash Fire"", ""is_hidden"": false}, {""name"": ""Flame Body"", ""is_hidden"": false}, {""name"": ""Infiltrator"", ""is_hidden"": true}, {""name"": ""Shadow Tag"", ""is_hidden"": true}]",images/Litwick.png,"{""male"": 50.0, ""female"": 50.0}",2026-02-28 03:16:50,
608,Lampent,608,Lamp Pokémon,"[""Ghost"", ""Fire""]",60,40,60,95,60,55,Litwick,Chandelure,"[{""name"": ""Flash Fire"", ""is_hidden"": false}, {""name"": ""Flame Body"", ""is_hidden"": false}, {""name"": ""Infiltrator"", ""is_hidden"": true}, {""name"": ""Shadow Tag"", ""is_hidden"": true}]",images/Lampent.png,"{""male"": 50.0, ""female"": 50.0}",2026-02-28 03:16:50,
609,Chandelure,609,Luring Pokémon,"[""Ghost"", ""Fire""]",60,55,90,145,90,80,Lampent,,"[{""name"": ""Flash Fire"", ""is_hidden"": false}, {""name"": ""Flame Body"", ""is_hidden"": false}, {""name"": ""Infiltrator"", ""is_hidden"": true}, {""name"": ""Shadow Tag"", ""is_hidden"": true}]",images/Chandelure_Chandelure.png,"{""male"": 50.0, ""female"": 50.0}",2026-02-28 03:16:50,"{""Chandelure"": ""images/Chandelure_Chandelure.png"", ""Mega_Chandelure"": ""images/Chandelure_Mega_Chandelure.png""}"
610,Axew,610,Tusk Pokémon,"[""Dragon""]",46,87,60,30,40,57,,Fraxure,"[{""name"": ""Rivalry"", ""is_hidden"": false}, {""name"": ""Mold Breaker"", ""is_hidden"": false}, {""name"": ""Unnerve"", ""is_hidden"": true}]",images/Axew.png,"{""male"": 50.0, ""female"": 50.0}",2026-02-28 03:16:50,
611,Fraxure,611,Axe Jaw Pokémon,"[""Dragon""]",66,117,70,40,50,67,Axew,Haxorus,"[{""name"": ""Rivalry"", ""is_hidden"": false}, {""name"": ""Mold Breaker"", ""is_hidden"": false}, {""name"": ""Unnerve"", ""is_hidden"": true}]",images/Fraxure.png,"{""male"": 50.0, ""female"": 50.0}",2026-02-28 03:16:50,
612,Haxorus,612,Axe Jaw Pokémon,"[""Dragon""]",76,147,90,60,70,97,Fraxure,,"[{""name"": ""Rivalry"", ""is_hidden"": false}, {""name"": ""Mold Breaker"", ""is_hidden"": false}, {""name"": ""Unnerve"", ""is_hidden"": true}]",images/Haxorus.png,"{""male"": 50.0, ""female"": 50.0}",2026-02-28 03:16:50,
613,Cubchoo,613,Chill Pokémon,"[""Ice""]",55,70,40,60,40,40,,Beartic,"[{""name"": ""Snow Cloak"", ""is_hidden"": false}, {""name"": ""Slush Rush"", ""is_hidden"": false}, {""name"": ""Gen VII+"", ""is_hidden"": false}, {""name"": ""Rattled"", ""is_hidden"": true}]",images/Cubchoo.png,"{""male"": 50.0, ""female"": 50.0}",2026-02-28 03:16:50,
614,Beartic,614,Freezing Pokémon,"[""Ice""]",95,110,80,70,80,50,Cubchoo,,"[{""name"": ""Snow Cloak"", ""is_hidden"": false}, {""name"": ""Slush Rush"", ""is_hidden"": false}, {""name"": ""Gen VII+"", ""is_hidden"": false}, {""name"": ""Swift Swim"", ""is_hidden"": true}]",images/Beartic.png,"{""male"": 50.0, ""female"": 50.0}",2026-02-28 03:16:50,
615,Cryogonal,615,Crystallizing Pokémon,"[""Ice""]",70,50,30,95,135,105,,,[],images/Cryogonal.png,,2026-02-28 03:16:50,
616,Shelmet,616,Snail Pokémon,"[""Bug""]",50,40,85,40,65,25,,Accelgor,"[{""name"": ""Hydration"", ""is_hidden"": false}, {""name"": ""Shell Armor"", ""is_hidden"": false}, {""name"": ""Overcoat"", ""is_hidden"": true}]",images/Shelmet.png,"{""male"": 50.0, ""female"": 50.0}",2026-02-28 03:16:50,
617,Accelgor,617,Shell Out Pokémon,"[""Bug""]",80,70,40,100,60,145,Shelmet,,"[{""name"": ""Hydration"", ""is_hidden"": false}, {""name"": ""Sticky Hold"", ""is_hidden"": false}, {""name"": ""Unburden"", ""is_hidden"": true}]",images/Accelgor.png,"{""male"": 50.0, ""female"": 50.0}",2026-02-28 03:16:50,
618,Stunfisk,618,Trap Pokémon,"[""Ground"", ""Electric""]",109,66,84,81,99,32,,,"[{""name"": ""Static"", ""is_hidden"": false}, {""name"": ""Limber"", ""is_hidden"": false}, {""name"": ""Mimicry"", ""is_hidden"": false}, {""name"": ""Sand Veil"", ""is_hidden"": true}]",images/Stunfisk.png,"{""male"": 50.0, ""female"": 50.0}",2026-02-28 03:16:50,
619,Mienfoo,619,Martial Arts Pokémon,"[""Fighting""]",45,85,50,55,50,65,,Mienshao,"[{""name"": ""Inner Focus"", ""is_hidden"": false}, {""name"": ""Regenerator"", ""is_hidden"": false}, {""name"": ""Reckless"", ""is_hidden"": true}]",images/Mienfoo.png,"{""male"": 50.0, ""female"": 50.0}",2026-02-28 03:16:50,
620,Mienshao,620,Martial Arts Pokémon,"[""Fighting""]",65,125,60,95,60,105,Mienfoo,,"[{""name"": ""Inner Focus"", ""is_hidden"": false}, {""name"": ""Regenerator"", ""is_hidden"": false}, {""name"": ""Reckless"", ""is_hidden"": true}]",images/Mienshao.png,"{""male"": 50.0, ""female"": 50.0}",2026-02-28 03:16:50,
621,Druddigon,621,Cave Pokémon,"[""Dragon""]",77,120,90,60,90,48,,,"[{""name"": ""Rough Skin"", ""is_hidden"": false}, {""name"": ""Sheer Force"", ""is_hidden"": false}, {""name"": ""Mold Breaker"", ""is_hidden"": true}]",images/Druddigon.png,"{""male"": 50.0, ""female"": 50.0}",2026-02-28 03:16:50,
622,Golett,622,Automaton Pokémon,"[""Ground"", ""Ghost""]",59,74,50,35,50,35,,Golurk,"[{""name"": ""Iron Fist"", ""is_hidden"": false}, {""name"": ""Klutz"", ""is_hidden"": false}, {""name"": ""No Guard"", ""is_hidden"": true}]",images/Golett.png,,2026-02-28 03:16:50,
623,Golurk,623,Automaton Pokémon,"[""Ground"", ""Ghost""]",89,124,80,55,80,55,Golett,,"[{""name"": ""Iron Fist"", ""is_hidden"": false}, {""name"": ""Klutz"", ""is_hidden"": false}, {""name"": ""No Guard"", ""is_hidden"": true}]",images/Golurk_Golurk.png,,2026-02-28 03:16:50,"{""Golurk"": ""images/Golurk_Golurk.png"", ""Mega_Golurk"": ""images/Golurk_Mega_Golurk.png""}"
624,Pawniard,624,Sharp Blade Pokémon,"[""Dark"", ""Steel""]",45,85,70,40,40,60,,Bisharp,"[{""name"": ""Defiant"", ""is_hidden"": false}, {""name"": ""Inner Focus"", ""is_hidden"": false}, {""name"": ""Pressure"", ""is_hidden"": true}]",images/Pawniard.png,"{""male"": 50.0, ""female"": 50.0}",2026-02-28 03:16:50,
625,Bisharp,625,Sword Blade Pokémon,"[""Dark"", ""Steel""]",65,125,100,60,70,70,Pawniard,Kingambit,"[{""name"": ""Defiant"", ""is_hidden"": false}, {""name"": ""Inner Focus"", ""is_hidden"": false}, {""name"": ""Pressure"", ""is_hidden"": true}]",images/Bisharp.png,"{""male"": 50.0, ""female"": 50.0}",2026-02-28 03:16:50,
626,Bouffalant,626,Bash Buffalo Pokémon,"[""Normal""]",95,110,95,40,95,55,,,"[{""name"": ""Reckless"", ""is_hidden"": false}, {""name"": ""Sap Sipper"", ""is_hidden"": false}, {""name"": ""Soundproof"", ""is_hidden"": true}]",images/Bouffalant.png,"{""male"": 50.0, ""female"": 50.0}",2026-02-28 03:16:50,
627,Rufflet,627,Eaglet Pokémon,"[""Normal"", ""Flying""]",70,83,50,37,50,60,,Braviary,"[{""name"": ""Keen Eye"", ""is_hidden"": false}, {""name"": ""Sheer Force"", ""is_hidden"": false}, {""name"": ""Hustle"", ""is_hidden"": true}]",images/Rufflet.png,"{""male"": 100.0, ""female"": null}",2026-02-28 03:16:50,
628,Braviary,628,Valiant PokémonBattle Cry Pokémon,"[""Normal"", ""Flying""]",100,123,75,57,75,80,Rufflet,Braviary (Hisuian),"[{""name"": ""Keen Eye"", ""is_hidden"": false}, {""name"": ""Sheer Force"", ""is_hidden"": false}, {""name"": ""Defiant"", ""is_hidden"": true}, {""name"": ""Tinted Lens"", ""is_hidden"": true}]",images/Braviary.png,"{""male"": 100.0, ""female"": null}",2026-02-28 03:16:50,
629,Vullaby,629,Diapered Pokémon,"[""Dark"", ""Flying""]",70,55,75,45,65,60,,Mandibuzz,"[{""name"": ""Big Pecks"", ""is_hidden"": false}, {""name"": ""Overcoat"", ""is_hidden"": false}, {""name"": ""Weak Armor"", ""is_hidden"": true}]",images/Vullaby.png,"{""male"": null, ""female"": 100.0}",2026-02-28 03:16:50,
630,Mandibuzz,630,Bone Vulture Pokémon,"[""Dark"", ""Flying""]",110,65,105,55,95,80,Vullaby,,"[{""name"": ""Big Pecks"", ""is_hidden"": false}, {""name"": ""Overcoat"", ""is_hidden"": false}, {""name"": ""Weak Armor"", ""is_hidden"": true}]",images/Mandibuzz.png,"{""male"": null, ""female"": 100.0}",2026-02-28 03:16:50,
631,Heatmor,631,Anteater Pokémon,"[""Fire""]",85,97,66,105,66,65,,,"[{""name"": ""Gluttony"", ""is_hidden"": false}, {""name"": ""Flash Fire"", ""is_hidden"": false}, {""name"": ""White Smoke"", ""is_hidden"": true}]",images/Heatmor.png,"{""male"": 50.0, ""female"": 50.0}",2026-02-28 03:16:50,
632,Durant,632,Iron Ant Pokémon,"[""Bug"", ""Steel""]",58,109,112,48,48,109,,,"[{""name"": ""Swarm"", ""is_hidden"": false}, {""name"": ""Hustle"", ""is_hidden"": false}, {""name"": ""Truant"", ""is_hidden"": true}]",images/Durant.png,"{""male"": 50.0, ""female"": 50.0}",2026-02-28 03:16:50,
633,Deino,633,Irate Pokémon,"[""Dark"", ""Dragon""]",52,65,50,45,50,38,,Zweilous,[],images/Deino.png,"{""male"": 50.0, ""female"": 50.0}",2026-02-28 03:16:50,
634,Zweilous,634,Hostile Pokémon,"[""Dark"", ""Dragon""]",72,85,70,65,70,58,Deino,Hydreigon,[],images/Zweilous.png,"{""male"": 50.0, ""female"": 50.0}",2026-02-28 03:16:50,
635,Hydreigon,635,Brutal Pokémon,"[""Dark"", ""Dragon""]",92,105,90,125,90,98,Zweilous,,[],images/Hydreigon.png,"{""male"": 50.0, ""female"": 50.0}",2026-02-28 03:16:50,
636,Larvesta,636,Torch Pokémon,"[""Bug"", ""Fire""]",55,85,55,50,55,60,,Volcarona,"[{""name"": ""Flame Body"", ""is_hidden"": false}, {""name"": ""Swarm"", ""is_hidden"": true}]",images/Larvesta.png,"{""male"": 50.0, ""female"": 50.0}",2026-02-28 03:16:50,
637,Volcarona,637,Sun Pokémon,"[""Bug"", ""Fire""]",85,60,65,135,105,100,Larvesta,,"[{""name"": ""Flame Body"", ""is_hidden"": false}, {""name"": ""Swarm"", ""is_hidden"": true}]",images/Volcarona.png,"{""male"": 50.0, ""female"": 50.0}",2026-02-28 03:16:50,
638,Cobalion,638,Iron Will Pokémon,"[""Steel"", ""Fighting""]",91,90,129,90,72,108,,,[],images/Cobalion.png,,2026-02-28 03:16:50,
639,Terrakion,639,Cavern Pokémon,"[""Rock"", ""Fighting""]",91,129,90,72,90,108,,,[],images/Terrakion.png,,2026-02-28 03:16:50,
640,Virizion,640,Grassland Pokémon,"[""Grass"", ""Fighting""]",91,90,72,90,129,108,,,[],images/Virizion.png,,2026-02-28 03:16:50,
641,Tornadus,641,Cyclone Pokémon,"[""Flying""]",79,115,70,125,80,111,,,"[{""name"": ""Prankster"", ""is_hidden"": false}, {""name"": ""Defiant"", ""is_hidden"": true}, {""name"": ""Regenerator"", ""is_hidden"": false}]",images/Tornadus_Incarnate_Forme.png,"{""male"": 100.0, ""female"": null}",2026-02-28 03:16:50,"{""Incarnate_Forme"": ""images/Tornadus_Incarnate_Forme.png"", ""Therian_Forme"": ""images/Tornadus_Therian_Forme.png"", ""Other_forms_may_have_other_shapes"": ""images/Tornadus_Other_forms_may_have_other_shapes.png""}"
642,Thundurus,642,Bolt Strike Pokémon,"[""Electric"", ""Flying""]",79,115,70,125,80,111,,,"[{""name"": ""Prankster"", ""is_hidden"": false}, {""name"": ""Defiant"", ""is_hidden"": true}, {""name"": ""Volt Absorb"", ""is_hidden"": false}]",images/Thundurus_Incarnate_Forme.png,"{""male"": 100.0, ""female"": null}",2026-02-28 03:16:50,"{""Incarnate_Forme"": ""images/Thundurus_Incarnate_Forme.png"", ""Therian_Forme"": ""images/Thundurus_Therian_Forme.png"", ""Other_forms_may_have_other_shapes"": ""images/Thundurus_Other_forms_may_have_other_shapes.png""}"
643,Reshiram,643,Vast White Pokémon,"[""Dragon"", ""Fire""]",100,120,100,150,120,90,,,[],images/Reshiram.png,,2026-02-28 03:16:50,
644,Zekrom,644,Deep Black Pokémon,"[""Dragon"", ""Electric""]",100,150,120,120,100,90,,,[],images/Zekrom.png,,2026-02-28 03:16:50,
645,Landorus,645,Abundance Pokémon,"[""Ground"", ""Flying""]",89,125,90,115,80,101,,,"[{""name"": ""Sand Force"", ""is_hidden"": false}, {""name"": ""Sheer Force"", ""is_hidden"": true}, {""name"": ""Intimidate"", ""is_hidden"": false}]",images/Landorus_Incarnate_Forme.png,"{""male"": 100.0, ""female"": null}",2026-02-28 03:16:50,"{""Incarnate_Forme"": ""images/Landorus_Incarnate_Forme.png"", ""Therian_Forme"": ""images/Landorus_Therian_Forme.png"", ""Other_forms_may_have_other_shapes"": ""images/Landorus_Other_forms_may_have_other_shapes.png""}"
646,Kyurem,646,Boundary Pokémon,"[""Dragon"", ""Ice""]",125,130,90,130,90,95,,,"[{""name"": ""Pressure"", ""is_hidden"": false}, {""name"": ""Turboblaze"", ""is_hidden"": false}, {""name"": ""Teravolt"", ""is_hidden"": false}]",images/Kyurem.png,,2026-02-28 03:16:50,
647,Keldeo,647,Colt Pokémon,"[""Water"", ""Fighting""]",91,72,90,129,90,108,,,[],images/Keldeo_Ordinary.png,,2026-02-28 03:16:50,"{""Ordinary"": ""images/Keldeo_Ordinary.png"", ""Resolute"": ""images/Keldeo_Resolute.png""}"
648,Meloetta,648,Melody Pokémon,"[""Normal"", ""Psychic""]",100,77,77,128,128,90,,,[],images/Meloetta_Aria_Forme.png,,2026-02-28 03:16:50,"{""Aria_Forme"": ""images/Meloetta_Aria_Forme.png"", ""Pirouette_Forme"": ""images/Meloetta_Pirouette_Forme.png""}"
649,Genesect,649,Paleozoic Pokémon,"[""Bug"", ""Steel""]",71,120,95,120,95,99,,,[],images/Genesect.png,,2026-02-28 03:16:50,
650,Chespin,650,Spiny Nut Pokémon,"[""Grass""]",56,61,65,48,45,38,,Quilladin,"[{""name"": ""Overgrow"", ""is_hidden"": false}, {""name"": ""Bulletproof"", ""is_hidden"": true}]",images/Chespin.png,"{""male"": 87.5, ""female"": 12.5}",2026-02-28 03:16:50,
651,Quilladin,651,Spiny Armor Pokémon,"[""Grass""]",61,78,95,56,58,57,Chespin,Chesnaught,"[{""name"": ""Overgrow"", ""is_hidden"": false}, {""name"": ""Bulletproof"", ""is_hidden"": true}]",images/Quilladin.png,"{""male"": 87.5, ""female"": 12.5}",2026-02-28 03:16:50,
652,Chesnaught,652,Spiny Armor Pokémon,"[""Grass"", ""Fighting""]",88,107,122,74,75,64,Quilladin,,"[{""name"": ""Overgrow"", ""is_hidden"": false}, {""name"": ""Bulletproof"", ""is_hidden"": true}, {""name"": ""Bulletproof"", ""is_hidden"": false}]",images/Chesnaught_Chesnaught.png,"{""male"": 87.5, ""female"": 12.5}",2026-02-28 03:16:50,"{""Chesnaught"": ""images/Chesnaught_Chesnaught.png"", ""Mega_Chesnaught"": ""images/Chesnaught_Mega_Chesnaught.png""}"
653,Fennekin,653,Fox Pokémon,"[""Fire""]",40,45,40,62,60,60,,Braixen,"[{""name"": ""Blaze"", ""is_hidden"": false}, {""name"": ""Magician"", ""is_hidden"": true}]",images/Fennekin.png,"{""male"": 87.5, ""female"": 12.5}",2026-02-28 03:16:50,
654,Braixen,654,Fox Pokémon,"[""Fire""]",59,59,58,90,70,73,Fennekin,Delphox,"[{""name"": ""Blaze"", ""is_hidden"": false}, {""name"": ""Magician"", ""is_hidden"": true}]",images/Braixen.png,"{""male"": 87.5, ""female"": 12.5}",2026-02-28 03:16:50,
655,Delphox,655,Fox Pokémon,"[""Fire"", ""Psychic""]",75,69,72,114,100,104,Braixen,,"[{""name"": ""Blaze"", ""is_hidden"": false}, {""name"": ""Magician"", ""is_hidden"": true}, {""name"": ""Levitate"", ""is_hidden"": false}]",images/Delphox_Delphox.png,"{""male"": 87.5, ""female"": 12.5}",2026-02-28 03:16:50,"{""Delphox"": ""images/Delphox_Delphox.png"", ""Mega_Delphox"": ""images/Delphox_Mega_Delphox.png""}"
656,Froakie,656,Bubble Frog Pokémon,"[""Water""]",41,56,40,62,44,71,,Frogadier,"[{""name"": ""Torrent"", ""is_hidden"": false}, {""name"": ""Protean"", ""is_hidden"": true}]",images/Froakie.png,"{""male"": 87.5, ""female"": 12.5}",2026-02-28 03:16:50,
657,Frogadier,657,Bubble Frog Pokémon,"[""Water""]",54,63,52,83,56,97,Froakie,Greninja,"[{""name"": ""Torrent"", ""is_hidden"": false}, {""name"": ""Protean"", ""is_hidden"": true}]",images/Frogadier.png,"{""male"": 87.5, ""female"": 12.5}",2026-02-28 03:16:50,
658,Greninja,658,Ninja Pokémon,"[""Water"", ""Dark""]",72,95,67,103,71,122,Frogadier,,"[{""name"": ""Torrent"", ""is_hidden"": false}, {""name"": ""Protean"", ""is_hidden"": true}, {""name"": ""Protean"", ""is_hidden"": false}, {""name"": ""Battle Bond"", ""is_hidden"": false}, {""name"": ""Battle Bond Greninja"", ""is_hidden"": false}]",images/Greninja_Greninja.png,"{""male"": 87.5, ""female"": 12.5}",2026-02-28 03:16:50,"{""Greninja"": ""images/Greninja_Greninja.png"", ""Mega_Greninja"": ""images/Greninja_Mega_Greninja.png""}"
659,Bunnelby,659,Digging Pokémon,"[""Normal""]",38,36,38,32,36,57,,Diggersby,"[{""name"": ""Pickup"", ""is_hidden"": false}, {""name"": ""Cheek Pouch"", ""is_hidden"": false}, {""name"": ""Huge Power"", ""is_hidden"": true}]",images/Bunnelby.png,"{""male"": 50.0, ""female"": 50.0}",2026-02-28 03:16:50,
660,Diggersby,660,Digging Pokémon,"[""Normal"", ""Ground""]",85,56,77,50,77,78,Bunnelby,,"[{""name"": ""Pickup"", ""is_hidden"": false}, {""name"": ""Cheek Pouch"", ""is_hidden"": false}, {""name"": ""Huge Power"", ""is_hidden"": true}]",images/Diggersby.png,"{""male"": 50.0, ""female"": 50.0}",2026-02-28 03:16:50,
661,Fletchling,661,Tiny Robin Pokémon,"[""Normal"", ""Flying""]",45,50,43,40,38,62,,Fletchinder,"[{""name"": ""Big Pecks"", ""is_hidden"": false}, {""name"": ""Gale Wings"", ""is_hidden"": true}]",images/Fletchling.png,"{""male"": 50.0, ""female"": 50.0}",2026-02-28 03:16:50,
662,Fletchinder,662,Ember Pokémon,"[""Fire"", ""Flying""]",62,73,55,56,52,84,Fletchling,Talonflame,"[{""name"": ""Flame Body"", ""is_hidden"": false}, {""name"": ""Gale Wings"", ""is_hidden"": true}]",images/Fletchinder.png,"{""male"": 50.0, ""female"": 50.0}",2026-02-28 03:16:50,
663,Talonflame,663,Scorching Pokémon,"[""Fire"", ""Flying""]",78,81,71,74,69,126,Fletchinder,,"[{""name"": ""Flame Body"", ""is_hidden"": false}, {""name"": ""Gale Wings"", ""is_hidden"": true}]",images/Talonflame.png,"{""male"": 50.0, ""female"": 50.0}",2026-02-28 03:16:50,
664,Scatterbug,664,Scatterdust Pokémon,"[""Bug""]",38,35,40,27,25,35,,Spewpa,"[{""name"": ""Shield Dust"", ""is_hidden"": false}, {""name"": ""Compound Eyes"", ""is_hidden"": false}, {""name"": ""Friend Guard"", ""is_hidden"": true}]",images/Scatterbug.png,"{""male"": 50.0, ""female"": 50.0}",2026-02-28 03:16:50,
665,Spewpa,665,Scatterdust Pokémon,"[""Bug""]",45,22,60,27,30,29,Scatterbug,Vivillon,"[{""name"": ""Shed Skin"", ""is_hidden"": false}, {""name"": ""Friend Guard"", ""is_hidden"": true}]",images/Spewpa.png,"{""male"": 50.0, ""female"": 50.0}",2026-02-28 03:16:50,
666,Vivillon,666,Scale Pokémon,"[""Bug"", ""Flying""]",80,52,50,90,50,89,Spewpa,,"[{""name"": ""Shield Dust"", ""is_hidden"": false}, {""name"": ""Compound Eyes"", ""is_hidden"": false}, {""name"": ""Friend Guard"", ""is_hidden"": true}]",images/Vivillon.png,"{""male"": 50.0, ""female"": 50.0}",2026-02-28 03:16:50,
667,Litleo,667,Lion Cub Pokémon,"[""Fire"", ""Normal""]",62,50,58,73,54,72,,Pyroar,"[{""name"": ""Rivalry"", ""is_hidden"": false}, {""name"": ""Unnerve"", ""is_hidden"": false}, {""name"": ""Moxie"", ""is_hidden"": true}]",images/Litleo.png,"{""male"": 12.5, ""female"": 87.5}",2026-02-28 03:16:50,
668,Pyroar,668,Royal Pokémon,"[""Fire"", ""Normal""]",86,68,72,109,66,106,Litleo,Pyroar,"[{""name"": ""Rivalry"", ""is_hidden"": false}, {""name"": ""Unnerve"", ""is_hidden"": false}, {""name"": ""Moxie"", ""is_hidden"": true}]",images/Pyroar_Pyroar.png,"{""male"": 12.5, ""female"": 87.5}",2026-02-28 03:16:50,"{""Pyroar"": ""images/Pyroar_Pyroar.png"", ""Mega_Pyroar"": ""images/Pyroar_Mega_Pyroar.png""}"
669,Flabébé,669,Single Bloom Pokémon,"[""Fairy""]",44,38,39,61,79,42,,Floette,"[{""name"": ""Flower Veil"", ""is_hidden"": false}, {""name"": ""Symbiosis"", ""is_hidden"": true}]",images/Flabébé.png,"{""male"": null, ""female"": 100.0}",2026-02-28 03:16:50,
670,Floette,670,Single Bloom Pokémon,"[""Fairy""]",54,45,47,75,98,52,Flabébé,Florges,"[{""name"": ""Flower Veil"", ""is_hidden"": false}, {""name"": ""Symbiosis"", ""is_hidden"": true}]",images/Floette.png,"{""male"": null, ""female"": 100.0}",2026-02-28 03:16:50,
671,Florges,671,Garden Pokémon,"[""Fairy""]",78,65,68,112,154,75,Floette,,"[{""name"": ""Flower Veil"", ""is_hidden"": false}, {""name"": ""Symbiosis"", ""is_hidden"": true}]",images/Florges.png,"{""male"": null, ""female"": 100.0}",2026-02-28 03:16:50,
672,Skiddo,672,Mount Pokémon,"[""Grass""]",66,65,48,62,57,52,,Gogoat,"[{""name"": ""Sap Sipper"", ""is_hidden"": false}, {""name"": ""Grass Pelt"", ""is_hidden"": true}]",images/Skiddo.png,"{""male"": 50.0, ""female"": 50.0}",2026-02-28 03:16:50,
673,Gogoat,673,Mount Pokémon,"[""Grass""]",123,100,62,97,81,68,Skiddo,,"[{""name"": ""Sap Sipper"", ""is_hidden"": false}, {""name"": ""Grass Pelt"", ""is_hidden"": true}]",images/Gogoat.png,"{""male"": 50.0, ""female"": 50.0}",2026-02-28 03:16:50,
674,Pancham,674,Playful Pokémon,"[""Fighting""]",67,82,62,46,48,43,,Pangoro,"[{""name"": ""Iron Fist"", ""is_hidden"": false}, {""name"": ""Mold Breaker"", ""is_hidden"": false}, {""name"": ""Scrappy"", ""is_hidden"": true}]",images/Pancham.png,"{""male"": 50.0, ""female"": 50.0}",2026-02-28 03:16:50,
675,Pangoro,675,Daunting Pokémon,"[""Fighting"", ""Dark""]",95,124,78,69,71,58,Pancham,,"[{""name"": ""Iron Fist"", ""is_hidden"": false}, {""name"": ""Mold Breaker"", ""is_hidden"": false}, {""name"": ""Scrappy"", ""is_hidden"": true}]",images/Pangoro.png,"{""male"": 50.0, ""female"": 50.0}",2026-02-28 03:16:50,
676,Furfrou,676,Poodle Pokémon,"[""Normal""]",75,80,60,65,90,102,,,[],images/Furfrou.png,"{""male"": 50.0, ""female"": 50.0}",2026-02-28 03:16:50,
677,Espurr,677,Restraint Pokémon,"[""Psychic""]",62,48,54,63,60,68,,Meowstic,"[{""name"": ""Keen Eye"", ""is_hidden"": false}, {""name"": ""Infiltrator"", ""is_hidden"": false}, {""name"": ""Own Tempo"", ""is_hidden"": true}]",images/Espurr.png,"{""male"": 50.0, ""female"": 50.0}",2026-02-28 03:16:50,
678,Meowstic,678,Constraint PokémonSecond Sight Pokémon,"[""Psychic""]",74,48,76,83,81,104,Espurr,Meowstic,"[{""name"": ""Keen Eye"", ""is_hidden"": false}, {""name"": ""Infiltrator"", ""is_hidden"": false}, {""name"": ""Prankster"", ""is_hidden"": true}, {""name"": ""Competitive"", ""is_hidden"": true}]",images/Meowstic_Meowstic.png,"{""male"": 50.0, ""female"": 50.0}",2026-02-28 03:16:50,"{""Meowstic"": ""images/Meowstic_Meowstic.png"", ""Mega_Meowstic"": ""images/Meowstic_Mega_Meowstic.png""}"
679,Honedge,679,Sword Pokémon,"[""Steel"", ""Ghost""]",45,80,100,35,37,28,,Doublade,[],images/Honedge.png,"{""male"": 50.0, ""female"": 50.0}",2026-02-28 03:16:50,
680,Doublade,680,Sword Pokémon,"[""Steel"", ""Ghost""]",59,110,150,45,49,35,Honedge,Aegislash,[],images/Doublade.png,"{""male"": 50.0, ""female"": 50.0}",2026-02-28 03:16:50,
681,Aegislash,681,Royal Sword Pokémon,"[""Steel"", ""Ghost""]",60,50,150,50,150,60,Doublade,,[],images/Aegislash_Shield_Forme.png,"{""male"": 50.0, ""female"": 50.0}",2026-02-28 03:16:50,"{""Shield_Forme"": ""images/Aegislash_Shield_Forme.png"", ""Blade_Forme"": ""images/Aegislash_Blade_Forme.png""}"
682,Spritzee,682,Perfume Pokémon,"[""Fairy""]",78,52,60,63,65,23,,Aromatisse,"[{""name"": ""Healer"", ""is_hidden"": false}, {""name"": ""Aroma Veil"", ""is_hidden"": true}]",images/Spritzee.png,"{""male"": 50.0, ""female"": 50.0}",2026-02-28 03:16:50,
683,Aromatisse,683,Fragrance Pokémon,"[""Fairy""]",101,72,72,99,89,29,Spritzee,,"[{""name"": ""Healer"", ""is_hidden"": false}, {""name"": ""Aroma Veil"", ""is_hidden"": true}]",images/Aromatisse.png,"{""male"": 50.0, ""female"": 50.0}",2026-02-28 03:16:50,
684,Swirlix,684,Cotton Candy Pokémon,"[""Fairy""]",62,48,66,59,57,49,,Slurpuff,"[{""name"": ""Sweet Veil"", ""is_hidden"": false}, {""name"": ""Unburden"", ""is_hidden"": true}]",images/Swirlix.png,"{""male"": 50.0, ""female"": 50.0}",2026-02-28 03:16:50,
685,Slurpuff,685,Meringue Pokémon,"[""Fairy""]",82,80,86,85,75,72,Swirlix,,"[{""name"": ""Sweet Veil"", ""is_hidden"": false}, {""name"": ""Unburden"", ""is_hidden"": true}]",images/Slurpuff.png,"{""male"": 50.0, ""female"": 50.0}",2026-02-28 03:16:50,
686,Inkay,686,Revolving Pokémon,"[""Dark"", ""Psychic""]",53,54,53,37,46,45,,Malamar,"[{""name"": ""Contrary"", ""is_hidden"": false}, {""name"": ""Suction Cups"", ""is_hidden"": false}, {""name"": ""Infiltrator"", ""is_hidden"": true}]",images/Inkay.png,"{""male"": 50.0, ""female"": 50.0}",2026-02-28 03:16:50,
687,Malamar,687,Overturning Pokémon,"[""Dark"", ""Psychic""]",86,92,88,68,75,73,Inkay,,"[{""name"": ""Contrary"", ""is_hidden"": false}, {""name"": ""Suction Cups"", ""is_hidden"": false}, {""name"": ""Infiltrator"", ""is_hidden"": true}]",images/Malamar_Malamar.png,"{""male"": 50.0, ""female"": 50.0}",2026-02-28 03:16:50,"{""Malamar"": ""images/Malamar_Malamar.png"", ""Mega_Malamar"": ""images/Malamar_Mega_Malamar.png""}"
688,Binacle,688,Two-Handed Pokémon,"[""Rock"", ""Water""]",42,52,67,39,56,50,,Barbaracle,"[{""name"": ""Tough Claws"", ""is_hidden"": false}, {""name"": ""Sniper"", ""is_hidden"": false}, {""name"": ""Pickpocket"", ""is_hidden"": true}]",images/Binacle.png,"{""male"": 50.0, ""female"": 50.0}",2026-02-28 03:16:50,
689,Barbaracle,689,Collective Pokémon,"[""Rock"", ""Water""]",72,105,115,54,86,68,Binacle,,"[{""name"": ""Tough Claws"", ""is_hidden"": false}, {""name"": ""Sniper"", ""is_hidden"": false}, {""name"": ""Pickpocket"", ""is_hidden"": true}]",images/Barbaracle_Barbaracle.png,"{""male"": 50.0, ""female"": 50.0}",2026-02-28 03:16:50,"{""Barbaracle"": ""images/Barbaracle_Barbaracle.png"", ""Mega_Barbaracle"": ""images/Barbaracle_Mega_Barbaracle.png""}"
690,Skrelp,690,Mock Kelp Pokémon,"[""Poison"", ""Water""]",50,60,60,60,60,30,,Dragalge,"[{""name"": ""Poison Point"", ""is_hidden"": false}, {""name"": ""Poison Touch"", ""is_hidden"": false}, {""name"": ""Adaptability"", ""is_hidden"": true}]",images/Skrelp.png,"{""male"": 50.0, ""female"": 50.0}",2026-02-28 03:16:50,
691,Dragalge,691,Mock Kelp Pokémon,"[""Poison"", ""Dragon""]",65,75,90,97,123,44,Skrelp,,"[{""name"": ""Poison Point"", ""is_hidden"": false}, {""name"": ""Poison Touch"", ""is_hidden"": false}, {""name"": ""Adaptability"", ""is_hidden"": true}]",images/Dragalge_Dragalge.png,"{""male"": 50.0, ""female"": 50.0}",2026-02-28 03:16:50,"{""Dragalge"": ""images/Dragalge_Dragalge.png"", ""Mega_Dragalge"": ""images/Dragalge_Mega_Dragalge.png""}"
692,Clauncher,692,Water Gun Pokémon,"[""Water""]",50,53,62,58,63,44,,Clawitzer,[],images/Clauncher.png,"{""male"": 50.0, ""female"": 50.0}",2026-02-28 03:16:50,
693,Clawitzer,693,Howitzer Pokémon,"[""Water""]",71,73,88,120,89,59,Clauncher,,[],images/Clawitzer.png,"{""male"": 50.0, ""female"": 50.0}",2026-02-28 03:16:50,
694,Helioptile,694,Generator Pokémon,"[""Electric"", ""Normal""]",44,38,33,61,43,70,,Heliolisk,"[{""name"": ""Dry Skin"", ""is_hidden"": false}, {""name"": ""Sand Veil"", ""is_hidden"": false}, {""name"": ""Solar Power"", ""is_hidden"": true}]",images/Helioptile.png,"{""male"": 50.0, ""female"": 50.0}",2026-02-28 03:16:50,
695,Heliolisk,695,Generator Pokémon,"[""Electric"", ""Normal""]",62,55,52,109,94,109,Helioptile,,"[{""name"": ""Dry Skin"", ""is_hidden"": false}, {""name"": ""Sand Veil"", ""is_hidden"": false}, {""name"": ""Solar Power"", ""is_hidden"": true}]",images/Heliolisk.png,"{""male"": 50.0, ""female"": 50.0}",2026-02-28 03:16:50,
696,Tyrunt,696,Royal Heir Pokémon,"[""Rock"", ""Dragon""]",58,89,77,45,45,48,,Tyrantrum,"[{""name"": ""Strong Jaw"", ""is_hidden"": false}, {""name"": ""Sturdy"", ""is_hidden"": true}]",images/Tyrunt.png,"{""male"": 87.5, ""female"": 12.5}",2026-02-28 03:16:50,
697,Tyrantrum,697,Despot Pokémon,"[""Rock"", ""Dragon""]",82,121,119,69,59,71,Tyrunt,,"[{""name"": ""Strong Jaw"", ""is_hidden"": false}, {""name"": ""Rock Head"", ""is_hidden"": true}]",images/Tyrantrum.png,"{""male"": 87.5, ""female"": 12.5}",2026-02-28 03:16:50,
698,Amaura,698,Tundra Pokémon,"[""Rock"", ""Ice""]",77,59,50,67,63,46,,Aurorus,"[{""name"": ""Refrigerate"", ""is_hidden"": false}, {""name"": ""Snow Warning"", ""is_hidden"": true}]",images/Amaura.png,"{""male"": 87.5, ""female"": 12.5}",2026-02-28 03:16:50,
699,Aurorus,699,Tundra Pokémon,"[""Rock"", ""Ice""]",123,77,72,99,92,58,Amaura,,"[{""name"": ""Refrigerate"", ""is_hidden"": false}, {""name"": ""Snow Warning"", ""is_hidden"": true}]",images/Aurorus.png,"{""male"": 87.5, ""female"": 12.5}",2026-02-28 03:16:50,
700,Sylveon,700,Intertwining Pokémon,"[""Fairy""]",95,65,65,110,130,60,Eevee,,"[{""name"": ""Cute Charm"", ""is_hidden"": false}, {""name"": ""Pixilate"", ""is_hidden"": true}]",images/Sylveon.png,"{""male"": 87.5, ""female"": 12.5}",2026-02-28 03:16:50,
701,Hawlucha,701,Wrestling Pokémon,"[""Fighting"", ""Flying""]",78,92,75,74,63,118,,,"[{""name"": ""Limber"", ""is_hidden"": false}, {""name"": ""Unburden"", ""is_hidden"": false}, {""name"": ""Mold Breaker"", ""is_hidden"": true}]",images/Hawlucha_Hawlucha.png,"{""male"": 50.0, ""female"": 50.0}",2026-02-28 03:16:50,"{""Hawlucha"": ""images/Hawlucha_Hawlucha.png"", ""Mega_Hawlucha"": ""images/Hawlucha_Mega_Hawlucha.png""}"
702,Dedenne,702,Antenna Pokémon,"[""Electric"", ""Fairy""]",67,58,57,81,67,101,,,"[{""name"": ""Cheek Pouch"", ""is_hidden"": false}, {""name"": ""Pickup"", ""is_hidden"": false}, {""name"": ""Plus"", ""is_hidden"": true}]",images/Dedenne.png,"{""male"": 50.0, ""female"": 50.0}",2026-02-28 03:16:50,
703,Carbink,703,Jewel Pokémon,"[""Rock"", ""Fairy""]",50,50,150,50,150,50,,,"[{""name"": ""Clear Body"", ""is_hidden"": false}, {""name"": ""Sturdy"", ""is_hidden"": true}]",images/Carbink.png,,2026-02-28 03:16:50,
704,Goomy,704,Soft Tissue Pokémon,"[""Dragon""]",45,50,35,55,75,40,,Sliggoo,"[{""name"": ""Sap Sipper"", ""is_hidden"": false}, {""name"": ""Hydration"", ""is_hidden"": false}, {""name"": ""Gooey"", ""is_hidden"": true}]",images/Goomy.png,"{""male"": 50.0, ""female"": 50.0}",2026-02-28 03:16:50,
705,Sliggoo,705,Soft Tissue PokémonSnail Pokémon,"[""Dragon"", ""Steel""]",68,75,53,83,113,60,Goomy,Goodra,"[{""name"": ""Sap Sipper"", ""is_hidden"": false}, {""name"": ""Hydration"", ""is_hidden"": false}, {""name"": ""Shell Armor"", ""is_hidden"": false}, {""name"": ""Gooey"", ""is_hidden"": true}]",images/Sliggoo.png,"{""male"": 50.0, ""female"": 50.0}",2026-02-28 03:16:50,
706,Goodra,706,Dragon PokémonShell Bunker Pokémon,"[""Dragon"", ""Steel""]",90,100,70,110,150,80,Sliggoo,Sliggoo (Hisuian),"[{""name"": ""Sap Sipper"", ""is_hidden"": false}, {""name"": ""Hydration"", ""is_hidden"": false}, {""name"": ""Shell Armor"", ""is_hidden"": false}, {""name"": ""Gooey"", ""is_hidden"": true}]",images/Goodra.png,"{""male"": 50.0, ""female"": 50.0}",2026-02-28 03:16:50,
707,Klefki,707,Key Ring Pokémon,"[""Steel"", ""Fairy""]",57,80,91,80,87,75,,,"[{""name"": ""Prankster"", ""is_hidden"": false}, {""name"": ""Magician"", ""is_hidden"": true}]",images/Klefki.png,"{""male"": 50.0, ""female"": 50.0}",2026-02-28 03:16:50,
708,Phantump,708,Stump Pokémon,"[""Ghost"", ""Grass""]",43,70,48,50,60,38,,Trevenant,"[{""name"": ""Natural Cure"", ""is_hidden"": false}, {""name"": ""Frisk"", ""is_hidden"": false}, {""name"": ""Harvest"", ""is_hidden"": true}]",images/Phantump.png,"{""male"": 50.0, ""female"": 50.0}",2026-02-28 03:16:50,
709,Trevenant,709,Elder Tree Pokémon,"[""Ghost"", ""Grass""]",85,110,76,65,82,56,Phantump,,"[{""name"": ""Natural Cure"", ""is_hidden"": false}, {""name"": ""Frisk"", ""is_hidden"": false}, {""name"": ""Harvest"", ""is_hidden"": true}]",images/Trevenant.png,"{""male"": 50.0, ""female"": 50.0}",2026-02-28 03:16:50,
710,Pumpkaboo,710,Pumpkin Pokémon,"[""Ghost"", ""Grass""]",44,66,70,44,55,56,,Gourgeist,"[{""name"": ""Pickup"", ""is_hidden"": false}, {""name"": ""Frisk"", ""is_hidden"": false}, {""name"": ""Insomnia"", ""is_hidden"": true}]",images/Pumpkaboo.png,"{""male"": 50.0, ""female"": 50.0}",2026-02-28 03:16:50,
711,Gourgeist,711,Pumpkin Pokémon,"[""Ghost"", ""Grass""]",55,85,122,58,75,99,Pumpkaboo,,"[{""name"": ""Pickup"", ""is_hidden"": false}, {""name"": ""Frisk"", ""is_hidden"": false}, {""name"": ""Insomnia"", ""is_hidden"": true}]",images/Gourgeist.png,"{""male"": 50.0, ""female"": 50.0}",2026-02-28 03:16:50,
712,Bergmite,712,Ice Chunk Pokémon,"[""Ice""]",55,69,85,32,35,28,,Avalugg,"[{""name"": ""Own Tempo"", ""is_hidden"": false}, {""name"": ""Ice Body"", ""is_hidden"": false}, {""name"": ""Sturdy"", ""is_hidden"": true}]",images/Bergmite.png,"{""male"": 50.0, ""female"": 50.0}",2026-02-28 03:16:50,
713,Avalugg,713,Iceberg Pokémon,"[""Ice"", ""Rock""]",95,117,184,44,46,28,Bergmite,Avalugg (Hisuian),"[{""name"": ""Own Tempo"", ""is_hidden"": false}, {""name"": ""Ice Body"", ""is_hidden"": false}, {""name"": ""Strong Jaw"", ""is_hidden"": false}, {""name"": ""Sturdy"", ""is_hidden"": true}]",images/Avalugg.png,"{""male"": 50.0, ""female"": 50.0}",2026-02-28 03:16:50,
714,Noibat,714,Sound Wave Pokémon,"[""Flying"", ""Dragon""]",40,30,35,45,40,55,,Noivern,"[{""name"": ""Frisk"", ""is_hidden"": false}, {""name"": ""Infiltrator"", ""is_hidden"": false}, {""name"": ""Telepathy"", ""is_hidden"": true}]",images/Noibat.png,"{""male"": 50.0, ""female"": 50.0}",2026-02-28 03:16:50,
715,Noivern,715,Sound Wave Pokémon,"[""Flying"", ""Dragon""]",85,70,80,97,80,123,Noibat,,"[{""name"": ""Frisk"", ""is_hidden"": false}, {""name"": ""Infiltrator"", ""is_hidden"": false}, {""name"": ""Telepathy"", ""is_hidden"": true}]",images/Noivern.png,"{""male"": 50.0, ""female"": 50.0}",2026-02-28 03:16:50,
716,Xerneas,716,Life Pokémon,"[""Fairy""]",126,131,95,131,98,99,,,[],images/Xerneas.png,,2026-02-28 03:16:50,
717,Yveltal,717,Destruction Pokémon,"[""Dark"", ""Flying""]",126,131,95,131,98,99,,,[],images/Yveltal.png,,2026-02-28 03:16:50,
718,Zygarde,718,Order Pokémon,"[""Dragon"", ""Ground""]",108,100,121,81,95,95,,,"[{""name"": ""Aura Break"", ""is_hidden"": false}, {""name"": ""Power Construct"", ""is_hidden"": false}]",images/Zygarde_50_Forme.png,,2026-02-28 03:16:50,"{""50_Forme"": ""images/Zygarde_50_Forme.png"", ""10_Forme"": ""images/Zygarde_10_Forme.png"", ""Complete_Forme"": ""images/Zygarde_Complete_Forme.png"", ""Mega_Zygarde"": ""images/Zygarde_Mega_Zygarde.png"", ""Other_forms_may_have_other_shapes"": ""images/Zygarde_Other_forms_may_have_other_shapes.png""}"
719,Diancie,719,Jewel Pokémon,"[""Rock"", ""Fairy""]",50,100,150,100,150,50,,,"[{""name"": ""Clear Body"", ""is_hidden"": false}, {""name"": ""Magic Bounce"", ""is_hidden"": false}]",images/Diancie_Diancie.png,,2026-02-28 03:16:50,"{""Diancie"": ""images/Diancie_Diancie.png"", ""Mega_Diancie"": ""images/Diancie_Mega_Diancie.png""}"
720,Hoopa,720,Mischief PokémonDjinn Pokémon,"[""Psychic"", ""Ghost""]",80,110,60,150,130,70,,,[],images/Hoopa.png,,2026-02-28 03:16:50,
721,Volcanion,721,Steam Pokémon,"[""Fire"", ""Water""]",80,110,120,130,90,70,,,[],images/Volcanion.png,,2026-02-28 03:16:50,
722,Rowlet,722,Grass Quill Pokémon,"[""Grass"", ""Flying""]",68,55,55,50,50,42,,Dartrix,"[{""name"": ""Overgrow"", ""is_hidden"": false}, {""name"": ""Long Reach"", ""is_hidden"": true}]",images/Rowlet.png,"{""male"": 87.5, ""female"": 12.5}",2026-02-28 03:16:50,
723,Dartrix,723,Blade Quill Pokémon,"[""Grass"", ""Flying""]",78,75,75,70,70,52,Rowlet,Decidueye,"[{""name"": ""Overgrow"", ""is_hidden"": false}, {""name"": ""Long Reach"", ""is_hidden"": true}]",images/Dartrix.png,"{""male"": 87.5, ""female"": 12.5}",2026-02-28 03:16:50,
724,Decidueye,724,Arrow Quill Pokémon,"[""Grass"", ""Ghost""]",78,107,75,100,100,70,Dartrix,Decidueye (Hisuian),"[{""name"": ""Overgrow"", ""is_hidden"": false}, {""name"": ""Long Reach"", ""is_hidden"": true}, {""name"": ""Scrappy"", ""is_hidden"": true}]",images/Decidueye.png,"{""male"": 87.5, ""female"": 12.5}",2026-02-28 03:16:50,
725,Litten,725,Fire Cat Pokémon,"[""Fire""]",45,65,40,60,40,70,,Torracat,"[{""name"": ""Blaze"", ""is_hidden"": false}, {""name"": ""Intimidate"", ""is_hidden"": true}]",images/Litten.png,"{""male"": 87.5, ""female"": 12.5}",2026-02-28 03:16:50,
726,Torracat,726,Fire Cat Pokémon,"[""Fire""]",65,85,50,80,50,90,Litten,Incineroar,"[{""name"": ""Blaze"", ""is_hidden"": false}, {""name"": ""Intimidate"", ""is_hidden"": true}]",images/Torracat.png,"{""male"": 87.5, ""female"": 12.5}",2026-02-28 03:16:50,
727,Incineroar,727,Heel Pokémon,"[""Fire"", ""Dark""]",95,115,90,80,90,60,Torracat,,"[{""name"": ""Blaze"", ""is_hidden"": false}, {""name"": ""Intimidate"", ""is_hidden"": true}]",images/Incineroar.png,"{""male"": 87.5, ""female"": 12.5}",2026-02-28 03:16:50,
728,Popplio,728,Sea Lion Pokémon,"[""Water""]",50,54,54,66,56,40,,Brionne,"[{""name"": ""Torrent"", ""is_hidden"": false}, {""name"": ""Liquid Voice"", ""is_hidden"": true}]",images/Popplio.png,"{""male"": 87.5, ""female"": 12.5}",2026-02-28 03:16:50,
729,Brionne,729,Pop Star Pokémon,"[""Water""]",60,69,69,91,81,50,Popplio,Primarina,"[{""name"": ""Torrent"", ""is_hidden"": false}, {""name"": ""Liquid Voice"", ""is_hidden"": true}]",images/Brionne.png,"{""male"": 87.5, ""female"": 12.5}",2026-02-28 03:16:50,
730,Primarina,730,Soloist Pokémon,"[""Water"", ""Fairy""]",80,74,74,126,116,60,Brionne,,"[{""name"": ""Torrent"", ""is_hidden"": false}, {""name"": ""Liquid Voice"", ""is_hidden"": true}]",images/Primarina.png,"{""male"": 87.5, ""female"": 12.5}",2026-02-28 03:16:50,
731,Pikipek,731,Woodpecker Pokémon,"[""Normal"", ""Flying""]",35,75,30,30,30,65,,Trumbeak,"[{""name"": ""Keen Eye"", ""is_hidden"": false}, {""name"": ""Skill Link"", ""is_hidden"": false}, {""name"": ""Pickup"", ""is_hidden"": true}]",images/Pikipek.png,"{""male"": 50.0, ""female"": 50.0}",2026-02-28 03:16:50,
732,Trumbeak,732,Bugle Beak Pokémon,"[""Normal"", ""Flying""]",55,85,50,40,50,75,Pikipek,Toucannon,"[{""name"": ""Keen Eye"", ""is_hidden"": false}, {""name"": ""Skill Link"", ""is_hidden"": false}, {""name"": ""Pickup"", ""is_hidden"": true}]",images/Trumbeak.png,"{""male"": 50.0, ""female"": 50.0}",2026-02-28 03:16:50,
733,Toucannon,733,Cannon Pokémon,"[""Normal"", ""Flying""]",80,120,75,75,75,60,Trumbeak,,"[{""name"": ""Keen Eye"", ""is_hidden"": false}, {""name"": ""Skill Link"", ""is_hidden"": false}, {""name"": ""Sheer Force"", ""is_hidden"": true}]",images/Toucannon.png,"{""male"": 50.0, ""female"": 50.0}",2026-02-28 03:16:50,
734,Yungoos,734,Loitering Pokémon,"[""Normal""]",48,70,30,30,30,45,,Gumshoos,"[{""name"": ""Stakeout"", ""is_hidden"": false}, {""name"": ""Strong Jaw"", ""is_hidden"": false}, {""name"": ""Adaptability"", ""is_hidden"": true}]",images/Yungoos.png,"{""male"": 50.0, ""female"": 50.0}",2026-02-28 03:16:50,
735,Gumshoos,735,Stakeout Pokémon,"[""Normal""]",88,110,60,55,60,45,Yungoos,,"[{""name"": ""Stakeout"", ""is_hidden"": false}, {""name"": ""Strong Jaw"", ""is_hidden"": false}, {""name"": ""Adaptability"", ""is_hidden"": true}]",images/Gumshoos.png,"{""male"": 50.0, ""female"": 50.0}",2026-02-28 03:16:50,
736,Grubbin,736,Larva Pokémon,"[""Bug""]",47,62,45,55,45,46,,Charjabug,[],images/Grubbin.png,"{""male"": 50.0, ""female"": 50.0}",2026-02-28 03:16:50,
737,Charjabug,737,Battery Pokémon,"[""Bug"", ""Electric""]",57,82,95,55,75,36,Grubbin,Vikavolt,[],images/Charjabug.png,"{""male"": 50.0, ""female"": 50.0}",2026-02-28 03:16:50,
738,Vikavolt,738,Stag Beetle Pokémon,"[""Bug"", ""Electric""]",77,70,90,145,75,43,Charjabug,,[],images/Vikavolt.png,"{""male"": 50.0, ""female"": 50.0}",2026-02-28 03:16:50,
739,Crabrawler,739,Boxing Pokémon,"[""Fighting""]",47,82,57,42,47,63,,Crabominable,"[{""name"": ""Hyper Cutter"", ""is_hidden"": false}, {""name"": ""Iron Fist"", ""is_hidden"": false}, {""name"": ""Anger Point"", ""is_hidden"": true}]",images/Crabrawler.png,"{""male"": 50.0, ""female"": 50.0}",2026-02-28 03:16:50,
740,Crabominable,740,Woolly Crab Pokémon,"[""Fighting"", ""Ice""]",97,132,77,62,67,43,Crabrawler,,"[{""name"": ""Hyper Cutter"", ""is_hidden"": false}, {""name"": ""Iron Fist"", ""is_hidden"": false}, {""name"": ""Anger Point"", ""is_hidden"": true}]",images/Crabominable_Crabominable.png,"{""male"": 50.0, ""female"": 50.0}",2026-02-28 03:16:50,"{""Crabominable"": ""images/Crabominable_Crabominable.png"", ""Mega_Crabominable"": ""images/Crabominable_Mega_Crabominable.png""}"
741,Oricorio,741,Dancing Pokémon,"[""Fire"", ""Flying""]",75,70,70,98,70,93,,,[],images/Oricorio.png,"{""male"": 25.0, ""female"": 75.0}",2026-02-28 03:16:50,
742,Cutiefly,742,Bee Fly Pokémon,"[""Bug"", ""Fairy""]",40,45,40,55,40,84,,Ribombee,"[{""name"": ""Honey Gather"", ""is_hidden"": false}, {""name"": ""Shield Dust"", ""is_hidden"": false}, {""name"": ""Sweet Veil"", ""is_hidden"": true}]",images/Cutiefly.png,"{""male"": 50.0, ""female"": 50.0}",2026-02-28 03:16:50,
743,Ribombee,743,Bee Fly Pokémon,"[""Bug"", ""Fairy""]",60,55,60,95,70,124,Cutiefly,,"[{""name"": ""Honey Gather"", ""is_hidden"": false}, {""name"": ""Shield Dust"", ""is_hidden"": false}, {""name"": ""Sweet Veil"", ""is_hidden"": true}]",images/Ribombee.png,"{""male"": 50.0, ""female"": 50.0}",2026-02-28 03:16:50,
744,Rockruff,744,Puppy Pokémon,"[""Rock""]",45,65,40,30,40,60,,Lycanroc (Midday),"[{""name"": ""Keen Eye"", ""is_hidden"": false}, {""name"": ""Vital Spirit"", ""is_hidden"": false}, {""name"": ""Steadfast"", ""is_hidden"": true}, {""name"": ""Own Tempo"", ""is_hidden"": false}]",images/Rockruff.png,"{""male"": 50.0, ""female"": 50.0}",2026-02-28 03:16:50,
745,Lycanroc,745,Wolf Pokémon,"[""Rock""]",75,115,65,55,65,112,Rockruff,Lycanroc (Midnight),"[{""name"": ""Keen Eye"", ""is_hidden"": false}, {""name"": ""Sand Rush"", ""is_hidden"": false}, {""name"": ""Vital Spirit"", ""is_hidden"": false}, {""name"": ""Steadfast"", ""is_hidden"": true}, {""name"": ""No Guard"", ""is_hidden"": true}, {""name"": ""Tough Claws"", ""is_hidden"": false}]",images/Lycanroc_Midday.png,"{""male"": 50.0, ""female"": 50.0}",2026-02-28 03:16:50,"{""Midday"": ""images/Lycanroc_Midday.png"", ""Midnight"": ""images/Lycanroc_Midnight.png"", ""Dusk"": ""images/Lycanroc_Dusk.png"", ""Other_forms_may_have_other_shapes"": ""images/Lycanroc_Other_forms_may_have_other_shapes.png""}"
746,Wishiwashi,746,Small Fry Pokémon,"[""Water""]",45,20,20,25,25,40,,,[],images/Wishiwashi_Solo.png,"{""male"": 50.0, ""female"": 50.0}",2026-02-28 03:16:50,"{""Solo"": ""images/Wishiwashi_Solo.png"", ""School"": ""images/Wishiwashi_School.png"", ""Other_forms_may_have_other_shapes"": ""images/Wishiwashi_Other_forms_may_have_other_shapes.png""}"
747,Mareanie,747,Brutal Star Pokémon,"[""Poison"", ""Water""]",50,53,62,43,52,45,,Toxapex,"[{""name"": ""Merciless"", ""is_hidden"": false}, {""name"": ""Limber"", ""is_hidden"": false}, {""name"": ""Regenerator"", ""is_hidden"": true}]",images/Mareanie.png,"{""male"": 50.0, ""female"": 50.0}",2026-02-28 03:16:50,
748,Toxapex,748,Brutal Star Pokémon,"[""Poison"", ""Water""]",50,63,152,53,142,35,Mareanie,,"[{""name"": ""Merciless"", ""is_hidden"": false}, {""name"": ""Limber"", ""is_hidden"": false}, {""name"": ""Regenerator"", ""is_hidden"": true}]",images/Toxapex.png,"{""male"": 50.0, ""female"": 50.0}",2026-02-28 03:16:50,
749,Mudbray,749,Donkey Pokémon,"[""Ground""]",70,100,70,45,55,45,,Mudsdale,"[{""name"": ""Own Tempo"", ""is_hidden"": false}, {""name"": ""Stamina"", ""is_hidden"": false}, {""name"": ""Inner Focus"", ""is_hidden"": true}]",images/Mudbray.png,"{""male"": 50.0, ""female"": 50.0}",2026-02-28 03:16:50,
750,Mudsdale,750,Draft Horse Pokémon,"[""Ground""]",100,125,100,55,85,35,Mudbray,,"[{""name"": ""Own Tempo"", ""is_hidden"": false}, {""name"": ""Stamina"", ""is_hidden"": false}, {""name"": ""Inner Focus"", ""is_hidden"": true}]",images/Mudsdale.png,"{""male"": 50.0, ""female"": 50.0}",2026-02-28 03:16:50,
751,Dewpider,751,Water Bubble Pokémon,"[""Water"", ""Bug""]",38,40,52,40,72,27,,Araquanid,"[{""name"": ""Water Bubble"", ""is_hidden"": false}, {""name"": ""Water Absorb"", ""is_hidden"": true}]",images/Dewpider.png,"{""male"": 50.0, ""female"": 50.0}",2026-02-28 03:16:50,
752,Araquanid,752,Water Bubble Pokémon,"[""Water"", ""Bug""]",68,70,92,50,132,42,Dewpider,,"[{""name"": ""Water Bubble"", ""is_hidden"": false}, {""name"": ""Water Absorb"", ""is_hidden"": true}]",images/Araquanid.png,"{""male"": 50.0, ""female"": 50.0}",2026-02-28 03:16:50,
753,Fomantis,753,Sickle Grass Pokémon,"[""Grass""]",40,55,35,50,35,35,,Lurantis,"[{""name"": ""Leaf Guard"", ""is_hidden"": false}, {""name"": ""Contrary"", ""is_hidden"": true}]",images/Fomantis.png,"{""male"": 50.0, ""female"": 50.0}",2026-02-28 03:16:50,
754,Lurantis,754,Bloom Sickle Pokémon,"[""Grass""]",70,105,90,80,90,45,Fomantis,,"[{""name"": ""Leaf Guard"", ""is_hidden"": false}, {""name"": ""Contrary"", ""is_hidden"": true}]",images/Lurantis.png,"{""male"": 50.0, ""female"": 50.0}",2026-02-28 03:16:50,
755,Morelull,755,Illuminating Pokémon,"[""Grass"", ""Fairy""]",40,35,55,65,75,15,,Shiinotic,"[{""name"": ""Illuminate"", ""is_hidden"": false}, {""name"": ""Effect Spore"", ""is_hidden"": false}, {""name"": ""Rain Dish"", ""is_hidden"": true}]",images/Morelull.png,"{""male"": 50.0, ""female"": 50.0}",2026-02-28 03:16:50,
756,Shiinotic,756,Illuminating Pokémon,"[""Grass"", ""Fairy""]",60,45,80,90,100,30,Morelull,,"[{""name"": ""Illuminate"", ""is_hidden"": false}, {""name"": ""Effect Spore"", ""is_hidden"": false}, {""name"": ""Rain Dish"", ""is_hidden"": true}]",images/Shiinotic.png,"{""male"": 50.0, ""female"": 50.0}",2026-02-28 03:16:50,
757,Salandit,757,Toxic Lizard Pokémon,"[""Poison"", ""Fire""]",48,44,40,71,40,77,,Salazzle,"[{""name"": ""Corrosion"", ""is_hidden"": false}, {""name"": ""Oblivious"", ""is_hidden"": true}]",images/Salandit.png,"{""male"": 87.5, ""female"": 12.5}",2026-02-28 03:16:50,
758,Salazzle,758,Toxic Lizard Pokémon,"[""Poison"", ""Fire""]",68,64,60,111,60,117,Salandit,,"[{""name"": ""Corrosion"", ""is_hidden"": false}, {""name"": ""Oblivious"", ""is_hidden"": true}]",images/Salazzle.png,"{""male"": null, ""female"": 100.0}",2026-02-28 03:16:50,
759,Stufful,759,Flailing Pokémon,"[""Normal"", ""Fighting""]",70,75,50,45,50,50,,Bewear,"[{""name"": ""Fluffy"", ""is_hidden"": false}, {""name"": ""Klutz"", ""is_hidden"": false}, {""name"": ""Cute Charm"", ""is_hidden"": true}]",images/Stufful.png,"{""male"": 50.0, ""female"": 50.0}",2026-02-28 03:16:50,
760,Bewear,760,Strong Arm Pokémon,"[""Normal"", ""Fighting""]",120,125,80,55,60,60,Stufful,,"[{""name"": ""Fluffy"", ""is_hidden"": false}, {""name"": ""Klutz"", ""is_hidden"": false}, {""name"": ""Unnerve"", ""is_hidden"": true}]",images/Bewear.png,"{""male"": 50.0, ""female"": 50.0}",2026-02-28 03:16:50,
761,Bounsweet,761,Fruit Pokémon,"[""Grass""]",42,30,38,30,38,32,,Steenee,"[{""name"": ""Leaf Guard"", ""is_hidden"": false}, {""name"": ""Oblivious"", ""is_hidden"": false}, {""name"": ""Sweet Veil"", ""is_hidden"": true}]",images/Bounsweet.png,"{""male"": null, ""female"": 100.0}",2026-02-28 03:16:50,
762,Steenee,762,Fruit Pokémon,"[""Grass""]",52,40,48,40,48,62,Bounsweet,Tsareena,"[{""name"": ""Leaf Guard"", ""is_hidden"": false}, {""name"": ""Oblivious"", ""is_hidden"": false}, {""name"": ""Sweet Veil"", ""is_hidden"": true}]",images/Steenee.png,"{""male"": null, ""female"": 100.0}",2026-02-28 03:16:50,
763,Tsareena,763,Fruit Pokémon,"[""Grass""]",72,120,98,50,98,72,Steenee,,"[{""name"": ""Leaf Guard"", ""is_hidden"": false}, {""name"": ""Queenly Majesty"", ""is_hidden"": false}, {""name"": ""Sweet Veil"", ""is_hidden"": true}]",images/Tsareena.png,"{""male"": null, ""female"": 100.0}",2026-02-28 03:16:50,
764,Comfey,764,Posy Picker Pokémon,"[""Fairy""]",51,52,90,82,110,100,,,"[{""name"": ""Flower Veil"", ""is_hidden"": false}, {""name"": ""Triage"", ""is_hidden"": false}, {""name"": ""Natural Cure"", ""is_hidden"": true}]",images/Comfey.png,"{""male"": 25.0, ""female"": 75.0}",2026-02-28 03:16:50,
765,Oranguru,765,Sage Pokémon,"[""Normal"", ""Psychic""]",90,60,80,90,110,60,,,"[{""name"": ""Inner Focus"", ""is_hidden"": false}, {""name"": ""Telepathy"", ""is_hidden"": false}, {""name"": ""Symbiosis"", ""is_hidden"": true}]",images/Oranguru.png,"{""male"": 50.0, ""female"": 50.0}",2026-02-28 03:16:50,
766,Passimian,766,Teamwork Pokémon,"[""Fighting""]",100,120,90,40,60,80,,,"[{""name"": ""Receiver"", ""is_hidden"": false}, {""name"": ""Defiant"", ""is_hidden"": true}]",images/Passimian.png,"{""male"": 50.0, ""female"": 50.0}",2026-02-28 03:16:50,
767,Wimpod,767,Turn Tail Pokémon,"[""Bug"", ""Water""]",25,35,40,20,30,80,,Golisopod,[],images/Wimpod.png,"{""male"": 50.0, ""female"": 50.0}",2026-02-28 03:16:50,
768,Golisopod,768,Hard Scale Pokémon,"[""Bug"", ""Water""]",75,125,140,60,90,40,Wimpod,,[],images/Golisopod_Golisopod.png,"{""male"": 50.0, ""female"": 50.0}",2026-02-28 03:16:50,"{""Golisopod"": ""images/Golisopod_Golisopod.png"", ""Mega_Golisopod"": ""images/Golisopod_Mega_Golisopod.png""}"
769,Sandygast,769,Sand Heap Pokémon,"[""Ghost"", ""Ground""]",55,55,80,70,45,15,,Palossand,"[{""name"": ""Water Compaction"", ""is_hidden"": false}, {""name"": ""Sand Veil"", ""is_hidden"": true}]",images/Sandygast.png,"{""male"": 50.0, ""female"": 50.0}",2026-02-28 03:16:50,
770,Palossand,770,Sand Castle Pokémon,"[""Ghost"", ""Ground""]",85,75,110,100,75,35,Sandygast,,"[{""name"": ""Water Compaction"", ""is_hidden"": false}, {""name"": ""Sand Veil"", ""is_hidden"": true}]",images/Palossand.png,"{""male"": 50.0, ""female"": 50.0}",2026-02-28 03:16:50,
771,Pyukumuku,771,Sea Cucumber Pokémon,"[""Water""]",55,60,130,30,130,5,,,"[{""name"": ""Innards Out"", ""is_hidden"": false}, {""name"": ""Unaware"", ""is_hidden"": true}]",images/Pyukumuku.png,"{""male"": 50.0, ""female"": 50.0}",2026-02-28 03:16:50,
772,Type: Null,772,Synthetic Pokémon,"[""Normal""]",95,95,95,95,95,59,,Silvally,"[{""name"": ""Let's Go, Pikachu! and Let's Go, Eevee!"", ""is_hidden"": false}, {""name"": ""Sun"", ""is_hidden"": false}, {""name"": ""Moon"", ""is_hidden"": false}, {""name"": ""Ultra Sun"", ""is_hidden"": false}, {""name"": ""Ultra Moon"", ""is_hidden"": false}, {""name"": ""Due to the danger that this synthetic Pokémon may go on a rampage"", ""is_hidden"": false}, {""name"": ""it wears a control mask to restrain its power."", ""is_hidden"": false}, {""name"": ""A Pokémon weapon developed for a specific mission"", ""is_hidden"": false}, {""name"": ""it went berserk during an experiment"", ""is_hidden"": false}, {""name"": ""so it was cryogenically frozen."", ""is_hidden"": false}, {""name"": ""There's danger of its going on a rampage"", ""is_hidden"": false}, {""name"": ""so its true power is sealed away beneath its control mask."", ""is_hidden"": false}]",images/Type_Null.png,,2026-02-28 03:16:50,
773,Silvally,773,Synthetic Pokémon,"[""Normal""]",95,95,95,95,95,95,,,[],images/Silvally.png,,2026-02-28 03:16:50,
774,Minior,774,Meteor Pokémon,"[""Rock"", ""Flying""]",60,60,100,60,100,60,,,[],images/Minior.png,,2026-02-28 03:16:50,
775,Komala,775,Drowsing Pokémon,"[""Normal""]",65,115,65,75,95,65,,,[],images/Komala.png,"{""male"": 50.0, ""female"": 50.0}",2026-02-28 03:16:50,
776,Turtonator,776,Blast Turtle Pokémon,"[""Fire"", ""Dragon""]",60,78,135,91,85,36,,,[],images/Turtonator.png,"{""male"": 50.0, ""female"": 50.0}",2026-02-28 03:16:50,
777,Togedemaru,777,Roly-Poly Pokémon,"[""Electric"", ""Steel""]",65,98,63,40,73,96,,,"[{""name"": ""Iron Barbs"", ""is_hidden"": false}, {""name"": ""Lightning Rod"", ""is_hidden"": false}, {""name"": ""Sturdy"", ""is_hidden"": true}]",images/Togedemaru.png,"{""male"": 50.0, ""female"": 50.0}",2026-02-28 03:16:50,
778,Mimikyu,778,Disguise Pokémon,"[""Ghost"", ""Fairy""]",55,90,80,50,105,96,,,[],images/Mimikyu_Disguised.png,"{""male"": 50.0, ""female"": 50.0}",2026-02-28 03:16:50,"{""Disguised"": ""images/Mimikyu_Disguised.png"", ""Busted"": ""images/Mimikyu_Busted.png""}"
779,Bruxish,779,Gnash Teeth Pokémon,"[""Water"", ""Psychic""]",68,105,70,70,70,92,,,"[{""name"": ""Dazzling"", ""is_hidden"": false}, {""name"": ""Strong Jaw"", ""is_hidden"": false}, {""name"": ""Wonder Skin"", ""is_hidden"": true}]",images/Bruxish.png,"{""male"": 50.0, ""female"": 50.0}",2026-02-28 03:16:50,
780,Drampa,780,Placid PokémonImposing Pokémon,"[""Normal"", ""Dragon""]",78,60,85,135,91,36,,,"[{""name"": ""Berserk"", ""is_hidden"": false}, {""name"": ""Sap Sipper"", ""is_hidden"": false}, {""name"": ""Cloud Nine"", ""is_hidden"": true}]",images/Drampa_Drampa.png,"{""male"": 50.0, ""female"": 50.0}",2026-02-28 03:16:50,"{""Drampa"": ""images/Drampa_Drampa.png"", ""Mega_Drampa"": ""images/Drampa_Mega_Drampa.png""}"
781,Dhelmise,781,Sea Creeper Pokémon,"[""Ghost"", ""Grass""]",70,131,100,86,90,40,,,[],images/Dhelmise.png,,2026-02-28 03:16:50,
782,Jangmo-o,782,Scaly Pokémon,"[""Dragon""]",45,55,65,45,45,45,,Hakamo-o,"[{""name"": ""Bulletproof"", ""is_hidden"": false}, {""name"": ""Soundproof"", ""is_hidden"": false}, {""name"": ""Overcoat"", ""is_hidden"": true}]",images/Jangmo_o.png,"{""male"": 50.0, ""female"": 50.0}",2026-02-28 03:16:50,
783,Hakamo-o,783,Scaly Pokémon,"[""Dragon"", ""Fighting""]",55,75,90,65,70,65,Jangmo-o,Kommo-o,"[{""name"": ""Bulletproof"", ""is_hidden"": false}, {""name"": ""Soundproof"", ""is_hidden"": false}, {""name"": ""Overcoat"", ""is_hidden"": true}]",images/Hakamo_o.png,"{""male"": 50.0, ""female"": 50.0}",2026-02-28 03:16:50,
784,Kommo-o,784,Scaly Pokémon,"[""Dragon"", ""Fighting""]",75,110,125,100,105,85,Hakamo-o,,"[{""name"": ""Bulletproof"", ""is_hidden"": false}, {""name"": ""Soundproof"", ""is_hidden"": false}, {""name"": ""Overcoat"", ""is_hidden"": true}]",images/Kommo_o.png,"{""male"": 50.0, ""female"": 50.0}",2026-02-28 03:16:50,
785,Tapu Koko,785,Land Spirit Pokémon,"[""Electric"", ""Fairy""]",70,115,85,95,75,130,,,"[{""name"": ""Electric Surge"", ""is_hidden"": false}, {""name"": ""Telepathy"", ""is_hidden"": true}]",images/Tapu_Koko.png,,2026-02-28 03:16:50,
786,Tapu Lele,786,Land Spirit Pokémon,"[""Psychic"", ""Fairy""]",70,85,75,130,115,95,,,"[{""name"": ""Psychic Surge"", ""is_hidden"": false}, {""name"": ""Telepathy"", ""is_hidden"": true}]",images/Tapu_Lele.png,,2026-02-28 03:16:50,
787,Tapu Bulu,787,Land Spirit Pokémon,"[""Grass"", ""Fairy""]",70,130,115,85,95,75,,,"[{""name"": ""Grassy Surge"", ""is_hidden"": false}, {""name"": ""Telepathy"", ""is_hidden"": true}]",images/Tapu_Bulu.png,,2026-02-28 03:16:50,
788,Tapu Fini,788,Land Spirit Pokémon,"[""Water"", ""Fairy""]",70,75,115,95,130,85,,,"[{""name"": ""Misty Surge"", ""is_hidden"": false}, {""name"": ""Telepathy"", ""is_hidden"": true}]",images/Tapu_Fini.png,,2026-02-28 03:16:50,
789,Cosmog,789,Nebula Pokémon,"[""Psychic""]",43,29,31,29,31,37,,Cosmoem,[],images/Cosmog.png,,2026-02-28 03:16:50,
790,Cosmoem,790,Protostar Pokémon,"[""Psychic""]",43,29,131,29,131,37,Cosmog,Solgaleo,[],images/Cosmoem.png,,2026-02-28 03:16:50,
791,Solgaleo,791,Sunne Pokémon,"[""Psychic"", ""Steel""]",137,137,107,113,89,97,Cosmoem,,[],images/Solgaleo.png,,2026-02-28 03:16:50,
792,Lunala,792,Moone Pokémon,"[""Psychic"", ""Ghost""]",137,113,89,137,107,97,Cosmoem,,[],images/Lunala.png,,2026-02-28 03:16:50,
793,Nihilego,793,Parasite Pokémon,"[""Rock"", ""Poison""]",109,53,47,127,131,103,,,[],images/Nihilego.png,,2026-02-28 03:16:50,
794,Buzzwole,794,Swollen Pokémon,"[""Bug"", ""Fighting""]",107,139,139,53,53,79,,,[],images/Buzzwole.png,,2026-02-28 03:16:50,
795,Pheromosa,795,Lissome Pokémon,"[""Bug"", ""Fighting""]",71,137,37,137,37,151,,,[],images/Pheromosa.png,,2026-02-28 03:16:50,
796,Xurkitree,796,Glowing Pokémon,"[""Electric""]",83,89,71,173,71,83,,,[],images/Xurkitree.png,,2026-02-28 03:16:50,
797,Celesteela,797,Launch Pokémon,"[""Steel"", ""Flying""]",97,101,103,107,101,61,,,[],images/Celesteela.png,,2026-02-28 03:16:50,
798,Kartana,798,Drawn Sword Pokémon,"[""Grass"", ""Steel""]",59,181,131,59,31,109,,,[],images/Kartana.png,,2026-02-28 03:16:50,
799,Guzzlord,799,Junkivore Pokémon,"[""Dark"", ""Dragon""]",223,101,53,97,53,43,,,[],images/Guzzlord.png,,2026-02-28 03:16:50,
800,Necrozma,800,Prism Pokémon,"[""Psychic"", ""Steel""]",97,107,101,127,89,79,,,"[{""name"": ""Prism Armor"", ""is_hidden"": false}, {""name"": ""Neuroforce"", ""is_hidden"": false}]",images/Necrozma_Necrozma.png,,2026-02-28 03:16:50,"{""Necrozma"": ""images/Necrozma_Necrozma.png"", ""Other_forms_may_have_other_shapes"": ""images/Necrozma_Other_forms_may_have_other_shapes.png""}"
801,Magearna,801,Artificial Pokémon,"[""Steel"", ""Fairy""]",80,95,115,130,115,65,,,[],images/Magearna_Magearna.png,,2026-02-28 03:16:50,"{""Magearna"": ""images/Magearna_Magearna.png"", ""Mega_Magearna"": ""images/Magearna_Mega_Magearna.png"", ""Mega_Magearna_Original_Color"": ""images/Magearna_Mega_Magearna_Original_Color.png""}"
802,Marshadow,802,Gloomdweller Pokémon,"[""Fighting"", ""Ghost""]",90,125,80,90,90,125,,,"[{""name"": ""Let's Go, Pikachu! and Let's Go, Eevee!"", ""is_hidden"": false}, {""name"": ""Sun"", ""is_hidden"": false}, {""name"": ""Moon"", ""is_hidden"": false}, {""name"": ""Ultra Sun"", ""is_hidden"": false}, {""name"": ""Ultra Moon"", ""is_hidden"": false}, {""name"": ""Able to conceal itself in shadows"", ""is_hidden"": false}, {""name"": ""it never appears before humans"", ""is_hidden"": false}, {""name"": ""so its very existence was the stuff of myth."", ""is_hidden"": false}, {""name"": ""It lurks in the shadows of others"", ""is_hidden"": false}, {""name"": ""copying their movements and powers. This Pokémon is craven and cowering."", ""is_hidden"": false}, {""name"": ""It slips into the shadows of others and mimics their powers and movements. As it improves"", ""is_hidden"": false}, {""name"": ""it becomes stronger than those it's imitating."", ""is_hidden"": false}, {""name"": ""It sinks into the shadows of people and Pokémon"", ""is_hidden"": false}, {""name"": ""where it can understand their feelings and copy their capabilities."", ""is_hidden"": false}]",images/Marshadow.png,,2026-02-28 03:16:50,
803,Poipole,803,Poison Pin Pokémon,"[""Poison""]",67,73,67,73,67,73,,Naganadel,[],images/Poipole.png,,2026-02-28 03:16:50,
804,Naganadel,804,Poison Pin Pokémon,"[""Poison"", ""Dragon""]",73,73,73,127,73,121,Poipole,,[],images/Naganadel.png,,2026-02-28 03:16:50,
805,Stakataka,805,Rampart Pokémon,"[""Rock"", ""Steel""]",61,131,211,53,101,13,,,[],images/Stakataka.png,,2026-02-28 03:16:50,
806,Blacephalon,806,Fireworks Pokémon,"[""Fire"", ""Ghost""]",53,127,53,151,79,107,,,[],images/Blacephalon.png,,2026-02-28 03:16:50,
807,Zeraora,807,Thunderclap Pokémon,"[""Electric""]",88,112,75,102,80,143,,,[],images/Zeraora_Zeraora.png,,2026-02-28 03:16:50,"{""Zeraora"": ""images/Zeraora_Zeraora.png"", ""Mega_Zeraora"": ""images/Zeraora_Mega_Zeraora.png""}"
808,Meltan,808,Hex Nut Pokémon,"[""Steel""]",46,65,65,55,35,34,,Melmetal,[],images/Meltan.png,,2026-02-28 03:16:50,
809,Melmetal,809,Hex Nut Pokémon,"[""Steel""]",135,143,143,80,65,34,Meltan,,[],images/Melmetal.png,,2026-02-28 03:16:50,
810,Grookey,810,Chimp Pokémon,"[""Grass""]",50,65,50,40,40,65,,Thwackey,"[{""name"": ""Overgrow"", ""is_hidden"": false}, {""name"": ""Grassy Surge"", ""is_hidden"": true}]",images/Grookey.png,"{""male"": 87.5, ""female"": 12.5}",2026-02-28 03:16:50,
811,Thwackey,811,Beat Pokémon,"[""Grass""]",70,85,70,55,60,80,Grookey,Rillaboom,"[{""name"": ""Overgrow"", ""is_hidden"": false}, {""name"": ""Grassy Surge"", ""is_hidden"": true}]",images/Thwackey.png,"{""male"": 87.5, ""female"": 12.5}",2026-02-28 03:16:50,
812,Rillaboom,812,Drummer Pokémon,"[""Grass""]",100,125,90,60,70,85,Thwackey,,"[{""name"": ""Overgrow"", ""is_hidden"": false}, {""name"": ""Grassy Surge"", ""is_hidden"": true}]",images/Rillaboom.png,"{""male"": 87.5, ""female"": 12.5}",2026-02-28 03:16:50,
813,Scorbunny,813,Rabbit Pokémon,"[""Fire""]",50,71,40,40,40,69,,Raboot,"[{""name"": ""Blaze"", ""is_hidden"": false}, {""name"": ""Libero"", ""is_hidden"": true}]",images/Scorbunny.png,"{""male"": 87.5, ""female"": 12.5}",2026-02-28 03:16:50,
814,Raboot,814,Rabbit Pokémon,"[""Fire""]",65,86,60,55,60,94,Scorbunny,Cinderace,"[{""name"": ""Blaze"", ""is_hidden"": false}, {""name"": ""Libero"", ""is_hidden"": true}]",images/Raboot.png,"{""male"": 87.5, ""female"": 12.5}",2026-02-28 03:16:50,
815,Cinderace,815,Striker Pokémon,"[""Fire""]",80,116,75,65,75,119,Raboot,,"[{""name"": ""Blaze"", ""is_hidden"": false}, {""name"": ""Libero"", ""is_hidden"": true}]",images/Cinderace.png,"{""male"": 87.5, ""female"": 12.5}",2026-02-28 03:16:50,
816,Sobble,816,Water Lizard Pokémon,"[""Water""]",50,40,40,70,40,70,,Drizzile,"[{""name"": ""Torrent"", ""is_hidden"": false}, {""name"": ""Sniper"", ""is_hidden"": true}]",images/Sobble.png,"{""male"": 87.5, ""female"": 12.5}",2026-02-28 03:16:50,
817,Drizzile,817,Water Lizard Pokémon,"[""Water""]",65,60,55,95,55,90,Sobble,Inteleon,"[{""name"": ""Torrent"", ""is_hidden"": false}, {""name"": ""Sniper"", ""is_hidden"": true}]",images/Drizzile.png,"{""male"": 87.5, ""female"": 12.5}",2026-02-28 03:16:50,
818,Inteleon,818,Secret Agent Pokémon,"[""Water""]",70,85,65,125,65,120,Drizzile,,"[{""name"": ""Torrent"", ""is_hidden"": false}, {""name"": ""Sniper"", ""is_hidden"": true}]",images/Inteleon.png,"{""male"": 87.5, ""female"": 12.5}",2026-02-28 03:16:50,
819,Skwovet,819,Cheeky Pokémon,"[""Normal""]",70,55,55,35,35,25,,Greedent,"[{""name"": ""Cheek Pouch"", ""is_hidden"": false}, {""name"": ""Gluttony"", ""is_hidden"": true}]",images/Skwovet.png,"{""male"": 50.0, ""female"": 50.0}",2026-02-28 03:16:50,
820,Greedent,820,Greedy Pokémon,"[""Normal""]",120,95,95,55,75,20,Skwovet,,"[{""name"": ""Cheek Pouch"", ""is_hidden"": false}, {""name"": ""Gluttony"", ""is_hidden"": true}]",images/Greedent.png,"{""male"": 50.0, ""female"": 50.0}",2026-02-28 03:16:50,
821,Rookidee,821,Tiny Bird Pokémon,"[""Flying""]",38,47,35,33,35,57,,Corvisquire,"[{""name"": ""Keen Eye"", ""is_hidden"": false}, {""name"": ""Unnerve"", ""is_hidden"": false}, {""name"": ""Big Pecks"", ""is_hidden"": true}]",images/Rookidee.png,"{""male"": 50.0, ""female"": 50.0}",2026-02-28 03:16:50,
822,Corvisquire,822,Raven Pokémon,"[""Flying""]",68,67,55,43,55,77,Rookidee,Corviknight,"[{""name"": ""Keen Eye"", ""is_hidden"": false}, {""name"": ""Unnerve"", ""is_hidden"": false}, {""name"": ""Big Pecks"", ""is_hidden"": true}]",images/Corvisquire.png,"{""male"": 50.0, ""female"": 50.0}",2026-02-28 03:16:50,
823,Corviknight,823,Raven Pokémon,"[""Flying"", ""Steel""]",98,87,105,53,85,67,Corvisquire,,"[{""name"": ""Pressure"", ""is_hidden"": false}, {""name"": ""Unnerve"", ""is_hidden"": false}, {""name"": ""Mirror Armor"", ""is_hidden"": true}]",images/Corviknight.png,"{""male"": 50.0, ""female"": 50.0}",2026-02-28 03:16:50,
824,Blipbug,824,Larva Pokémon,"[""Bug""]",25,20,20,25,45,45,,Dottler,"[{""name"": ""Swarm"", ""is_hidden"": false}, {""name"": ""Compound Eyes"", ""is_hidden"": false}, {""name"": ""Telepathy"", ""is_hidden"": true}]",images/Blipbug.png,"{""male"": 50.0, ""female"": 50.0}",2026-02-28 03:16:50,
825,Dottler,825,Radome Pokémon,"[""Bug"", ""Psychic""]",50,35,80,50,90,30,Blipbug,Orbeetle,"[{""name"": ""Swarm"", ""is_hidden"": false}, {""name"": ""Compound Eyes"", ""is_hidden"": false}, {""name"": ""Telepathy"", ""is_hidden"": true}]",images/Dottler.png,"{""male"": 50.0, ""female"": 50.0}",2026-02-28 03:16:50,
826,Orbeetle,826,Seven Spot Pokémon,"[""Bug"", ""Psychic""]",60,45,110,80,120,90,Dottler,,"[{""name"": ""Swarm"", ""is_hidden"": false}, {""name"": ""Frisk"", ""is_hidden"": false}, {""name"": ""Telepathy"", ""is_hidden"": true}]",images/Orbeetle.png,"{""male"": 50.0, ""female"": 50.0}",2026-02-28 03:16:50,
827,Nickit,827,Fox Pokémon,"[""Dark""]",40,28,28,47,52,50,,Thievul,"[{""name"": ""Run Away"", ""is_hidden"": false}, {""name"": ""Unburden"", ""is_hidden"": false}, {""name"": ""Stakeout"", ""is_hidden"": true}]",images/Nickit.png,"{""male"": 50.0, ""female"": 50.0}",2026-02-28 03:16:50,
828,Thievul,828,Fox Pokémon,"[""Dark""]",70,58,58,87,92,90,Nickit,,"[{""name"": ""Run Away"", ""is_hidden"": false}, {""name"": ""Unburden"", ""is_hidden"": false}, {""name"": ""Stakeout"", ""is_hidden"": true}]",images/Thievul.png,"{""male"": 50.0, ""female"": 50.0}",2026-02-28 03:16:50,
829,Gossifleur,829,Flowering Pokémon,"[""Grass""]",40,40,60,40,60,10,,Eldegoss,"[{""name"": ""Cotton Down"", ""is_hidden"": false}, {""name"": ""Regenerator"", ""is_hidden"": false}, {""name"": ""Effect Spore"", ""is_hidden"": true}]",images/Gossifleur.png,"{""male"": 50.0, ""female"": 50.0}",2026-02-28 03:16:50,
830,Eldegoss,830,Cotton Bloom Pokémon,"[""Grass""]",60,50,90,80,120,60,Gossifleur,,"[{""name"": ""Cotton Down"", ""is_hidden"": false}, {""name"": ""Regenerator"", ""is_hidden"": false}, {""name"": ""Effect Spore"", ""is_hidden"": true}]",images/Eldegoss.png,"{""male"": 50.0, ""female"": 50.0}",2026-02-28 03:16:50,
831,Wooloo,831,Sheep Pokémon,"[""Normal""]",42,40,55,40,45,48,,Dubwool,"[{""name"": ""Fluffy"", ""is_hidden"": false}, {""name"": ""Run Away"", ""is_hidden"": false}, {""name"": ""Bulletproof"", ""is_hidden"": true}]",images/Wooloo.png,"{""male"": 50.0, ""female"": 50.0}",2026-02-28 03:16:50,
832,Dubwool,832,Sheep Pokémon,"[""Normal""]",72,80,100,60,90,88,Wooloo,,"[{""name"": ""Fluffy"", ""is_hidden"": false}, {""name"": ""Steadfast"", ""is_hidden"": false}, {""name"": ""Bulletproof"", ""is_hidden"": true}]",images/Dubwool.png,"{""male"": 50.0, ""female"": 50.0}",2026-02-28 03:16:50,
833,Chewtle,833,Snapping Pokémon,"[""Water""]",50,64,50,38,38,44,,Drednaw,"[{""name"": ""Strong Jaw"", ""is_hidden"": false}, {""name"": ""Shell Armor"", ""is_hidden"": false}, {""name"": ""Swift Swim"", ""is_hidden"": true}]",images/Chewtle.png,"{""male"": 50.0, ""female"": 50.0}",2026-02-28 03:16:50,
834,Drednaw,834,Bite Pokémon,"[""Water"", ""Rock""]",90,115,90,48,68,74,Chewtle,,"[{""name"": ""Strong Jaw"", ""is_hidden"": false}, {""name"": ""Shell Armor"", ""is_hidden"": false}, {""name"": ""Swift Swim"", ""is_hidden"": true}]",images/Drednaw.png,"{""male"": 50.0, ""female"": 50.0}",2026-02-28 03:16:50,
835,Yamper,835,Puppy Pokémon,"[""Electric""]",59,45,50,40,50,26,,Boltund,"[{""name"": ""Ball Fetch"", ""is_hidden"": false}, {""name"": ""Rattled"", ""is_hidden"": true}]",images/Yamper.png,"{""male"": 50.0, ""female"": 50.0}",2026-02-28 03:16:50,
836,Boltund,836,Dog Pokémon,"[""Electric""]",69,90,60,90,60,121,Yamper,,"[{""name"": ""Strong Jaw"", ""is_hidden"": false}, {""name"": ""Competitive"", ""is_hidden"": true}]",images/Boltund.png,"{""male"": 50.0, ""female"": 50.0}",2026-02-28 03:16:50,
837,Rolycoly,837,Coal Pokémon,"[""Rock""]",30,40,50,40,50,30,,Carkol,"[{""name"": ""Steam Engine"", ""is_hidden"": false}, {""name"": ""Heatproof"", ""is_hidden"": false}, {""name"": ""Flash Fire"", ""is_hidden"": true}]",images/Rolycoly.png,"{""male"": 50.0, ""female"": 50.0}",2026-02-28 03:16:50,
838,Carkol,838,Coal Pokémon,"[""Rock"", ""Fire""]",80,60,90,60,70,50,Rolycoly,Coalossal,"[{""name"": ""Steam Engine"", ""is_hidden"": false}, {""name"": ""Flame Body"", ""is_hidden"": false}, {""name"": ""Flash Fire"", ""is_hidden"": true}]",images/Carkol.png,"{""male"": 50.0, ""female"": 50.0}",2026-02-28 03:16:50,
839,Coalossal,839,Coal Pokémon,"[""Rock"", ""Fire""]",110,80,120,80,90,30,Carkol,,"[{""name"": ""Steam Engine"", ""is_hidden"": false}, {""name"": ""Flame Body"", ""is_hidden"": false}, {""name"": ""Flash Fire"", ""is_hidden"": true}]",images/Coalossal.png,"{""male"": 50.0, ""female"": 50.0}",2026-02-28 03:16:50,
840,Applin,840,Apple Core Pokémon,"[""Grass"", ""Dragon""]",40,40,80,40,40,20,,Flapple,"[{""name"": ""Ripen"", ""is_hidden"": false}, {""name"": ""Gluttony"", ""is_hidden"": false}, {""name"": ""Bulletproof"", ""is_hidden"": true}]",images/Applin.png,"{""male"": 50.0, ""female"": 50.0}",2026-02-28 03:16:50,
841,Flapple,841,Apple Wing Pokémon,"[""Grass"", ""Dragon""]",70,110,80,95,60,70,Applin,,"[{""name"": ""Ripen"", ""is_hidden"": false}, {""name"": ""Gluttony"", ""is_hidden"": false}, {""name"": ""Hustle"", ""is_hidden"": true}]",images/Flapple.png,"{""male"": 50.0, ""female"": 50.0}",2026-02-28 03:16:50,
842,Appletun,842,Apple Nectar Pokémon,"[""Grass"", ""Dragon""]",110,85,80,100,80,30,Applin,,"[{""name"": ""Ripen"", ""is_hidden"": false}, {""name"": ""Gluttony"", ""is_hidden"": false}, {""name"": ""Thick Fat"", ""is_hidden"": true}]",images/Appletun.png,"{""male"": 50.0, ""female"": 50.0}",2026-02-28 03:16:50,
843,Silicobra,843,Sand Snake Pokémon,"[""Ground""]",52,57,75,35,50,46,,Sandaconda,"[{""name"": ""Sand Spit"", ""is_hidden"": false}, {""name"": ""Shed Skin"", ""is_hidden"": false}, {""name"": ""Sand Veil"", ""is_hidden"": true}]",images/Silicobra.png,"{""male"": 50.0, ""female"": 50.0}",2026-02-28 03:16:50,
844,Sandaconda,844,Sand Snake Pokémon,"[""Ground""]",72,107,125,65,70,71,Silicobra,,"[{""name"": ""Sand Spit"", ""is_hidden"": false}, {""name"": ""Shed Skin"", ""is_hidden"": false}, {""name"": ""Sand Veil"", ""is_hidden"": true}]",images/Sandaconda.png,"{""male"": 50.0, ""female"": 50.0}",2026-02-28 03:16:50,
845,Cramorant,845,Gulp Pokémon,"[""Flying"", ""Water""]",70,85,55,85,95,85,,,[],images/Cramorant_Cramorant.png,"{""male"": 50.0, ""female"": 50.0}",2026-02-28 03:16:50,"{""Cramorant"": ""images/Cramorant_Cramorant.png"", ""Gulping"": ""images/Cramorant_Gulping.png"", ""Gorging"": ""images/Cramorant_Gorging.png""}"
846,Arrokuda,846,Rush Pokémon,"[""Water""]",41,63,40,40,30,66,,Barraskewda,"[{""name"": ""Swift Swim"", ""is_hidden"": false}, {""name"": ""Propeller Tail"", ""is_hidden"": true}]",images/Arrokuda.png,"{""male"": 50.0, ""female"": 50.0}",2026-02-28 03:16:50,
847,Barraskewda,847,Skewer Pokémon,"[""Water""]",61,123,60,60,50,136,Arrokuda,,"[{""name"": ""Swift Swim"", ""is_hidden"": false}, {""name"": ""Propeller Tail"", ""is_hidden"": true}]",images/Barraskewda.png,"{""male"": 50.0, ""female"": 50.0}",2026-02-28 03:16:50,
848,Toxel,848,Baby Pokémon,"[""Electric"", ""Poison""]",40,38,35,54,35,40,,Toxtricity (Amped),"[{""name"": ""Rattled"", ""is_hidden"": false}, {""name"": ""Static"", ""is_hidden"": false}, {""name"": ""Klutz"", ""is_hidden"": true}]",images/Toxel.png,"{""male"": 50.0, ""female"": 50.0}",2026-02-28 03:16:50,
849,Toxtricity,849,Punk Pokémon,"[""Electric"", ""Poison""]",75,98,70,114,70,75,Toxel,Toxtricity (Low Key),"[{""name"": ""Punk Rock"", ""is_hidden"": false}, {""name"": ""Plus"", ""is_hidden"": false}, {""name"": ""Minus"", ""is_hidden"": false}, {""name"": ""Technician"", ""is_hidden"": true}]",images/Toxtricity_Amped.png,"{""male"": 50.0, ""female"": 50.0}",2026-02-28 03:16:50,"{""Amped"": ""images/Toxtricity_Amped.png"", ""Low_Key"": ""images/Toxtricity_Low_Key.png""}"
850,Sizzlipede,850,Radiator Pokémon,"[""Fire"", ""Bug""]",50,65,45,50,50,45,,Centiskorch,"[{""name"": ""Flash Fire"", ""is_hidden"": false}, {""name"": ""White Smoke"", ""is_hidden"": false}, {""name"": ""Flame Body"", ""is_hidden"": true}]",images/Sizzlipede.png,"{""male"": 50.0, ""female"": 50.0}",2026-02-28 03:16:50,
851,Centiskorch,851,Radiator Pokémon,"[""Fire"", ""Bug""]",100,115,65,90,90,65,Sizzlipede,,"[{""name"": ""Flash Fire"", ""is_hidden"": false}, {""name"": ""White Smoke"", ""is_hidden"": false}, {""name"": ""Flame Body"", ""is_hidden"": true}]",images/Centiskorch.png,"{""male"": 50.0, ""female"": 50.0}",2026-02-28 03:16:50,
852,Clobbopus,852,Tantrum Pokémon,"[""Fighting""]",50,68,60,50,50,32,,Grapploct,"[{""name"": ""Limber"", ""is_hidden"": false}, {""name"": ""Technician"", ""is_hidden"": true}]",images/Clobbopus.png,"{""male"": 50.0, ""female"": 50.0}",2026-02-28 03:16:50,
853,Grapploct,853,Jujitsu Pokémon,"[""Fighting""]",80,118,90,70,80,42,Clobbopus,,"[{""name"": ""Limber"", ""is_hidden"": false}, {""name"": ""Technician"", ""is_hidden"": true}]",images/Grapploct.png,"{""male"": 50.0, ""female"": 50.0}",2026-02-28 03:16:50,
854,Sinistea,854,Black Tea Pokémon,"[""Ghost""]",40,45,45,74,54,50,,Polteageist,"[{""name"": ""Weak Armor"", ""is_hidden"": false}, {""name"": ""Cursed Body"", ""is_hidden"": true}]",images/Sinistea_Sinistea.png,,2026-02-28 03:16:50,"{""Sinistea"": ""images/Sinistea_Sinistea.png"", ""Phony"": ""images/Sinistea_Phony.png"", ""Antique"": ""images/Sinistea_Antique.png""}"
855,Polteageist,855,Black Tea Pokémon,"[""Ghost""]",60,65,65,134,114,70,Sinistea,,"[{""name"": ""Weak Armor"", ""is_hidden"": false}, {""name"": ""Cursed Body"", ""is_hidden"": true}]",images/Polteageist_Polteageist.png,,2026-02-28 03:16:50,"{""Polteageist"": ""images/Polteageist_Polteageist.png"", ""Phony"": ""images/Polteageist_Phony.png"", ""Antique"": ""images/Polteageist_Antique.png""}"
856,Hatenna,856,Calm Pokémon,"[""Psychic""]",42,30,45,56,53,39,,Hattrem,"[{""name"": ""Healer"", ""is_hidden"": false}, {""name"": ""Anticipation"", ""is_hidden"": false}, {""name"": ""Magic Bounce"", ""is_hidden"": true}]",images/Hatenna.png,"{""male"": null, ""female"": 100.0}",2026-02-28 03:16:50,
857,Hattrem,857,Serene Pokémon,"[""Psychic""]",57,40,65,86,73,49,Hatenna,Hatterene,"[{""name"": ""Healer"", ""is_hidden"": false}, {""name"": ""Anticipation"", ""is_hidden"": false}, {""name"": ""Magic Bounce"", ""is_hidden"": true}]",images/Hattrem.png,"{""male"": null, ""female"": 100.0}",2026-02-28 03:16:50,
858,Hatterene,858,Silent Pokémon,"[""Psychic"", ""Fairy""]",57,90,95,136,103,29,Hattrem,,"[{""name"": ""Healer"", ""is_hidden"": false}, {""name"": ""Anticipation"", ""is_hidden"": false}, {""name"": ""Magic Bounce"", ""is_hidden"": true}]",images/Hatterene.png,"{""male"": null, ""female"": 100.0}",2026-02-28 03:16:50,
859,Impidimp,859,Wily Pokémon,"[""Dark"", ""Fairy""]",45,45,30,55,40,50,,Morgrem,"[{""name"": ""Prankster"", ""is_hidden"": false}, {""name"": ""Frisk"", ""is_hidden"": false}, {""name"": ""Pickpocket"", ""is_hidden"": true}]",images/Impidimp.png,"{""male"": 100.0, ""female"": null}",2026-02-28 03:16:50,
860,Morgrem,860,Devious Pokémon,"[""Dark"", ""Fairy""]",65,60,45,75,55,70,Impidimp,Grimmsnarl,"[{""name"": ""Prankster"", ""is_hidden"": false}, {""name"": ""Frisk"", ""is_hidden"": false}, {""name"": ""Pickpocket"", ""is_hidden"": true}]",images/Morgrem.png,"{""male"": 100.0, ""female"": null}",2026-02-28 03:16:50,
861,Grimmsnarl,861,Bulk Up Pokémon,"[""Dark"", ""Fairy""]",95,120,65,95,75,60,Morgrem,,"[{""name"": ""Prankster"", ""is_hidden"": false}, {""name"": ""Frisk"", ""is_hidden"": false}, {""name"": ""Pickpocket"", ""is_hidden"": true}]",images/Grimmsnarl.png,"{""male"": 100.0, ""female"": null}",2026-02-28 03:16:50,
862,Obstagoon,862,Blocking Pokémon,"[""Dark"", ""Normal""]",93,90,101,60,81,95,Linoone (Galarian),,"[{""name"": ""Reckless"", ""is_hidden"": false}, {""name"": ""Guts"", ""is_hidden"": false}, {""name"": ""Defiant"", ""is_hidden"": true}]",images/Obstagoon.png,"{""male"": 50.0, ""female"": 50.0}",2026-02-28 03:16:50,
863,Perrserker,863,Viking Pokémon,"[""Steel""]",70,110,100,50,60,50,Meowth (Galarian),,"[{""name"": ""Battle Armor"", ""is_hidden"": false}, {""name"": ""Tough Claws"", ""is_hidden"": false}, {""name"": ""Steely Spirit"", ""is_hidden"": true}]",images/Perrserker.png,"{""male"": 50.0, ""female"": 50.0}",2026-02-28 03:16:50,
864,Cursola,864,Coral Pokémon,"[""Ghost""]",60,95,50,145,130,30,Corsola (Galarian),,"[{""name"": ""Weak Armor"", ""is_hidden"": false}, {""name"": ""Perish Body"", ""is_hidden"": true}]",images/Cursola.png,"{""male"": 25.0, ""female"": 75.0}",2026-02-28 03:16:50,
865,Sirfetch'd,865,Wild Duck Pokémon,"[""Fighting""]",62,135,95,68,82,65,Farfetch'd (Galarian),,"[{""name"": ""Steadfast"", ""is_hidden"": false}, {""name"": ""Scrappy"", ""is_hidden"": true}]",images/Sirfetchd.png,"{""male"": 50.0, ""female"": 50.0}",2026-02-28 03:16:50,
866,Mr. Rime,866,Comedian Pokémon,"[""Ice"", ""Psychic""]",80,85,75,110,100,70,Mr. Mime (Galarian),,"[{""name"": ""Tangled Feet"", ""is_hidden"": false}, {""name"": ""Screen Cleaner"", ""is_hidden"": false}, {""name"": ""Ice Body"", ""is_hidden"": true}]",images/Mr_Rime.png,"{""male"": 50.0, ""female"": 50.0}",2026-02-28 03:16:50,
867,Runerigus,867,Grudge Pokémon,"[""Ground"", ""Ghost""]",58,95,145,50,105,30,Yamask (Galarian),,[],images/Runerigus.png,"{""male"": 50.0, ""female"": 50.0}",2026-02-28 03:16:50,
868,Milcery,868,Cream Pokémon,"[""Fairy""]",45,40,40,50,61,34,,Alcremie,"[{""name"": ""Sweet Veil"", ""is_hidden"": false}, {""name"": ""Aroma Veil"", ""is_hidden"": true}]",images/Milcery.png,"{""male"": null, ""female"": 100.0}",2026-02-28 03:16:50,
869,Alcremie,869,Cream Pokémon,"[""Fairy""]",65,60,75,110,121,64,Milcery,,"[{""name"": ""Sweet Veil"", ""is_hidden"": false}, {""name"": ""Aroma Veil"", ""is_hidden"": true}]",images/Alcremie.png,"{""male"": null, ""female"": 100.0}",2026-02-28 03:16:50,
870,Falinks,870,Formation Pokémon,"[""Fighting""]",65,100,100,70,60,75,,,"[{""name"": ""Battle Armor"", ""is_hidden"": false}, {""name"": ""Defiant"", ""is_hidden"": true}]",images/Falinks_Falinks.png,,2026-02-28 03:16:50,"{""Falinks"": ""images/Falinks_Falinks.png"", ""Mega_Falinks"": ""images/Falinks_Mega_Falinks.png""}"
871,Pincurchin,871,Sea Urchin Pokémon,"[""Electric""]",48,101,95,91,85,15,,,"[{""name"": ""Lightning Rod"", ""is_hidden"": false}, {""name"": ""Electric Surge"", ""is_hidden"": true}]",images/Pincurchin.png,"{""male"": 50.0, ""female"": 50.0}",2026-02-28 03:16:50,
872,Snom,872,Worm Pokémon,"[""Ice"", ""Bug""]",30,25,35,45,30,20,,Frosmoth,"[{""name"": ""Shield Dust"", ""is_hidden"": false}, {""name"": ""Ice Scales"", ""is_hidden"": true}]",images/Snom.png,"{""male"": 50.0, ""female"": 50.0}",2026-02-28 03:16:50,
873,Frosmoth,873,Frost Moth Pokémon,"[""Ice"", ""Bug""]",70,65,60,125,90,65,Snom,,"[{""name"": ""Shield Dust"", ""is_hidden"": false}, {""name"": ""Ice Scales"", ""is_hidden"": true}]",images/Frosmoth.png,"{""male"": 50.0, ""female"": 50.0}",2026-02-28 03:16:50,
874,Stonjourner,874,Big Rock Pokémon,"[""Rock""]",100,125,135,20,20,70,,,[],images/Stonjourner.png,"{""male"": 50.0, ""female"": 50.0}",2026-02-28 03:16:50,
875,Eiscue,875,Penguin Pokémon,"[""Ice""]",75,80,110,65,90,50,,,[],images/Eiscue.png,"{""male"": 50.0, ""female"": 50.0}",2026-02-28 03:16:50,
876,Indeedee,876,Emotion Pokémon,"[""Psychic"", ""Normal""]",60,65,55,105,95,95,,,"[{""name"": ""Inner Focus"", ""is_hidden"": false}, {""name"": ""Synchronize"", ""is_hidden"": false}, {""name"": ""Own Tempo"", ""is_hidden"": false}, {""name"": ""Psychic Surge"", ""is_hidden"": true}]",images/Indeedee.png,"{""male"": 50.0, ""female"": 50.0}",2026-02-28 03:16:50,
877,Morpeko,877,Two-Sided Pokémon,"[""Electric"", ""Dark""]",58,95,58,70,58,97,,,[],images/Morpeko.png,"{""male"": 50.0, ""female"": 50.0}",2026-02-28 03:16:50,
878,Cufant,878,Copperderm Pokémon,"[""Steel""]",72,80,49,40,49,40,,Copperajah,"[{""name"": ""Sheer Force"", ""is_hidden"": false}, {""name"": ""Heavy Metal"", ""is_hidden"": true}]",images/Cufant.png,"{""male"": 50.0, ""female"": 50.0}",2026-02-28 03:16:50,
879,Copperajah,879,Copperderm Pokémon,"[""Steel""]",122,130,69,80,69,30,Cufant,,"[{""name"": ""Sheer Force"", ""is_hidden"": false}, {""name"": ""Heavy Metal"", ""is_hidden"": true}]",images/Copperajah.png,"{""male"": 50.0, ""female"": 50.0}",2026-02-28 03:16:50,
880,Dracozolt,880,Fossil Pokémon,"[""Electric"", ""Dragon""]",90,100,90,80,70,75,,,"[{""name"": ""Volt Absorb"", ""is_hidden"": false}, {""name"": ""Hustle"", ""is_hidden"": false}, {""name"": ""Sand Rush"", ""is_hidden"": true}]",images/Dracozolt.png,,2026-02-28 03:16:50,
881,Arctozolt,881,Fossil Pokémon,"[""Electric"", ""Ice""]",90,100,90,90,80,55,,,"[{""name"": ""Volt Absorb"", ""is_hidden"": false}, {""name"": ""Static"", ""is_hidden"": false}, {""name"": ""Slush Rush"", ""is_hidden"": true}]",images/Arctozolt.png,,2026-02-28 03:16:50,
882,Dracovish,882,Fossil Pokémon,"[""Water"", ""Dragon""]",90,90,100,70,80,75,,,"[{""name"": ""Water Absorb"", ""is_hidden"": false}, {""name"": ""Strong Jaw"", ""is_hidden"": false}, {""name"": ""Sand Rush"", ""is_hidden"": true}]",images/Dracovish.png,,2026-02-28 03:16:50,
883,Arctovish,883,Fossil Pokémon,"[""Water"", ""Ice""]",90,90,100,80,90,55,,,"[{""name"": ""Water Absorb"", ""is_hidden"": false}, {""name"": ""Ice Body"", ""is_hidden"": false}, {""name"": ""Slush Rush"", ""is_hidden"": true}]",images/Arctovish.png,,2026-02-28 03:16:50,
884,Duraludon,884,Alloy Pokémon,"[""Steel"", ""Dragon""]",70,95,115,120,50,85,,Archaludon,"[{""name"": ""Light Metal"", ""is_hidden"": false}, {""name"": ""Heavy Metal"", ""is_hidden"": false}, {""name"": ""Stalwart"", ""is_hidden"": true}]",images/Duraludon.png,"{""male"": 50.0, ""female"": 50.0}",2026-02-28 03:16:50,
885,Dreepy,885,Lingering Pokémon,"[""Dragon"", ""Ghost""]",28,60,30,40,30,82,,Drakloak,"[{""name"": ""Clear Body"", ""is_hidden"": false}, {""name"": ""Infiltrator"", ""is_hidden"": false}, {""name"": ""Cursed Body"", ""is_hidden"": true}]",images/Dreepy.png,"{""male"": 50.0, ""female"": 50.0}",2026-02-28 03:16:50,
886,Drakloak,886,Caretaker Pokémon,"[""Dragon"", ""Ghost""]",68,80,50,60,50,102,Dreepy,Dragapult,"[{""name"": ""Clear Body"", ""is_hidden"": false}, {""name"": ""Infiltrator"", ""is_hidden"": false}, {""name"": ""Cursed Body"", ""is_hidden"": true}]",images/Drakloak.png,"{""male"": 50.0, ""female"": 50.0}",2026-02-28 03:16:50,
887,Dragapult,887,Stealth Pokémon,"[""Dragon"", ""Ghost""]",88,120,75,100,75,142,Drakloak,,"[{""name"": ""Clear Body"", ""is_hidden"": false}, {""name"": ""Infiltrator"", ""is_hidden"": false}, {""name"": ""Cursed Body"", ""is_hidden"": true}]",images/Dragapult.png,"{""male"": 50.0, ""female"": 50.0}",2026-02-28 03:16:50,
888,Zacian,888,Warrior Pokémon,"[""Fairy"", ""Steel""]",92,130,115,80,115,138,,,[],images/Zacian.png,,2026-02-28 03:16:50,
889,Zamazenta,889,Warrior Pokémon,"[""Fighting"", ""Steel""]",92,130,115,80,115,138,,,[],images/Zamazenta.png,,2026-02-28 03:16:50,
890,Eternatus,890,Gigantic Pokémon,"[""Poison"", ""Dragon""]",140,85,95,145,95,130,,,[],images/Eternatus_Eternatus.png,,2026-02-28 03:16:50,"{""Eternatus"": ""images/Eternatus_Eternatus.png"", ""Other_forms_may_have_other_shapes"": ""images/Eternatus_Other_forms_may_have_other_shapes.png""}"
891,Kubfu,891,Wushu Pokémon,"[""Fighting""]",60,90,60,53,50,72,,Urshifu,[],images/Kubfu.png,"{""male"": 87.5, ""female"": 12.5}",2026-02-28 03:16:50,
892,Urshifu,892,Wushu Pokémon,"[""Fighting"", ""Dark""]",100,130,100,63,60,97,Kubfu,Urshifu,[],images/Urshifu.png,"{""male"": 87.5, ""female"": 12.5}",2026-02-28 03:16:50,
893,Zarude,893,Rogue Monkey Pokémon,"[""Dark"", ""Grass""]",105,120,105,70,95,105,,,[],images/Zarude.png,,2026-02-28 03:16:50,
894,Regieleki,894,Electron Pokémon,"[""Electric""]",80,100,50,100,50,200,,,[],images/Regieleki.png,,2026-02-28 03:16:50,
895,Regidrago,895,Dragon Orb Pokémon,"[""Dragon""]",200,100,50,100,50,80,,,[],images/Regidrago.png,,2026-02-28 03:16:50,
896,Glastrier,896,Wild Horse Pokémon,"[""Ice""]",100,145,130,65,110,30,,,[],images/Glastrier.png,,2026-02-28 03:16:50,
897,Spectrier,897,Swift Horse Pokémon,"[""Ghost""]",100,65,60,145,80,130,,,[],images/Spectrier.png,,2026-02-28 03:16:50,
898,Calyrex,898,King PokémonHigh King Pokémon,"[""Psychic"", ""Grass""]",100,80,80,80,80,80,,,"[{""name"": ""Unnerve"", ""is_hidden"": false}, {""name"": ""As One"", ""is_hidden"": false}]",images/Calyrex_Calyrex.png,,2026-02-28 03:16:50,"{""Calyrex"": ""images/Calyrex_Calyrex.png"", ""Other_forms_may_have_other_shapes"": ""images/Calyrex_Other_forms_may_have_other_shapes.png""}"
899,Wyrdeer,899,Big Horn Pokémon,"[""Normal"", ""Psychic""]",103,105,72,105,75,65,Stantler,,"[{""name"": ""Intimidate"", ""is_hidden"": false}, {""name"": ""Frisk"", ""is_hidden"": false}, {""name"": ""Sap Sipper"", ""is_hidden"": true}]",images/Wyrdeer.png,"{""male"": 50.0, ""female"": 50.0}",2026-02-28 03:16:50,
900,Kleavor,900,Axe Pokémon,"[""Bug"", ""Rock""]",70,135,95,45,70,85,Scyther,,"[{""name"": ""Swarm"", ""is_hidden"": false}, {""name"": ""Sheer Force"", ""is_hidden"": false}, {""name"": ""Sharpness"", ""is_hidden"": true}]",images/Kleavor.png,"{""male"": 50.0, ""female"": 50.0}",2026-02-28 03:16:50,
901,Ursaluna,901,Peat Pokémon,"[""Ground"", ""Normal""]",130,140,105,45,80,50,Ursaring,,"[{""name"": ""Guts"", ""is_hidden"": false}, {""name"": ""Bulletproof"", ""is_hidden"": false}, {""name"": ""Unnerve"", ""is_hidden"": true}, {""name"": ""Mind's Eye"", ""is_hidden"": false}]",images/Ursaluna.png,"{""male"": 50.0, ""female"": 50.0}",2026-02-28 03:16:50,
902,Basculegion,902,Big Fish Pokémon,"[""Water"", ""Ghost""]",120,112,65,80,75,78,Basculin (White-Striped),Basculegion,"[{""name"": ""Swift Swim"", ""is_hidden"": false}, {""name"": ""Adaptability"", ""is_hidden"": false}, {""name"": ""Mold Breaker"", ""is_hidden"": true}]",images/Basculegion.png,"{""male"": 50.0, ""female"": 50.0}",2026-02-28 03:16:50,
903,Sneasler,903,Free Climb Pokémon,"[""Fighting"", ""Poison""]",80,130,60,40,80,120,Sneasel (Hisuian),,"[{""name"": ""Pressure"", ""is_hidden"": false}, {""name"": ""Unburden"", ""is_hidden"": false}, {""name"": ""Gen IX+"", ""is_hidden"": false}, {""name"": ""Poison Touch"", ""is_hidden"": true}]",images/Sneasler.png,"{""male"": 50.0, ""female"": 50.0}",2026-02-28 03:16:50,
904,Overqwil,904,Pin Cluster Pokémon,"[""Dark"", ""Poison""]",85,115,95,65,65,85,Qwilfish (Hisuian),,"[{""name"": ""Poison Point"", ""is_hidden"": false}, {""name"": ""Swift Swim"", ""is_hidden"": false}, {""name"": ""Intimidate"", ""is_hidden"": true}]",images/Overqwil.png,"{""male"": 50.0, ""female"": 50.0}",2026-02-28 03:16:50,
905,Enamorus,905,Love-Hate Pokémon,"[""Fairy"", ""Flying""]",74,115,70,135,80,106,,,"[{""name"": ""Cute Charm"", ""is_hidden"": false}, {""name"": ""Contrary"", ""is_hidden"": true}, {""name"": ""Overcoat"", ""is_hidden"": false}]",images/Enamorus_Incarnate_Forme.png,"{""male"": null, ""female"": 100.0}",2026-02-28 03:16:50,"{""Incarnate_Forme"": ""images/Enamorus_Incarnate_Forme.png"", ""Therian_Forme"": ""images/Enamorus_Therian_Forme.png"", ""Other_forms_may_have_other_shapes"": ""images/Enamorus_Other_forms_may_have_other_shapes.png""}"
906,Sprigatito,906,Grass Cat Pokémon,"[""Grass""]",40,61,54,45,45,65,,Floragato,"[{""name"": ""Overgrow"", ""is_hidden"": false}, {""name"": ""Protean"", ""is_hidden"": true}]",images/Sprigatito.png,"{""male"": 87.5, ""female"": 12.5}",2026-02-28 03:16:50,
907,Floragato,907,Grass Cat Pokémon,"[""Grass""]",61,80,63,60,63,83,Sprigatito,Meowscarada,"[{""name"": ""Overgrow"", ""is_hidden"": false}, {""name"": ""Protean"", ""is_hidden"": true}]",images/Floragato.png,"{""male"": 87.5, ""female"": 12.5}",2026-02-28 03:16:50,
908,Meowscarada,908,Magician Pokémon,"[""Grass"", ""Dark""]",76,110,70,81,70,123,Floragato,,"[{""name"": ""Overgrow"", ""is_hidden"": false}, {""name"": ""Protean"", ""is_hidden"": true}]",images/Meowscarada.png,"{""male"": 87.5, ""female"": 12.5}",2026-02-28 03:16:50,
909,Fuecoco,909,Fire Croc Pokémon,"[""Fire""]",67,45,59,63,40,36,,Crocalor,"[{""name"": ""Blaze"", ""is_hidden"": false}, {""name"": ""Unaware"", ""is_hidden"": true}]",images/Fuecoco.png,"{""male"": 87.5, ""female"": 12.5}",2026-02-28 03:16:50,
910,Crocalor,910,Fire Croc Pokémon,"[""Fire""]",81,55,78,90,58,49,Fuecoco,Skeledirge,"[{""name"": ""Blaze"", ""is_hidden"": false}, {""name"": ""Unaware"", ""is_hidden"": true}]",images/Crocalor.png,"{""male"": 87.5, ""female"": 12.5}",2026-02-28 03:16:50,
911,Skeledirge,911,Singer Pokémon,"[""Fire"", ""Ghost""]",104,75,100,110,75,66,Crocalor,,"[{""name"": ""Blaze"", ""is_hidden"": false}, {""name"": ""Unaware"", ""is_hidden"": true}]",images/Skeledirge.png,"{""male"": 87.5, ""female"": 12.5}",2026-02-28 03:16:50,
912,Quaxly,912,Duckling Pokémon,"[""Water""]",55,65,45,50,45,50,,Quaxwell,"[{""name"": ""Torrent"", ""is_hidden"": false}, {""name"": ""Moxie"", ""is_hidden"": true}]",images/Quaxly.png,"{""male"": 87.5, ""female"": 12.5}",2026-02-28 03:16:50,
913,Quaxwell,913,Practicing Pokémon,"[""Water""]",70,85,65,65,60,65,Quaxly,Quaquaval,"[{""name"": ""Torrent"", ""is_hidden"": false}, {""name"": ""Moxie"", ""is_hidden"": true}]",images/Quaxwell.png,"{""male"": 87.5, ""female"": 12.5}",2026-02-28 03:16:50,
914,Quaquaval,914,Dancer Pokémon,"[""Water"", ""Fighting""]",85,120,80,85,75,85,Quaxwell,,"[{""name"": ""Torrent"", ""is_hidden"": false}, {""name"": ""Moxie"", ""is_hidden"": true}]",images/Quaquaval.png,"{""male"": 87.5, ""female"": 12.5}",2026-02-28 03:16:50,
915,Lechonk,915,Hog Pokémon,"[""Normal""]",54,45,40,35,45,35,,Oinkologne,"[{""name"": ""Aroma Veil"", ""is_hidden"": false}, {""name"": ""Gluttony"", ""is_hidden"": false}, {""name"": ""Thick Fat"", ""is_hidden"": true}]",images/Lechonk.png,"{""male"": 50.0, ""female"": 50.0}",2026-02-28 03:16:50,
916,Oinkologne,916,Hog Pokémon,"[""Normal""]",110,100,75,59,80,65,Lechonk,Oinkologne,"[{""name"": ""Lingering Aroma"", ""is_hidden"": false}, {""name"": ""Gluttony"", ""is_hidden"": false}, {""name"": ""Aroma Veil"", ""is_hidden"": false}, {""name"": ""Thick Fat"", ""is_hidden"": true}]",images/Oinkologne.png,"{""male"": 50.0, ""female"": 50.0}",2026-02-28 03:16:50,
917,Tarountula,917,String Ball Pokémon,"[""Bug""]",35,41,45,29,40,20,,Spidops,"[{""name"": ""Insomnia"", ""is_hidden"": false}, {""name"": ""Stakeout"", ""is_hidden"": true}]",images/Tarountula.png,"{""male"": 50.0, ""female"": 50.0}",2026-02-28 03:16:50,
918,Spidops,918,Trap Pokémon,"[""Bug""]",60,79,92,52,86,35,Tarountula,,"[{""name"": ""Insomnia"", ""is_hidden"": false}, {""name"": ""Stakeout"", ""is_hidden"": true}]",images/Spidops.png,"{""male"": 50.0, ""female"": 50.0}",2026-02-28 03:16:50,
919,Nymble,919,Grasshopper Pokémon,"[""Bug""]",33,46,40,21,25,45,,Lokix,"[{""name"": ""Swarm"", ""is_hidden"": false}, {""name"": ""Tinted Lens"", ""is_hidden"": true}]",images/Nymble.png,"{""male"": 50.0, ""female"": 50.0}",2026-02-28 03:16:50,
920,Lokix,920,Grasshopper Pokémon,"[""Bug"", ""Dark""]",71,102,78,52,55,92,Nymble,,"[{""name"": ""Swarm"", ""is_hidden"": false}, {""name"": ""Tinted Lens"", ""is_hidden"": true}]",images/Lokix.png,"{""male"": 50.0, ""female"": 50.0}",2026-02-28 03:16:50,
921,Pawmi,921,Mouse Pokémon,"[""Electric""]",45,50,20,40,25,60,,Pawmo,"[{""name"": ""Static"", ""is_hidden"": false}, {""name"": ""Natural Cure"", ""is_hidden"": false}, {""name"": ""Iron Fist"", ""is_hidden"": true}]",images/Pawmi.png,"{""male"": 50.0, ""female"": 50.0}",2026-02-28 03:16:50,
922,Pawmo,922,Mouse Pokémon,"[""Electric"", ""Fighting""]",60,75,40,50,40,85,Pawmi,Pawmot,"[{""name"": ""Volt Absorb"", ""is_hidden"": false}, {""name"": ""Natural Cure"", ""is_hidden"": false}, {""name"": ""Iron Fist"", ""is_hidden"": true}]",images/Pawmo.png,"{""male"": 50.0, ""female"": 50.0}",2026-02-28 03:16:50,
923,Pawmot,923,Hands-On Pokémon,"[""Electric"", ""Fighting""]",70,115,70,70,60,105,Pawmo,,"[{""name"": ""Volt Absorb"", ""is_hidden"": false}, {""name"": ""Natural Cure"", ""is_hidden"": false}, {""name"": ""Iron Fist"", ""is_hidden"": true}]",images/Pawmot.png,"{""male"": 50.0, ""female"": 50.0}",2026-02-28 03:16:50,
924,Tandemaus,924,Couple Pokémon,"[""Normal""]",50,50,45,40,45,75,,Maushold,"[{""name"": ""Run Away"", ""is_hidden"": false}, {""name"": ""Pickup"", ""is_hidden"": false}, {""name"": ""Own Tempo"", ""is_hidden"": true}]",images/Tandemaus.png,,2026-02-28 03:16:50,
925,Maushold,925,Family Pokémon,"[""Normal""]",74,75,70,65,75,111,Tandemaus,Maushold,"[{""name"": ""Friend Guard"", ""is_hidden"": false}, {""name"": ""Cheek Pouch"", ""is_hidden"": false}, {""name"": ""Technician"", ""is_hidden"": true}]",images/Maushold.png,,2026-02-28 03:16:50,
926,Fidough,926,Puppy Pokémon,"[""Fairy""]",37,55,70,30,55,65,,Dachsbun,"[{""name"": ""Own Tempo"", ""is_hidden"": false}, {""name"": ""Klutz"", ""is_hidden"": true}]",images/Fidough.png,"{""male"": 50.0, ""female"": 50.0}",2026-02-28 03:16:50,
927,Dachsbun,927,Dog Pokémon,"[""Fairy""]",57,80,115,50,80,95,Fidough,,"[{""name"": ""Well-Baked Body"", ""is_hidden"": false}, {""name"": ""Aroma Veil"", ""is_hidden"": true}]",images/Dachsbun.png,"{""male"": 50.0, ""female"": 50.0}",2026-02-28 03:16:50,
928,Smoliv,928,Olive Pokémon,"[""Grass"", ""Normal""]",41,35,45,58,51,30,,Dolliv,"[{""name"": ""Early Bird"", ""is_hidden"": false}, {""name"": ""Harvest"", ""is_hidden"": true}]",images/Smoliv.png,"{""male"": 50.0, ""female"": 50.0}",2026-02-28 03:16:50,
929,Dolliv,929,Olive Pokémon,"[""Grass"", ""Normal""]",52,53,60,78,78,33,Smoliv,Arboliva,"[{""name"": ""Early Bird"", ""is_hidden"": false}, {""name"": ""Harvest"", ""is_hidden"": true}]",images/Dolliv.png,"{""male"": 50.0, ""female"": 50.0}",2026-02-28 03:16:50,
930,Arboliva,930,Olive Pokémon,"[""Grass"", ""Normal""]",78,69,90,125,109,39,Dolliv,,"[{""name"": ""Seed Sower"", ""is_hidden"": false}, {""name"": ""Harvest"", ""is_hidden"": true}]",images/Arboliva.png,"{""male"": 50.0, ""female"": 50.0}",2026-02-28 03:16:50,
931,Squawkabilly,931,Parrot Pokémon,"[""Normal"", ""Flying""]",82,96,51,45,51,92,,,"[{""name"": ""Intimidate"", ""is_hidden"": false}, {""name"": ""Hustle"", ""is_hidden"": false}, {""name"": ""Guts"", ""is_hidden"": true}, {""name"": ""Sheer Force"", ""is_hidden"": true}]",images/Squawkabilly.png,"{""male"": 50.0, ""female"": 50.0}",2026-02-28 03:16:50,
932,Nacli,932,Rock Salt Pokémon,"[""Rock""]",55,55,75,35,35,25,,Naclstack,"[{""name"": ""Purifying Salt"", ""is_hidden"": false}, {""name"": ""Sturdy"", ""is_hidden"": false}, {""name"": ""Clear Body"", ""is_hidden"": true}]",images/Nacli.png,"{""male"": 50.0, ""female"": 50.0}",2026-02-28 03:16:50,
933,Naclstack,933,Rock Salt Pokémon,"[""Rock""]",60,60,100,35,65,35,Nacli,Garganacl,"[{""name"": ""Purifying Salt"", ""is_hidden"": false}, {""name"": ""Sturdy"", ""is_hidden"": false}, {""name"": ""Clear Body"", ""is_hidden"": true}]",images/Naclstack.png,"{""male"": 50.0, ""female"": 50.0}",2026-02-28 03:16:50,
934,Garganacl,934,Rock Salt Pokémon,"[""Rock""]",100,100,130,45,90,35,Naclstack,,"[{""name"": ""Purifying Salt"", ""is_hidden"": false}, {""name"": ""Sturdy"", ""is_hidden"": false}, {""name"": ""Clear Body"", ""is_hidden"": true}]",images/Garganacl.png,"{""male"": 50.0, ""female"": 50.0}",2026-02-28 03:16:50,
935,Charcadet,935,Fire Child Pokémon,"[""Fire""]",40,50,40,50,40,35,,Armarouge,"[{""name"": ""Flash Fire"", ""is_hidden"": false}, {""name"": ""Flame Body"", ""is_hidden"": true}]",images/Charcadet.png,"{""male"": 50.0, ""female"": 50.0}",2026-02-28 03:16:50,
936,Armarouge,936,Fire Warrior Pokémon,"[""Fire"", ""Psychic""]",85,60,100,125,80,75,Charcadet,,"[{""name"": ""Flash Fire"", ""is_hidden"": false}, {""name"": ""Weak Armor"", ""is_hidden"": true}]",images/Armarouge.png,"{""male"": 50.0, ""female"": 50.0}",2026-02-28 03:16:50,
937,Ceruledge,937,Fire Blades Pokémon,"[""Fire"", ""Ghost""]",75,125,80,60,100,85,Charcadet,,"[{""name"": ""Flash Fire"", ""is_hidden"": false}, {""name"": ""Weak Armor"", ""is_hidden"": true}]",images/Ceruledge.png,"{""male"": 50.0, ""female"": 50.0}",2026-02-28 03:16:50,
938,Tadbulb,938,EleTadpole Pokémon,"[""Electric""]",61,31,41,59,35,45,,Bellibolt,"[{""name"": ""Own Tempo"", ""is_hidden"": false}, {""name"": ""Static"", ""is_hidden"": false}, {""name"": ""Damp"", ""is_hidden"": true}]",images/Tadbulb.png,"{""male"": 50.0, ""female"": 50.0}",2026-02-28 03:16:50,
939,Bellibolt,939,EleFrog Pokémon,"[""Electric""]",109,64,91,103,83,45,Tadbulb,,"[{""name"": ""Electromorphosis"", ""is_hidden"": false}, {""name"": ""Static"", ""is_hidden"": false}, {""name"": ""Damp"", ""is_hidden"": true}]",images/Bellibolt.png,"{""male"": 50.0, ""female"": 50.0}",2026-02-28 03:16:50,
940,Wattrel,940,Storm Petrel Pokémon,"[""Electric"", ""Flying""]",40,40,35,55,40,70,,Kilowattrel,"[{""name"": ""Wind Power"", ""is_hidden"": false}, {""name"": ""Volt Absorb"", ""is_hidden"": false}, {""name"": ""Competitive"", ""is_hidden"": true}]",images/Wattrel.png,"{""male"": 50.0, ""female"": 50.0}",2026-02-28 03:16:50,
941,Kilowattrel,941,Frigatebird Pokémon,"[""Electric"", ""Flying""]",70,70,60,105,60,125,Wattrel,,"[{""name"": ""Wind Power"", ""is_hidden"": false}, {""name"": ""Volt Absorb"", ""is_hidden"": false}, {""name"": ""Competitive"", ""is_hidden"": true}]",images/Kilowattrel.png,"{""male"": 50.0, ""female"": 50.0}",2026-02-28 03:16:50,
942,Maschiff,942,Rascal Pokémon,"[""Dark""]",60,78,60,40,51,51,,Mabosstiff,"[{""name"": ""Intimidate"", ""is_hidden"": false}, {""name"": ""Run Away"", ""is_hidden"": false}, {""name"": ""Stakeout"", ""is_hidden"": true}]",images/Maschiff.png,"{""male"": 50.0, ""female"": 50.0}",2026-02-28 03:16:50,
943,Mabosstiff,943,Boss Pokémon,"[""Dark""]",80,120,90,60,70,85,Maschiff,,"[{""name"": ""Intimidate"", ""is_hidden"": false}, {""name"": ""Guard Dog"", ""is_hidden"": false}, {""name"": ""Stakeout"", ""is_hidden"": true}]",images/Mabosstiff.png,"{""male"": 50.0, ""female"": 50.0}",2026-02-28 03:16:50,
944,Shroodle,944,Toxic Mouse Pokémon,"[""Poison"", ""Normal""]",40,65,35,40,35,75,,Grafaiai,"[{""name"": ""Unburden"", ""is_hidden"": false}, {""name"": ""Pickpocket"", ""is_hidden"": false}, {""name"": ""Prankster"", ""is_hidden"": true}]",images/Shroodle.png,"{""male"": 50.0, ""female"": 50.0}",2026-02-28 03:16:50,
945,Grafaiai,945,Toxic Monkey Pokémon,"[""Poison"", ""Normal""]",63,95,65,80,72,110,Shroodle,,"[{""name"": ""Unburden"", ""is_hidden"": false}, {""name"": ""Poison Touch"", ""is_hidden"": false}, {""name"": ""Prankster"", ""is_hidden"": true}]",images/Grafaiai.png,"{""male"": 50.0, ""female"": 50.0}",2026-02-28 03:16:50,
946,Bramblin,946,Tumbleweed Pokémon,"[""Grass"", ""Ghost""]",40,65,30,45,35,60,,Brambleghast,"[{""name"": ""Wind Rider"", ""is_hidden"": false}, {""name"": ""Infiltrator"", ""is_hidden"": true}]",images/Bramblin.png,"{""male"": 50.0, ""female"": 50.0}",2026-02-28 03:16:50,
947,Brambleghast,947,Tumbleweed Pokémon,"[""Grass"", ""Ghost""]",55,115,70,80,70,90,Bramblin,,"[{""name"": ""Wind Rider"", ""is_hidden"": false}, {""name"": ""Infiltrator"", ""is_hidden"": true}]",images/Brambleghast.png,"{""male"": 50.0, ""female"": 50.0}",2026-02-28 03:16:50,
948,Toedscool,948,Woodear Pokémon,"[""Ground"", ""Grass""]",40,40,35,50,100,70,,Toedscruel,[],images/Toedscool.png,"{""male"": 50.0, ""female"": 50.0}",2026-02-28 03:16:50,
949,Toedscruel,949,Woodear Pokémon,"[""Ground"", ""Grass""]",80,70,65,80,120,100,Toedscool,,[],images/Toedscruel.png,"{""male"": 50.0, ""female"": 50.0}",2026-02-28 03:16:50,
950,Klawf,950,Ambush Pokémon,"[""Rock""]",70,100,115,35,55,75,,,"[{""name"": ""Anger Shell"", ""is_hidden"": false}, {""name"": ""Shell Armor"", ""is_hidden"": false}, {""name"": ""Regenerator"", ""is_hidden"": true}]",images/Klawf.png,"{""male"": 50.0, ""female"": 50.0}",2026-02-28 03:16:50,
951,Capsakid,951,Spicy Pepper Pokémon,"[""Grass""]",50,62,40,62,40,50,,Scovillain,"[{""name"": ""Chlorophyll"", ""is_hidden"": false}, {""name"": ""Insomnia"", ""is_hidden"": false}, {""name"": ""Klutz"", ""is_hidden"": true}]",images/Capsakid.png,"{""male"": 50.0, ""female"": 50.0}",2026-02-28 03:16:50,
952,Scovillain,952,Spicy Pepper Pokémon,"[""Grass"", ""Fire""]",65,108,65,108,65,75,Capsakid,,"[{""name"": ""Chlorophyll"", ""is_hidden"": false}, {""name"": ""Insomnia"", ""is_hidden"": false}, {""name"": ""Moody"", ""is_hidden"": true}]",images/Scovillain_Scovillain.png,"{""male"": 50.0, ""female"": 50.0}",2026-02-28 03:16:50,"{""Scovillain"": ""images/Scovillain_Scovillain.png"", ""Mega_Scovillain"": ""images/Scovillain_Mega_Scovillain.png""}"
953,Rellor,953,Rolling Pokémon,"[""Bug""]",41,50,60,31,58,30,,Rabsca,"[{""name"": ""Compound Eyes"", ""is_hidden"": false}, {""name"": ""Shed Skin"", ""is_hidden"": true}]",images/Rellor.png,"{""male"": 50.0, ""female"": 50.0}",2026-02-28 03:16:50,
954,Rabsca,954,Rolling Pokémon,"[""Bug"", ""Psychic""]",75,50,85,115,100,45,Rellor,,"[{""name"": ""Synchronize"", ""is_hidden"": false}, {""name"": ""Telepathy"", ""is_hidden"": true}]",images/Rabsca.png,"{""male"": 50.0, ""female"": 50.0}",2026-02-28 03:16:50,
955,Flittle,955,Frill Pokémon,"[""Psychic""]",30,35,30,55,30,75,,Espathra,"[{""name"": ""Anticipation"", ""is_hidden"": false}, {""name"": ""Frisk"", ""is_hidden"": false}, {""name"": ""Speed Boost"", ""is_hidden"": true}]",images/Flittle.png,"{""male"": 50.0, ""female"": 50.0}",2026-02-28 03:16:50,
956,Espathra,956,Ostrich Pokémon,"[""Psychic""]",95,60,60,101,60,105,Flittle,,"[{""name"": ""Opportunist"", ""is_hidden"": false}, {""name"": ""Frisk"", ""is_hidden"": false}, {""name"": ""Speed Boost"", ""is_hidden"": true}]",images/Espathra.png,"{""male"": 50.0, ""female"": 50.0}",2026-02-28 03:16:50,
957,Tinkatink,957,Metalsmith Pokémon,"[""Fairy"", ""Steel""]",50,45,45,35,64,58,,Tinkatuff,"[{""name"": ""Mold Breaker"", ""is_hidden"": false}, {""name"": ""Own Tempo"", ""is_hidden"": false}, {""name"": ""Pickpocket"", ""is_hidden"": true}]",images/Tinkatink.png,"{""male"": null, ""female"": 100.0}",2026-02-28 03:16:50,
958,Tinkatuff,958,Hammer Pokémon,"[""Fairy"", ""Steel""]",65,55,55,45,82,78,Tinkatink,Tinkaton,"[{""name"": ""Mold Breaker"", ""is_hidden"": false}, {""name"": ""Own Tempo"", ""is_hidden"": false}, {""name"": ""Pickpocket"", ""is_hidden"": true}]",images/Tinkatuff.png,"{""male"": null, ""female"": 100.0}",2026-02-28 03:16:50,
959,Tinkaton,959,Hammer Pokémon,"[""Fairy"", ""Steel""]",85,75,77,70,105,94,Tinkatuff,,"[{""name"": ""Mold Breaker"", ""is_hidden"": false}, {""name"": ""Own Tempo"", ""is_hidden"": false}, {""name"": ""Pickpocket"", ""is_hidden"": true}]",images/Tinkaton.png,"{""male"": null, ""female"": 100.0}",2026-02-28 03:16:50,
960,Wiglett,960,Garden Eel Pokémon,"[""Water""]",10,55,25,35,25,95,,Wugtrio,"[{""name"": ""Gooey"", ""is_hidden"": false}, {""name"": ""Rattled"", ""is_hidden"": false}, {""name"": ""Sand Veil"", ""is_hidden"": true}]",images/Wiglett.png,"{""male"": 50.0, ""female"": 50.0}",2026-02-28 03:16:50,
961,Wugtrio,961,Garden Eel Pokémon,"[""Water""]",35,100,50,50,70,120,Wiglett,,"[{""name"": ""Gooey"", ""is_hidden"": false}, {""name"": ""Rattled"", ""is_hidden"": false}, {""name"": ""Sand Veil"", ""is_hidden"": true}]",images/Wugtrio.png,"{""male"": 50.0, ""female"": 50.0}",2026-02-28 03:16:50,
962,Bombirdier,962,Item Drop Pokémon,"[""Flying"", ""Dark""]",70,103,85,60,85,82,,,"[{""name"": ""Big Pecks"", ""is_hidden"": false}, {""name"": ""Keen Eye"", ""is_hidden"": false}, {""name"": ""Rocky Payload"", ""is_hidden"": true}]",images/Bombirdier.png,"{""male"": 50.0, ""female"": 50.0}",2026-02-28 03:16:50,
963,Finizen,963,Dolphin Pokémon,"[""Water""]",70,45,40,45,40,75,,Palafin,[],images/Finizen.png,"{""male"": 50.0, ""female"": 50.0}",2026-02-28 03:16:50,
964,Palafin,964,Dolphin PokémonHero Pokémon,"[""Water""]",100,70,72,53,62,100,Finizen,,"[{""name"": ""Legends: Z-A"", ""is_hidden"": false}, {""name"": ""Scarlet"", ""is_hidden"": false}, {""name"": ""Pokémon"", ""is_hidden"": false}, {""name"": ""Violet"", ""is_hidden"": false}, {""name"": ""Finizen"", ""is_hidden"": false}, {""name"": ""people"", ""is_hidden"": false}, {""name"": ""This Pokémon's ancient genes have awakened. It is now so extraordinarily strong that it can easily lift a cruise ship with one fin."", ""is_hidden"": false}]",images/Palafin_Zero.png,"{""male"": 50.0, ""female"": 50.0}",2026-02-28 03:16:50,"{""Zero"": ""images/Palafin_Zero.png"", ""Hero"": ""images/Palafin_Hero.png""}"
965,Varoom,965,Single-Cyl Pokémon,"[""Steel"", ""Poison""]",45,70,63,30,45,47,,Revavroom,"[{""name"": ""Overcoat"", ""is_hidden"": false}, {""name"": ""Slow Start"", ""is_hidden"": true}]",images/Varoom.png,"{""male"": 50.0, ""female"": 50.0}",2026-02-28 03:16:50,
966,Revavroom,966,Multi-Cyl Pokémon,"[""Steel"", ""Poison""]",80,119,90,54,67,90,Varoom,,"[{""name"": ""Overcoat"", ""is_hidden"": false}, {""name"": ""Filter"", ""is_hidden"": true}]",images/Revavroom.png,"{""male"": 50.0, ""female"": 50.0}",2026-02-28 03:16:50,
967,Cyclizar,967,Mount Pokémon,"[""Dragon"", ""Normal""]",70,95,65,85,65,121,,,"[{""name"": ""Shed Skin"", ""is_hidden"": false}, {""name"": ""Regenerator"", ""is_hidden"": true}]",images/Cyclizar.png,"{""male"": 50.0, ""female"": 50.0}",2026-02-28 03:16:50,
968,Orthworm,968,Earthworm Pokémon,"[""Steel""]",70,85,145,60,55,65,,,"[{""name"": ""Earth Eater"", ""is_hidden"": false}, {""name"": ""Sand Veil"", ""is_hidden"": true}]",images/Orthworm.png,"{""male"": 50.0, ""female"": 50.0}",2026-02-28 03:16:50,
969,Glimmet,969,Ore Pokémon,"[""Rock"", ""Poison""]",48,35,42,105,60,60,,Glimmora,"[{""name"": ""Toxic Debris"", ""is_hidden"": false}, {""name"": ""Corrosion"", ""is_hidden"": true}]",images/Glimmet.png,"{""male"": 50.0, ""female"": 50.0}",2026-02-28 03:16:50,
970,Glimmora,970,Ore Pokémon,"[""Rock"", ""Poison""]",83,55,90,130,81,86,Glimmet,,"[{""name"": ""Toxic Debris"", ""is_hidden"": false}, {""name"": ""Corrosion"", ""is_hidden"": true}]",images/Glimmora_Glimmora.png,"{""male"": 50.0, ""female"": 50.0}",2026-02-28 03:16:50,"{""Glimmora"": ""images/Glimmora_Glimmora.png"", ""Mega_Glimmora"": ""images/Glimmora_Mega_Glimmora.png""}"
971,Greavard,971,Ghost Dog Pokémon,"[""Ghost""]",50,61,60,30,55,34,,Houndstone,"[{""name"": ""Pickup"", ""is_hidden"": false}, {""name"": ""Fluffy"", ""is_hidden"": true}]",images/Greavard.png,"{""male"": 50.0, ""female"": 50.0}",2026-02-28 03:16:50,
972,Houndstone,972,Ghost Dog Pokémon,"[""Ghost""]",72,101,100,50,97,68,Greavard,,"[{""name"": ""Sand Rush"", ""is_hidden"": false}, {""name"": ""Fluffy"", ""is_hidden"": true}]",images/Houndstone.png,"{""male"": 50.0, ""female"": 50.0}",2026-02-28 03:16:50,
973,Flamigo,973,Synchronize Pokémon,"[""Flying"", ""Fighting""]",82,115,74,75,64,90,,,"[{""name"": ""Scrappy"", ""is_hidden"": false}, {""name"": ""Tangled Feet"", ""is_hidden"": false}, {""name"": ""Costar"", ""is_hidden"": true}]",images/Flamigo.png,"{""male"": 50.0, ""female"": 50.0}",2026-02-28 03:16:50,
974,Cetoddle,974,Terra Whale Pokémon,"[""Ice""]",108,68,45,30,40,43,,Cetitan,"[{""name"": ""Thick Fat"", ""is_hidden"": false}, {""name"": ""Snow Cloak"", ""is_hidden"": false}, {""name"": ""Sheer Force"", ""is_hidden"": true}]",images/Cetoddle.png,"{""male"": 50.0, ""female"": 50.0}",2026-02-28 03:16:50,
975,Cetitan,975,Terra Whale Pokémon,"[""Ice""]",170,113,65,45,55,73,Cetoddle,,"[{""name"": ""Thick Fat"", ""is_hidden"": false}, {""name"": ""Slush Rush"", ""is_hidden"": false}, {""name"": ""Sheer Force"", ""is_hidden"": true}]",images/Cetitan.png,"{""male"": 50.0, ""female"": 50.0}",2026-02-28 03:16:50,
976,Veluza,976,Jettison Pokémon,"[""Water"", ""Psychic""]",90,102,73,78,65,70,,,"[{""name"": ""Mold Breaker"", ""is_hidden"": false}, {""name"": ""Sharpness"", ""is_hidden"": true}]",images/Veluza.png,"{""male"": 50.0, ""female"": 50.0}",2026-02-28 03:16:50,
977,Dondozo,977,Big Catfish Pokémon,"[""Water""]",150,100,115,65,65,35,,,"[{""name"": ""Unaware"", ""is_hidden"": false}, {""name"": ""Oblivious"", ""is_hidden"": false}, {""name"": ""Water Veil"", ""is_hidden"": true}]",images/Dondozo.png,"{""male"": 50.0, ""female"": 50.0}",2026-02-28 03:16:50,
978,Tatsugiri,978,Mimicry Pokémon,"[""Dragon"", ""Water""]",68,50,60,120,95,82,,,"[{""name"": ""Commander"", ""is_hidden"": false}, {""name"": ""Storm Drain"", ""is_hidden"": true}]",images/Tatsugiri_Curly.png,"{""male"": 50.0, ""female"": 50.0}",2026-02-28 03:16:50,"{""Curly"": ""images/Tatsugiri_Curly.png"", ""Droopy"": ""images/Tatsugiri_Droopy.png"", ""Stretchy"": ""images/Tatsugiri_Stretchy.png"", ""Mega_TatsugiriCurly_Form"": ""images/Tatsugiri_Mega_TatsugiriCurly_Form.png"", ""Mega_TatsugiriDroopy_Form"": ""images/Tatsugiri_Mega_TatsugiriDroopy_Form.png"", ""Mega_TatsugiriStretchy_Form"": ""images/Tatsugiri_Mega_TatsugiriStretchy_Form.png""}"
979,Annihilape,979,Rage Monkey Pokémon,"[""Fighting"", ""Ghost""]",110,115,80,50,90,90,Primeape,,"[{""name"": ""Vital Spirit"", ""is_hidden"": false}, {""name"": ""Inner Focus"", ""is_hidden"": false}, {""name"": ""Defiant"", ""is_hidden"": true}]",images/Annihilape.png,"{""male"": 50.0, ""female"": 50.0}",2026-02-28 03:16:50,
980,Clodsire,980,Spiny Fish Pokémon,"[""Poison"", ""Ground""]",130,75,60,45,100,20,Wooper (Paldean),,"[{""name"": ""Poison Point"", ""is_hidden"": false}, {""name"": ""Water Absorb"", ""is_hidden"": false}, {""name"": ""Unaware"", ""is_hidden"": true}]",images/Clodsire.png,"{""male"": 50.0, ""female"": 50.0}",2026-02-28 03:16:50,
981,Farigiraf,981,Long Neck Pokémon,"[""Normal"", ""Psychic""]",120,90,70,110,70,60,Girafarig,,"[{""name"": ""Cud Chew"", ""is_hidden"": false}, {""name"": ""Armor Tail"", ""is_hidden"": false}, {""name"": ""Sap Sipper"", ""is_hidden"": true}]",images/Farigiraf.png,"{""male"": 50.0, ""female"": 50.0}",2026-02-28 03:16:50,
982,Dudunsparce,982,Land Snake Pokémon,"[""Normal""]",125,100,80,85,75,55,Dunsparce,Dudunsparce,"[{""name"": ""Serene Grace"", ""is_hidden"": false}, {""name"": ""Run Away"", ""is_hidden"": false}, {""name"": ""Rattled"", ""is_hidden"": true}]",images/Dudunsparce_Two_Segment.png,"{""male"": 50.0, ""female"": 50.0}",2026-02-28 03:16:50,"{""Two_Segment"": ""images/Dudunsparce_Two_Segment.png"", ""Three_Segment"": ""images/Dudunsparce_Three_Segment.png""}"
983,Kingambit,983,Big Blade Pokémon,"[""Dark"", ""Steel""]",100,135,120,60,85,50,Bisharp,,"[{""name"": ""Defiant"", ""is_hidden"": false}, {""name"": ""Supreme Overlord"", ""is_hidden"": false}, {""name"": ""Pressure"", ""is_hidden"": true}]",images/Kingambit.png,"{""male"": 50.0, ""female"": 50.0}",2026-02-28 03:16:50,
984,Great Tusk,984,Paradox Pokémon,"[""Ground"", ""Fighting""]",115,131,131,53,53,87,,,[],images/Great_Tusk.png,,2026-02-28 03:16:50,
985,Scream Tail,985,Paradox Pokémon,"[""Fairy"", ""Psychic""]",115,65,99,65,115,111,,,[],images/Scream_Tail.png,,2026-02-28 03:16:50,
986,Brute Bonnet,986,Paradox Pokémon,"[""Grass"", ""Dark""]",111,127,99,79,99,55,,,[],images/Brute_Bonnet.png,,2026-02-28 03:16:50,
987,Flutter Mane,987,Paradox Pokémon,"[""Ghost"", ""Fairy""]",55,55,55,135,135,135,,,[],images/Flutter_Mane.png,,2026-02-28 03:16:50,
988,Slither Wing,988,Paradox Pokémon,"[""Bug"", ""Fighting""]",85,135,79,85,105,81,,,[],images/Slither_Wing.png,,2026-02-28 03:16:50,
989,Sandy Shocks,989,Paradox Pokémon,"[""Electric"", ""Ground""]",85,81,97,121,85,101,,,[],images/Sandy_Shocks.png,,2026-02-28 03:16:50,
990,Iron Treads,990,Paradox Pokémon,"[""Ground"", ""Steel""]",90,112,120,72,70,106,,,[],images/Iron_Treads.png,,2026-02-28 03:16:50,
991,Iron Bundle,991,Paradox Pokémon,"[""Ice"", ""Water""]",56,80,114,124,60,136,,,[],images/Iron_Bundle.png,,2026-02-28 03:16:50,
992,Iron Hands,992,Paradox Pokémon,"[""Fighting"", ""Electric""]",154,140,108,50,68,50,,,[],images/Iron_Hands.png,,2026-02-28 03:16:50,
993,Iron Jugulis,993,Paradox Pokémon,"[""Dark"", ""Flying""]",94,80,86,122,80,108,,,[],images/Iron_Jugulis.png,,2026-02-28 03:16:50,
994,Iron Moth,994,Paradox Pokémon,"[""Fire"", ""Poison""]",80,70,60,140,110,110,,,[],images/Iron_Moth.png,,2026-02-28 03:16:50,
995,Iron Thorns,995,Paradox Pokémon,"[""Rock"", ""Electric""]",100,134,110,70,84,72,,,[],images/Iron_Thorns.png,,2026-02-28 03:16:50,
996,Frigibax,996,Ice Fin Pokémon,"[""Dragon"", ""Ice""]",65,75,45,35,45,55,,Arctibax,"[{""name"": ""Thermal Exchange"", ""is_hidden"": false}, {""name"": ""Ice Body"", ""is_hidden"": true}]",images/Frigibax.png,"{""male"": 50.0, ""female"": 50.0}",2026-02-28 03:16:50,
997,Arctibax,997,Ice Fin Pokémon,"[""Dragon"", ""Ice""]",90,95,66,45,65,62,Frigibax,Baxcalibur,"[{""name"": ""Thermal Exchange"", ""is_hidden"": false}, {""name"": ""Ice Body"", ""is_hidden"": true}]",images/Arctibax.png,"{""male"": 50.0, ""female"": 50.0}",2026-02-28 03:16:50,
998,Baxcalibur,998,Ice Dragon Pokémon,"[""Dragon"", ""Ice""]",115,145,92,75,86,87,Arctibax,,"[{""name"": ""Thermal Exchange"", ""is_hidden"": false}, {""name"": ""Ice Body"", ""is_hidden"": true}]",images/Baxcalibur_Baxcalibur.png,"{""male"": 50.0, ""female"": 50.0}",2026-02-28 03:16:50,"{""Baxcalibur"": ""images/Baxcalibur_Baxcalibur.png"", ""Mega_Baxcalibur"": ""images/Baxcalibur_Mega_Baxcalibur.png""}"
999,Gimmighoul,999,Coin Chest PokémonCoin Hunter Pokémon,"[""Ghost""]",45,30,70,75,70,10,,Gholdengo,"[{""name"": ""Rattled"", ""is_hidden"": false}, {""name"": ""Run Away"", ""is_hidden"": false}]",images/Gimmighoul_Chest.png,,2026-02-28 03:16:50,"{""Chest"": ""images/Gimmighoul_Chest.png"", ""Roaming"": ""images/Gimmighoul_Roaming.png"", ""Other_forms_may_have_other_shapes"": ""images/Gimmighoul_Other_forms_may_have_other_shapes.png""}"
1000,Gholdengo,1000,Coin Entity Pokémon,"[""Steel"", ""Ghost""]",87,60,95,133,91,84,Gimmighoul (Chest),Gimmighoul (Roaming),[],images/Gholdengo.png,,2026-02-28 03:16:50,
1001,Wo-Chien,1001,Ruinous Pokémon,"[""Dark"", ""Grass""]",85,90,100,100,135,70,,,[],images/Wo_Chien.png,,2026-02-28 03:16:50,
1002,Chien-Pao,1002,Ruinous Pokémon,"[""Dark"", ""Ice""]",80,130,80,90,65,135,,,[],images/Chien_Pao.png,,2026-02-28 03:16:50,
1003,Ting-Lu,1003,Ruinous Pokémon,"[""Dark"", ""Ground""]",165,110,130,50,80,45,,,[],images/Ting_Lu.png,,2026-02-28 03:16:50,
1004,Chi-Yu,1004,Ruinous Pokémon,"[""Dark"", ""Fire""]",55,80,80,145,120,100,,,[],images/Chi_Yu.png,,2026-02-28 03:16:50,
1005,Roaring Moon,1005,Paradox Pokémon,"[""Dragon"", ""Dark""]",105,139,71,55,101,119,,,[],images/Roaring_Moon.png,,2026-02-28 03:16:50,
1006,Iron Valiant,1006,Paradox Pokémon,"[""Fairy"", ""Fighting""]",74,130,90,120,60,116,,,[],images/Iron_Valiant.png,,2026-02-28 03:16:50,
1007,Koraidon,1007,Paradox Pokémon,"[""Fighting"", ""Dragon""]",100,135,115,85,100,135,,,[],images/Koraidon.png,,2026-02-28 03:16:50,
1008,Miraidon,1008,Paradox Pokémon,"[""Electric"", ""Dragon""]",100,85,100,135,115,135,,,[],images/Miraidon.png,,2026-02-28 03:16:50,
1009,Walking Wake,1009,Paradox Pokémon,"[""Water"", ""Dragon""]",99,83,91,125,83,109,,,[],images/Walking_Wake.png,,2026-02-28 03:16:50,
1010,Iron Leaves,1010,Paradox Pokémon,"[""Grass"", ""Psychic""]",90,130,88,70,108,104,,,[],images/Iron_Leaves.png,,2026-02-28 03:16:50,
1011,Dipplin,1011,Candy Apple Pokémon,"[""Grass"", ""Dragon""]",80,80,110,95,80,40,Applin,Hydrapple,"[{""name"": ""Supersweet Syrup"", ""is_hidden"": false}, {""name"": ""Gluttony"", ""is_hidden"": false}, {""name"": ""Sticky Hold"", ""is_hidden"": true}]",images/Dipplin.png,"{""male"": 50.0, ""female"": 50.0}",2026-02-28 03:16:50,
1012,Poltchageist,1012,Matcha Pokémon,"[""Grass"", ""Ghost""]",40,45,45,74,54,50,,Sinistcha,"[{""name"": ""Hospitality"", ""is_hidden"": false}, {""name"": ""Heatproof"", ""is_hidden"": true}]",images/Poltchageist_Poltchageist.png,,2026-02-28 03:16:50,"{""Poltchageist"": ""images/Poltchageist_Poltchageist.png"", ""Counterfeit"": ""images/Poltchageist_Counterfeit.png"", ""Artisan"": ""images/Poltchageist_Artisan.png""}"
1013,Sinistcha,1013,Matcha Pokémon,"[""Grass"", ""Ghost""]",71,60,106,121,80,70,Poltchageist,,"[{""name"": ""Hospitality"", ""is_hidden"": false}, {""name"": ""Heatproof"", ""is_hidden"": true}]",images/Sinistcha_Sinistcha.png,,2026-02-28 03:16:50,"{""Sinistcha"": ""images/Sinistcha_Sinistcha.png"", ""Unremarkable"": ""images/Sinistcha_Unremarkable.png"", ""Masterpiece"": ""images/Sinistcha_Masterpiece.png""}"
1014,Okidogi,1014,Retainer Pokémon,"[""Poison"", ""Fighting""]",88,128,115,58,86,80,,,"[{""name"": ""Toxic Chain"", ""is_hidden"": false}, {""name"": ""Guard Dog"", ""is_hidden"": true}]",images/Okidogi.png,"{""male"": 100.0, ""female"": null}",2026-02-28 03:16:50,
1015,Munkidori,1015,Retainer Pokémon,"[""Poison"", ""Psychic""]",88,75,66,130,90,106,,,"[{""name"": ""Toxic Chain"", ""is_hidden"": false}, {""name"": ""Frisk"", ""is_hidden"": true}]",images/Munkidori.png,"{""male"": 100.0, ""female"": null}",2026-02-28 03:16:50,
1016,Fezandipiti,1016,Retainer Pokémon,"[""Poison"", ""Fairy""]",88,91,82,70,125,99,,,"[{""name"": ""Toxic Chain"", ""is_hidden"": false}, {""name"": ""Technician"", ""is_hidden"": true}]",images/Fezandipiti.png,"{""male"": 100.0, ""female"": null}",2026-02-28 03:16:50,
1017,Ogerpon,1017,Mask Pokémon,"[""Grass"", ""Water""]",80,120,84,60,96,110,,,"[{""name"": ""Defiant"", ""is_hidden"": false}, {""name"": ""Water Absorb"", ""is_hidden"": false}, {""name"": ""Mold Breaker"", ""is_hidden"": false}, {""name"": ""Sturdy"", ""is_hidden"": false}, {""name"": ""Embody Aspect"", ""is_hidden"": false}]",images/Ogerpon.png,"{""male"": null, ""female"": 100.0}",2026-02-28 03:16:50,
1018,Archaludon,1018,Alloy Pokémon,"[""Steel"", ""Dragon""]",90,105,130,125,65,85,Duraludon,,"[{""name"": ""Stamina"", ""is_hidden"": false}, {""name"": ""Sturdy"", ""is_hidden"": false}, {""name"": ""Stalwart"", ""is_hidden"": true}]",images/Archaludon.png,"{""male"": 50.0, ""female"": 50.0}",2026-02-28 03:16:50,
1019,Hydrapple,1019,Apple Hydra Pokémon,"[""Grass"", ""Dragon""]",106,80,110,120,80,44,Dipplin,,"[{""name"": ""Supersweet Syrup"", ""is_hidden"": false}, {""name"": ""Regenerator"", ""is_hidden"": false}, {""name"": ""Sticky Hold"", ""is_hidden"": true}]",images/Hydrapple.png,"{""male"": 50.0, ""female"": 50.0}",2026-02-28 03:16:50,
1020,Gouging Fire,1020,Paradox Pokémon,"[""Fire"", ""Dragon""]",105,115,121,65,93,91,,,[],images/Gouging_Fire.png,,2026-02-28 03:16:50,
1021,Raging Bolt,1021,Paradox Pokémon,"[""Electric"", ""Dragon""]",125,73,91,137,89,75,,,[],images/Raging_Bolt.png,,2026-02-28 03:16:50,
1022,Iron Boulder,1022,Paradox Pokémon,"[""Rock"", ""Psychic""]",90,120,80,68,108,124,,,[],images/Iron_Boulder.png,,2026-02-28 03:16:50,
1023,Iron Crown,1023,Paradox Pokémon,"[""Steel"", ""Psychic""]",90,72,100,122,108,98,,,[],images/Iron_Crown.png,,2026-02-28 03:16:50,
1024,Terapagos,1024,Tera Pokémon,"[""Normal""]",90,65,85,65,85,60,,,"[{""name"": ""Tera Shift"", ""is_hidden"": false}, {""name"": ""Tera Shell"", ""is_hidden"": false}, {""name"": ""Teraform Zero"", ""is_hidden"": false}]",images/Terapagos_Normal.png,"{""male"": 50.0, ""female"": 50.0}",2026-02-28 03:16:50,"{""Normal"": ""images/Terapagos_Normal.png"", ""Terastal"": ""images/Terapagos_Terastal.png"", ""Stellar"": ""images/Terapagos_Stellar.png"", ""Other_forms_may_have_other_shapes"": ""images/Terapagos_Other_forms_may_have_other_shapes.png""}"
1025,Pecharunt,1025,Subjugation Pokémon,"[""Poison"", ""Ghost""]",88,88,160,88,88,88,,,"[{""name"": ""Legends: Z-A"", ""is_hidden"": false}, {""name"": ""Scarlet"", ""is_hidden"": false}, {""name"": ""Violet"", ""is_hidden"": false}, {""name"": ""It feeds others toxic mochi that draw out desires and capabilities. Those who eat the mochi fall under Pecharunt’s control"", ""is_hidden"": false}, {""name"": ""chained to its will."", ""is_hidden"": false}, {""name"": ""Its peach-shaped shell serves as storage for a potent poison. It makes poisonous mochi and serves them to people and Pokémon."", ""is_hidden"": false}]",images/Pecharunt.png,,2026-02-28 03:16:50,
